"ID","Name","key","Date","season","season_start","season_end","Age","height","weight","draft_year","draft_round","draft_selection","debut_date","debut_season","still_active","athlete_position","days_to_inj","games_to_inj","Censored","raw_reason","body_part","injury_type","days_since_inj","games_since_inj","WC","Analytic","Clout","Authentic","Tone","WPS","BigWords","Dic","Linguistic","function.","pronoun","ppron","i","we","you","they","ipron","det","article","number","prep","auxverb","adverb","conj","negate","verb","adj","quantity","Drives","affiliation","achieve","power","Cognition","allnone","cogproc","insight","cause","discrep","tentat","certitude","differ","Affect","tone_pos","tone_neg","emotion","emo_pos","Social","socbehav","prosocial","comm","socrefs","male","Lifestyle","leisure","work","acquire","allure","Perception","motion","space","time","focuspast","focuspresent","focusfuture","Conversation","pos_group"
"39291","Precious Achiuwa","precious achiuwa",2022-02-18,2022,"2021-10-19","2022-06-16",22.4175222450376,80,243,2020,1,20,"2020-12-24",2020,TRUE,"PF",266,43,1,"Injury/Illness - Right Ankle; Sprain","ankle","sprain",70,27,57,47.02,9.55,87.88,74.93,8.14,7.02,89.47,71.93,59.65,17.54,14.04,10.53,1.75,1.75,0,3.51,8.77,1.75,0,21.05,8.77,8.77,5.26,0,21.05,0,3.51,1.75,1.75,0,0,31.58,1.75,19.3,1.75,1.75,5.26,1.75,7.02,3.51,3.51,3.51,0,1.75,1.75,15.79,12.28,0,12.28,3.51,0,0,0,0,0,10.53,10.53,0,8.77,5.26,0,7.02,7.02,1.75,"Forward"
"Youtube/1474.mp3","Precious Achiuwa","precious achiuwa",2022-04-07,2022,"2021-10-19","2022-06-16",22.54893908282,80,243,2020,1,20,"2020-12-24",2020,TRUE,"PF",218,20,1,"Injury/Illness - Right Ankle; Sprain","ankle","sprain",118,49,1171,5.43,55.85,96.82,73.63,12.87,10.59,96.75,83.52,65.93,27.92,20.32,10.33,0.94,5.64,1.11,7.6,11.61,5.12,0.34,12.64,10.67,8.11,6.49,2.31,23.48,4.87,2.82,5.81,2.56,2.99,0.77,28.01,1.02,15.54,7.43,1.11,1.37,1.79,2.05,3.33,3.67,3.5,0.09,1.37,1.28,14.86,3.25,0.85,1.79,12.04,2.99,2.56,0.51,1.96,0.43,13.66,8.8,2.05,5.81,3.07,3.5,7.26,1.71,1.37,"Forward"
"Youtube/2204.mp3","Precious Achiuwa","precious achiuwa",2022-03-03,2022,"2021-10-19","2022-06-16",22.4531143052704,80,243,2020,1,20,"2020-12-24",2020,TRUE,"PF",253,38,1,"Injury/Illness - Right Ankle; Sprain","ankle","sprain",83,31,791,12.11,68.14,94.74,38.53,14.65,8.85,95.7,84.32,67.51,24.02,17.19,8.6,3.79,3.16,0.13,6.83,13.91,7.71,1.39,11.63,12.64,6.95,6.07,1.64,25.79,3.03,4.55,6.45,4.3,1.52,0.76,27.69,1.52,11.88,7.71,0.76,0.63,1.52,0.63,1.52,2.02,1.64,0.38,0.76,0.63,11.76,2.28,0.13,1.14,9.61,1.52,3.03,2.15,0.63,0.88,9.99,9.61,2.02,6.45,2.65,10.75,4.55,1.52,1.14,"Forward"
"Youtube/2758.mp3","Precious Achiuwa","precious achiuwa",2021-11-21,2022,"2021-10-19","2022-06-16",22.1738535249829,80,243,2020,1,20,"2020-12-24",2020,TRUE,"PF",17,6,1,"Injury/Illness - Right Shoulder; Tendinitis","shoulder","inflammation",3,1,434,39.57,87.21,88.21,52.24,15.5,4.84,96.77,80.18,63.59,18.2,12.67,3.92,1.15,4.61,2.76,5.53,16.36,7.6,0.92,15.21,8.53,7.37,7.37,1.38,21.89,4.61,5.3,5.99,2.3,2.07,1.61,25.12,2.3,14.52,6.22,1.61,1.61,0.46,2.3,2.53,3,2.53,0.46,0.46,0.46,13.13,2.76,0.92,1.61,11.29,0.92,5.07,3.92,0.92,0.46,15.21,11.52,3,8.06,2.76,3.46,4.38,1.38,0.46,"Forward"
"Youtube/3215.mp3","Precious Achiuwa","precious achiuwa",2021-11-21,2022,"2021-10-19","2022-06-16",22.1738535249829,80,243,2020,1,20,"2020-12-24",2020,TRUE,"PF",17,6,1,"Injury/Illness - Right Shoulder; Tendinitis","shoulder","inflammation",3,1,434,39.57,87.21,88.21,52.24,14.47,4.84,96.77,80.18,63.59,18.2,12.67,3.92,1.15,4.61,2.76,5.53,16.36,7.6,0.92,15.21,8.53,7.37,7.37,1.38,21.89,4.61,5.3,5.99,2.3,2.07,1.61,25.12,2.3,14.52,6.22,1.61,1.61,0.46,2.3,2.53,3,2.53,0.46,0.46,0.46,13.13,2.76,0.92,1.61,11.29,0.92,5.07,3.92,0.92,0.46,15.21,11.52,3,8.06,2.76,3.46,4.38,1.38,0.46,"Forward"
"Youtube/3567.mp3","Precious Achiuwa","precious achiuwa",2022-04-07,2022,"2021-10-19","2022-06-16",22.54893908282,80,243,2020,1,20,"2020-12-24",2020,TRUE,"PF",218,20,1,"Injury/Illness - Right Ankle; Sprain","ankle","sprain",118,49,1170,5.33,55.86,96.73,73.67,12.58,10.6,96.75,83.59,65.9,27.95,20.34,10.34,0.94,5.64,1.11,7.61,11.62,5.13,0.34,12.56,10.68,8.12,6.5,2.31,23.5,4.96,2.82,5.81,2.56,2.99,0.77,28.03,1.03,15.56,7.44,1.11,1.37,1.79,2.05,3.33,3.68,3.5,0.09,1.37,1.28,14.87,3.25,0.85,1.79,12.05,2.99,2.56,0.51,1.97,0.43,13.76,8.72,2.05,5.73,3.08,3.5,7.26,1.71,1.37,"Forward"
"Youtube/3646.mp3","Precious Achiuwa","precious achiuwa",2021-11-21,2022,"2021-10-19","2022-06-16",22.1738535249829,80,243,2020,1,20,"2020-12-24",2020,TRUE,"PF",17,6,1,"Injury/Illness - Right Shoulder; Tendinitis","shoulder","inflammation",3,1,434,39.57,87.21,88.21,52.24,14.97,4.84,96.77,80.18,63.59,18.2,12.67,3.92,1.15,4.61,2.76,5.53,16.36,7.6,0.92,15.21,8.53,7.37,7.37,1.38,21.89,4.61,5.3,5.99,2.3,2.07,1.61,25.12,2.3,14.52,6.22,1.61,1.61,0.46,2.3,2.53,3,2.53,0.46,0.46,0.46,13.13,2.76,0.92,1.61,11.29,0.92,5.07,3.92,0.92,0.46,15.21,11.52,3,8.06,2.76,3.46,4.38,1.38,0.46,"Forward"
"Youtube/4672.mp3","Precious Achiuwa","precious achiuwa",2022-03-26,2022,"2021-10-19","2022-06-16",22.5160848733744,80,243,2020,1,20,"2020-12-24",2020,TRUE,"PF",230,26,1,"Injury/Illness - Right Ankle; Sprain","ankle","sprain",106,43,801,14.59,76.04,98.35,57.31,10.14,10.61,94.76,82.27,64.79,23.1,15.11,6.62,2.87,4.74,0.62,7.99,13.73,6.37,1,13.73,9.36,8.24,7.87,2,22.47,4.24,4.12,4.37,3.62,0.5,0.25,27.97,1.87,14.23,6.49,1.5,0.62,1.87,0.87,3,3.87,2.87,0.5,1.5,0.87,11.49,1.5,0.5,0.5,10.36,1.12,3.75,2.62,1,1,15.73,9.99,3,7.24,4.49,8.61,4.24,1.62,1.62,"Forward"
"Youtube/4716.mp3","Precious Achiuwa","precious achiuwa",2022-03-03,2022,"2021-10-19","2022-06-16",22.4531143052704,80,243,2020,1,20,"2020-12-24",2020,TRUE,"PF",253,38,1,"Injury/Illness - Right Ankle; Sprain","ankle","sprain",83,31,791,12.11,68.14,94.74,38.53,14.38,8.85,95.7,84.32,67.51,24.02,17.19,8.6,3.79,3.16,0.13,6.83,13.91,7.71,1.39,11.63,12.64,6.95,6.07,1.64,25.79,3.03,4.55,6.45,4.3,1.52,0.76,27.69,1.52,11.88,7.71,0.76,0.63,1.52,0.63,1.52,2.02,1.64,0.38,0.76,0.63,11.76,2.28,0.13,1.14,9.61,1.52,3.03,2.15,0.63,0.88,9.99,9.61,2.02,6.45,2.65,10.75,4.55,1.52,1.14,"Forward"
"Youtube/4740.mp3","Precious Achiuwa","precious achiuwa",2022-04-07,2022,"2021-10-19","2022-06-16",22.54893908282,80,243,2020,1,20,"2020-12-24",2020,TRUE,"PF",218,20,1,"Injury/Illness - Right Ankle; Sprain","ankle","sprain",118,49,1170,5.33,55.86,96.73,73.67,12.45,10.6,96.75,83.59,65.9,27.95,20.34,10.34,0.94,5.64,1.11,7.61,11.62,5.13,0.34,12.56,10.68,8.12,6.5,2.31,23.5,4.96,2.82,5.81,2.56,2.99,0.77,28.03,1.03,15.56,7.44,1.11,1.37,1.79,2.05,3.33,3.68,3.5,0.09,1.37,1.28,14.87,3.25,0.85,1.79,12.05,2.99,2.56,0.51,1.97,0.43,13.76,8.72,2.05,5.73,3.08,3.5,7.26,1.71,1.37,"Forward"
"Youtube/5906.mp3","Precious Achiuwa","precious achiuwa",2022-03-03,2022,"2021-10-19","2022-06-16",22.4531143052704,80,243,2020,1,20,"2020-12-24",2020,TRUE,"PF",253,38,1,"Injury/Illness - Right Ankle; Sprain","ankle","sprain",83,31,791,11.74,69.5,94.48,38.53,14.38,8.85,95.7,84.32,67.51,24.15,17.32,8.6,3.79,3.29,0.13,6.83,13.91,7.71,1.39,11.5,12.64,6.95,6.07,1.64,25.79,3.03,4.55,6.45,4.3,1.52,0.76,27.69,1.52,11.88,7.71,0.76,0.63,1.52,0.63,1.52,2.02,1.64,0.38,0.76,0.63,11.88,2.28,0.13,1.14,9.73,1.52,3.03,2.15,0.63,0.88,9.99,9.48,2.02,6.32,2.65,10.75,4.55,1.52,1.14,"Forward"
"Youtube/692.mp3","Precious Achiuwa","precious achiuwa",2022-03-26,2022,"2021-10-19","2022-06-16",22.5160848733744,80,243,2020,1,20,"2020-12-24",2020,TRUE,"PF",230,26,1,"Injury/Illness - Right Ankle; Sprain","ankle","sprain",106,43,803,15.16,76.54,98.47,57.21,10.71,10.71,94.77,81.94,64.51,23.04,15.07,6.6,2.74,4.98,0.62,7.97,13.45,6.23,1,14.07,9.46,8.09,7.85,1.99,22.54,4.23,4.11,4.23,3.49,0.5,0.25,28.14,1.87,14.2,6.48,1.49,0.62,1.87,0.87,2.99,3.86,2.86,0.5,1.49,0.87,11.46,1.49,0.5,0.5,10.34,1,3.86,2.74,1,1,15.69,10.09,2.99,7.35,4.48,8.59,4.36,1.62,1.62,"Forward"
"25690","Steven Adams","steven adams",2019-04-25,2019,"2018-12-20","2019-06-13",25.7631759069131,83,265,2013,1,12,"2013-10-31",2013,TRUE,"C",188,4,1,"Injury/Illness - Left knee contusion","knee","contusion",86,37,107,38.06,94.26,60.78,87.92,13.38,8.41,97.2,78.5,67.29,21.5,10.28,0.93,0,9.35,0,11.21,15.89,5.61,1.87,20.56,10.28,9.35,4.67,0.93,20.56,4.67,6.54,3.74,0.93,1.87,0.93,30.84,0,20.56,3.74,2.8,0.93,8.41,0.93,6.54,4.67,4.67,0,1.87,1.87,14.95,4.67,0.93,1.87,11.21,0.93,3.74,1.87,1.87,0.93,10.28,7.48,0.93,6.54,1.87,1.87,8.41,3.74,0,"Center"
"25690","Steven Adams","steven adams",2025-04-28,2025,"2024-10-22","2025-06-22",31.772758384668,83,265,2013,1,12,"2013-10-31",2013,TRUE,"C",191,9,1,"Injury/Illness - Left Hip Flexor; Tightness","hip","tightness",32,8,54,28.44,29.78,1,1,9,18.52,94.44,83.33,68.52,22.22,5.56,0,0,1.85,0,16.67,25.93,16.67,0,11.11,12.96,7.41,5.56,3.7,18.52,11.11,1.85,5.56,0,0,5.56,31.48,0,20.37,3.7,9.26,1.85,1.85,0,5.56,11.11,1.85,9.26,7.41,0,14.81,9.26,0,0,5.56,3.7,1.85,1.85,0,0,1.85,1.85,0,0,0,1.85,9.26,1.85,0,"Center"
"33788","Bam Adebayo","bam adebayo",2022-05-27,2022,"2021-10-19","2022-06-16",24.8569472963723,81,260,2017,1,14,"2017-10-18",2017,TRUE,"C",173,15,1,"Injury/Illness - Left Knee; Contusion","knee","contusion",132,54,74,89.52,77.82,45.99,62.77,18.5,9.46,86.49,71.62,59.46,16.22,10.81,4.05,4.05,0,0,5.41,16.22,9.46,4.05,20.27,8.11,2.7,2.7,0,16.22,2.7,5.41,8.11,4.05,2.7,1.35,17.57,2.7,6.76,2.7,1.35,0,0,0,2.7,2.7,2.7,0,1.35,1.35,12.16,2.7,0,1.35,9.46,2.7,2.7,1.35,0,1.35,9.46,10.81,1.35,9.46,0,6.76,2.7,0,0,"Center"
"33788","Bam Adebayo","bam adebayo",2020-10-05,2020,"2019-10-22","2020-10-11",23.2169746748802,81,260,2017,1,14,"2017-10-18",2017,TRUE,"C",150,36,1,"Injury/Illness - Left Knee; Tendinitis","knee","inflammation",1,0,54,6.03,8.59,86.01,99,9,12.96,100,77.78,59.26,18.52,14.81,11.11,0,0,3.7,3.7,5.56,5.56,0,16.67,18.52,11.11,9.26,1.85,29.63,5.56,1.85,9.26,0,5.56,3.7,33.33,0,11.11,0,0,3.7,1.85,1.85,3.7,9.26,9.26,0,0,0,11.11,1.85,0,1.85,9.26,0,9.26,3.7,5.56,3.7,11.11,11.11,0,7.41,5.56,0,14.81,12.96,0,"Center"
"33788","Bam Adebayo","bam adebayo",2020-09-29,2020,"2019-10-22","2020-10-11",23.2005475701574,81,260,2017,1,14,"2017-10-18",2017,TRUE,"C",3,1,1,"Injury/Illness - Neck; Strain","neck","strain",649,141,62,1.58,92.62,69.74,70.91,15.5,9.68,91.94,85.48,66.13,22.58,16.13,1.61,4.84,3.23,6.45,6.45,12.9,3.23,1.61,12.9,14.52,12.9,8.06,3.23,25.81,8.06,1.61,8.06,4.84,0,3.23,25.81,1.61,11.29,1.61,0,1.61,1.61,1.61,6.45,6.45,4.84,1.61,0,0,17.74,3.23,0,1.61,14.52,0,1.61,1.61,0,4.84,9.68,11.29,1.61,8.06,3.23,3.23,11.29,0,0,"Center"
"33788","Bam Adebayo","bam adebayo",2020-09-19,2020,"2019-10-22","2020-10-11",23.1731690622861,81,260,2017,1,14,"2017-10-18",2017,TRUE,"C",13,4,1,"Injury/Illness - Neck; Strain","neck","strain",639,137,62,51.31,88.59,91.84,0,15.5,4.84,96.77,88.71,74.19,19.35,11.29,1.61,9.68,0,0,8.06,19.35,9.68,6.45,17.74,6.45,4.84,8.06,4.84,19.35,8.06,8.06,16.13,12.9,3.23,0,24.19,1.61,17.74,6.45,1.61,4.84,1.61,0,6.45,0,0,0,0,0,12.9,3.23,3.23,0,12.9,0,1.61,1.61,0,1.61,11.29,11.29,4.84,6.45,4.84,0,8.06,0,0,"Center"
"33788","Bam Adebayo","bam adebayo",2020-09-15,2020,"2019-10-22","2020-10-11",23.1622176591376,81,260,2017,1,14,"2017-10-18",2017,TRUE,"C",17,6,1,"Injury/Illness - Neck; Strain","neck","strain",635,135,50,51.7,40.06,75.94,99,16.67,4,92,80,60,26,18,10,2,2,0,8,16,12,0,12,6,2,6,0,20,4,4,2,2,0,0,20,0,14,8,4,0,0,0,2,8,8,0,0,0,10,2,0,0,8,4,8,6,2,2,14,8,2,2,2,14,2,0,0,"Center"
"33788","Bam Adebayo","bam adebayo",2020-02-15,2020,"2019-10-22","2020-10-11",22.5790554414784,81,260,2017,1,14,"2017-10-18",2017,TRUE,"C",230,35,1,"Injury/Illness - Neck; Strain","neck","strain",422,107,50,45.65,3.95,99,0,10,10,100,82,68,24,20,16,0,2,2,4,16,8,4,18,8,4,8,0,18,4,4,2,0,2,0,22,0,10,2,2,0,4,0,2,0,0,0,0,0,6,0,0,0,6,2,2,0,2,4,10,14,4,10,4,10,2,0,2,"Center"
"33788","Bam Adebayo","bam adebayo",2023-05-29,2023,"2022-10-18","2023-06-12",25.8617385352498,81,260,2017,1,14,"2017-10-18",2017,TRUE,"C",154,8,1,"Injury/Illness - Left Hip; Contusion","hip","contusion",52,20,68,29.85,85.94,46.57,95.42,13.6,17.65,91.18,82.35,61.76,19.12,10.29,2.94,4.41,0,1.47,8.82,13.24,8.82,0,13.24,10.29,8.82,4.41,2.94,23.53,7.35,2.94,5.88,5.88,0,0,19.12,2.94,7.35,1.47,1.47,1.47,0,2.94,0,8.82,7.35,1.47,4.41,2.94,10.29,1.47,1.47,0,10.29,1.47,1.47,1.47,0,0,8.82,11.76,5.88,7.35,2.94,4.41,4.41,4.41,0,"Center"
"33788","Bam Adebayo","bam adebayo",2023-06-12,2023,"2022-10-18","2023-06-12",25.9000684462697,81,260,2017,1,14,"2017-10-18",2017,TRUE,"C",140,3,1,"Injury/Illness - Left Hip; Contusion","hip","contusion",66,25,51,83.1,98.21,95.46,80.19,51,21.57,92.16,72.55,58.82,11.76,5.88,0,5.88,0,0,5.88,13.73,9.8,1.96,17.65,7.84,3.92,5.88,1.96,17.65,1.96,3.92,5.88,5.88,0,0,23.53,1.96,5.88,0,1.96,0,0,1.96,1.96,3.92,3.92,0,0,0,13.73,0,0,0,13.73,5.88,1.96,1.96,0,1.96,13.73,13.73,3.92,11.76,9.8,3.92,0,3.92,0,"Center"
"33788","Bam Adebayo","bam adebayo",2023-06-06,2023,"2022-10-18","2023-06-12",25.8836413415469,81,260,2017,1,14,"2017-10-18",2017,TRUE,"C",146,6,1,"Injury/Illness - Left Hip; Contusion","hip","contusion",60,23,58,53.16,30.46,86.26,74.09,9.67,10.34,91.38,77.59,58.62,15.52,12.07,6.9,0,0,1.72,3.45,10.34,10.34,0,13.79,10.34,8.62,3.45,1.72,22.41,5.17,1.72,5.17,3.45,1.72,0,29.31,0,12.07,1.72,1.72,0,1.72,3.45,1.72,3.45,3.45,0,1.72,1.72,17.24,8.62,1.72,8.62,8.62,6.9,3.45,0,1.72,1.72,8.62,10.34,1.72,10.34,5.17,12.07,1.72,0,1.72,"Center"
"25070","Kyle Anderson","kyle anderson",2022-05-09,2022,"2021-10-19","2022-06-16",28.6324435318275,80,230,2014,1,30,"2014-10-29",2014,TRUE,"F",167,4,1,"Injury/Illness - Back; Spasms","back","spasm",1146,222,63,25.13,97.11,56.69,99,7,6.35,95.24,76.19,55.56,22.22,17.46,3.17,6.35,1.59,6.35,4.76,14.29,7.94,3.17,11.11,7.94,7.94,3.17,3.17,22.22,3.17,4.76,7.94,7.94,0,0,34.92,1.59,19.05,3.17,4.76,0,3.17,3.17,4.76,9.52,9.52,0,1.59,1.59,17.46,1.59,1.59,0,17.46,0,6.35,6.35,0,3.17,6.35,3.17,0,1.59,6.35,11.11,3.17,0,0,"Forward"
"Youtube/1462.mp3","Kyle Anderson","kyle anderson",2021-04-07,2021,"2020-12-22","2021-07-20",27.5455167693361,80,230,2014,1,30,"2014-10-29",2014,TRUE,"F",564,112,1,"Injury/Illness - Back; Spasms","back","spasm",749,114,325,15.68,89.92,89.14,28.45,10.16,9.54,95.69,83.69,62.77,22.77,14.46,4.92,2.77,4.31,1.85,8.31,12,5.85,0.92,14.77,10.15,8,7.69,1.85,24.92,4.92,3.38,7.08,3.69,1.54,1.85,30.77,1.23,14.77,6.46,0,2.46,3.69,0.92,1.85,4,2.15,1.54,1.85,0.92,13.85,2.77,0.92,0.62,11.69,1.54,3.08,0.92,2.15,1.85,13.23,9.23,2.77,6.46,5.54,2.15,8,2.77,3.69,"Forward"
"Youtube/1574.mp3","Kyle Anderson","kyle anderson",2021-04-30,2021,"2020-12-22","2021-07-20",27.6084873374401,80,230,2014,1,30,"2014-10-29",2014,TRUE,"F",541,99,1,"Injury/Illness - Back; Spasms","back","spasm",772,127,602,12.25,99,88.55,82.85,13.09,7.48,96.18,80.73,60.3,22.43,14.45,2.49,4.15,6.98,0,7.97,10.63,4.98,1.16,12.79,11.13,6.98,7.31,1.83,25.08,4.32,3.65,7.97,6.15,0.5,1.33,28.74,0.66,15.45,6.98,1,2.33,2.66,0.5,2.66,5.32,4.65,0.5,1.66,1.33,15.95,1.66,1,0.5,14.95,2.33,4.65,3.32,0.83,2.33,15.28,9.47,2.16,7.48,6.15,1.83,9.63,1.33,3.16,"Forward"
"Youtube/2118.mp3","Kyle Anderson","kyle anderson",2021-04-06,2021,"2020-12-22","2021-07-20",27.5427789185489,80,230,2014,1,30,"2014-10-29",2014,TRUE,"F",565,113,1,"Injury/Illness - Back; Spasms","back","spasm",748,113,326,15.3,91.38,88.88,28.42,10.19,9.51,95.71,83.74,62.88,23.01,14.72,4.91,2.76,4.6,1.84,8.28,11.96,5.83,0.92,14.72,10.12,7.98,7.67,1.84,24.85,4.91,3.37,7.06,3.68,1.53,1.84,30.67,1.23,14.72,6.44,0,2.45,3.68,0.92,1.84,3.99,2.15,1.53,1.84,0.92,14.11,2.76,0.92,0.61,11.96,1.53,3.07,0.92,2.15,1.84,13.19,9.2,2.76,6.44,5.52,2.15,7.98,2.76,3.68,"Forward"
"Youtube/2324.mp3","Kyle Anderson","kyle anderson",2021-03-17,2021,"2020-12-22","2021-07-20",27.4880219028063,80,230,2014,1,30,"2014-10-29",2014,TRUE,"F",585,124,1,"Injury/Illness - Back; Spasms","back","spasm",728,102,382,11.41,99,78.74,90.31,10.91,8.9,93.19,81.94,61.52,24.61,18.59,3.14,8.38,6.28,0.26,6.02,11.78,7.07,1.57,9.69,9.16,7.33,6.54,1.57,24.08,4.97,3.14,12.83,9.69,0.79,2.36,27.75,1.57,16.49,8.38,1.05,1.57,2.09,1.57,2.62,5.5,5.24,0.26,1.57,1.31,17.8,1.83,1.05,0,16.49,0.26,1.83,0.79,0.79,2.88,12.57,8.64,2.62,5.24,2.36,4.19,4.45,1.31,2.88,"Forward"
"Youtube/2596.mp3","Kyle Anderson","kyle anderson",2021-04-07,2021,"2020-12-22","2021-07-20",27.5455167693361,80,230,2014,1,30,"2014-10-29",2014,TRUE,"F",564,112,1,"Injury/Illness - Back; Spasms","back","spasm",749,114,325,15.68,89.92,89.14,28.45,10.16,9.54,95.69,83.69,62.77,22.77,14.46,4.92,2.77,4.31,1.85,8.31,12,5.85,0.92,14.77,10.15,8,7.69,1.85,24.92,4.92,3.38,7.08,3.69,1.54,1.85,30.77,1.23,14.77,6.46,0,2.46,3.69,0.92,1.85,4,2.15,1.54,1.85,0.92,13.85,2.77,0.92,0.62,11.69,1.54,3.08,0.92,2.15,1.85,13.23,9.23,2.77,6.46,5.54,2.15,8,2.77,3.69,"Forward"
"Youtube/2787.mp3","Kyle Anderson","kyle anderson",2021-04-30,2021,"2020-12-22","2021-07-20",27.6084873374401,80,230,2014,1,30,"2014-10-29",2014,TRUE,"F",541,99,1,"Injury/Illness - Back; Spasms","back","spasm",772,127,602,12.25,99,88.55,82.85,13.38,7.48,96.18,80.73,60.3,22.43,14.45,2.49,4.15,6.98,0,7.97,10.63,4.98,1.16,12.79,11.13,6.98,7.31,1.83,25.08,4.32,3.65,7.97,6.15,0.5,1.33,28.74,0.66,15.45,6.98,1,2.33,2.66,0.5,2.66,5.32,4.65,0.5,1.66,1.33,15.95,1.66,1,0.5,14.95,2.33,4.65,3.32,0.83,2.33,15.28,9.47,2.16,7.48,6.15,1.83,9.63,1.33,3.16,"Forward"
"Youtube/3401.mp3","Kyle Anderson","kyle anderson",2021-03-17,2021,"2020-12-22","2021-07-20",27.4880219028063,80,230,2014,1,30,"2014-10-29",2014,TRUE,"F",585,124,1,"Injury/Illness - Back; Spasms","back","spasm",728,102,382,11.41,99,78.74,90.31,10.91,8.9,93.19,81.94,61.52,24.61,18.59,3.14,8.38,6.28,0.26,6.02,11.78,7.07,1.57,9.69,9.16,7.33,6.54,1.57,24.08,4.97,3.14,12.83,9.69,0.79,2.36,27.75,1.57,16.49,8.38,1.05,1.57,2.09,1.57,2.62,5.5,5.24,0.26,1.57,1.31,17.8,1.83,1.05,0,16.49,0.26,1.83,0.79,0.79,2.88,12.57,8.64,2.62,5.24,2.36,4.19,4.45,1.31,2.88,"Forward"
"Youtube/3570.mp3","Kyle Anderson","kyle anderson",2021-04-07,2021,"2020-12-22","2021-07-20",27.5455167693361,80,230,2014,1,30,"2014-10-29",2014,TRUE,"F",564,112,1,"Injury/Illness - Back; Spasms","back","spasm",749,114,325,15.68,89.92,89.14,28.45,10.16,9.54,95.69,83.69,62.77,22.77,14.46,4.92,2.77,4.31,1.85,8.31,12,5.85,0.92,14.77,10.15,8,7.69,1.85,24.92,4.92,3.38,7.08,3.69,1.54,1.85,30.77,1.23,14.77,6.46,0,2.46,3.69,0.92,1.85,4,2.15,1.54,1.85,0.92,13.85,2.77,0.92,0.62,11.69,1.54,3.08,0.92,2.15,1.85,13.23,9.23,2.77,6.46,5.54,2.15,8,2.77,3.69,"Forward"
"Youtube/3619.mp3","Kyle Anderson","kyle anderson",2021-04-30,2021,"2020-12-22","2021-07-20",27.6084873374401,80,230,2014,1,30,"2014-10-29",2014,TRUE,"F",541,99,1,"Injury/Illness - Back; Spasms","back","spasm",772,127,602,12.25,99,88.55,82.85,13.38,7.48,96.18,80.73,60.3,22.43,14.45,2.49,4.15,6.98,0,7.97,10.63,4.98,1.16,12.79,11.13,6.98,7.31,1.83,25.08,4.32,3.65,7.97,6.15,0.5,1.33,28.74,0.66,15.45,6.98,1,2.33,2.66,0.5,2.66,5.32,4.65,0.5,1.66,1.33,15.95,1.66,1,0.5,14.95,2.33,4.65,3.32,0.83,2.33,15.28,9.47,2.16,7.48,6.15,1.83,9.63,1.33,3.16,"Forward"
"Youtube/3873.mp3","Kyle Anderson","kyle anderson",2021-04-06,2021,"2020-12-22","2021-07-20",27.5427789185489,80,230,2014,1,30,"2014-10-29",2014,TRUE,"F",565,113,1,"Injury/Illness - Back; Spasms","back","spasm",748,113,326,15.3,91.38,88.88,28.42,10.19,9.51,95.71,83.74,62.88,23.01,14.72,4.91,2.76,4.6,1.84,8.28,11.96,5.83,0.92,14.72,10.12,7.98,7.67,1.84,24.85,4.91,3.37,7.06,3.68,1.53,1.84,30.67,1.23,14.72,6.44,0,2.45,3.68,0.92,1.84,3.99,2.15,1.53,1.84,0.92,14.11,2.76,0.92,0.61,11.96,1.53,3.07,0.92,2.15,1.84,13.19,9.2,2.76,6.44,5.52,2.15,7.98,2.76,3.68,"Forward"
"Youtube/462.mp3","Kyle Anderson","kyle anderson",2021-04-06,2021,"2020-12-22","2021-07-20",27.5427789185489,80,230,2014,1,30,"2014-10-29",2014,TRUE,"F",565,113,1,"Injury/Illness - Back; Spasms","back","spasm",748,113,325,15.68,89.92,89.14,28.45,10.16,9.54,95.69,83.69,62.77,22.77,14.46,4.92,2.77,4.31,1.85,8.31,12,5.85,0.92,14.77,10.15,8,7.69,1.85,24.92,4.92,3.38,7.08,3.69,1.54,1.85,30.77,1.23,14.77,6.46,0,2.46,3.69,0.92,1.85,4,2.15,1.54,1.85,0.92,13.85,2.77,0.92,0.62,11.69,1.54,3.08,0.92,2.15,1.85,13.23,9.23,2.77,6.46,5.54,2.15,8,2.77,3.69,"Forward"
"Youtube/493.mp3","Kyle Anderson","kyle anderson",2021-04-07,2021,"2020-12-22","2021-07-20",27.5455167693361,80,230,2014,1,30,"2014-10-29",2014,TRUE,"F",564,112,1,"Injury/Illness - Back; Spasms","back","spasm",749,114,328,14.55,92.6,88.35,28.37,10.25,9.45,95.73,83.84,63.11,23.17,14.94,4.88,2.74,4.88,1.83,8.23,11.89,5.79,0.91,14.63,10.37,7.93,7.62,1.83,25,4.88,3.35,7.01,3.66,1.52,1.83,30.79,1.22,14.63,6.4,0,2.44,3.66,0.91,1.83,3.96,2.13,1.52,1.83,0.91,14.33,2.74,0.91,0.61,12.2,1.52,3.05,0.91,2.13,1.83,13.11,9.15,2.74,6.4,5.49,2.13,8.23,2.74,3.66,"Forward"
"Youtube/5009.mp3","Kyle Anderson","kyle anderson",2021-03-17,2021,"2020-12-22","2021-07-20",27.4880219028063,80,230,2014,1,30,"2014-10-29",2014,TRUE,"F",585,124,1,"Injury/Illness - Back; Spasms","back","spasm",728,102,382,11.41,99,78.74,90.31,10.91,8.9,93.19,81.94,61.52,24.61,18.59,3.14,8.38,6.28,0.26,6.02,11.78,7.07,1.57,9.69,9.16,7.33,6.54,1.57,24.08,4.97,3.14,12.83,9.69,0.79,2.36,27.75,1.57,16.49,8.38,1.05,1.57,2.09,1.57,2.62,5.5,5.24,0.26,1.57,1.31,17.8,1.83,1.05,0,16.49,0.26,1.83,0.79,0.79,2.88,12.57,8.64,2.62,5.24,2.36,4.19,4.45,1.31,2.88,"Forward"
"Youtube/661.mp3","Kyle Anderson","kyle anderson",2021-04-07,2021,"2020-12-22","2021-07-20",27.5455167693361,80,230,2014,1,30,"2014-10-29",2014,TRUE,"F",564,112,1,"Injury/Illness - Back; Spasms","back","spasm",749,114,325,15.68,89.92,89.14,28.45,10.48,9.54,95.69,83.69,62.77,22.77,14.46,4.92,2.77,4.31,1.85,8.31,12,5.85,0.92,14.77,10.15,8,7.69,1.85,24.92,4.92,3.38,7.08,3.69,1.54,1.85,30.77,1.23,14.77,6.46,0,2.46,3.69,0.92,1.85,4,2.15,1.54,1.85,0.92,13.85,2.77,0.92,0.62,11.69,1.54,3.08,0.92,2.15,1.85,13.23,9.23,2.77,6.46,5.54,2.15,8,2.77,3.69,"Forward"
"25691","Giannis Antetokounmpo","giannis antetokounmpo",2022-02-20,2022,"2021-10-19","2022-06-16",27.2087611225188,83,243,2013,1,15,"2013-10-30",2013,TRUE,"F",371,79,1,"Injury/Illness - Right Quad; Contusion","quadriceps","contusion",100,37,74,6.56,98.5,99,81.75,14.8,12.16,94.59,70.27,58.11,18.92,12.16,2.7,0,6.76,2.7,6.76,6.76,1.35,0,12.16,14.86,8.11,5.41,2.7,22.97,4.05,1.35,0,0,0,0,29.73,2.7,13.51,4.05,2.7,2.7,2.7,0,1.35,5.41,4.05,0,2.7,1.35,21.62,5.41,0,1.35,16.22,5.41,2.7,2.7,0,0,8.11,20.27,5.41,13.51,6.76,4.05,5.41,4.05,0,"Forward"
"25691","Giannis Antetokounmpo","giannis antetokounmpo",2022-02-19,2022,"2021-10-19","2022-06-16",27.2060232717317,83,243,2013,1,15,"2013-10-30",2013,TRUE,"F",372,80,1,"Injury/Illness - Right Quad; Contusion","quadriceps","contusion",99,37,76,40.49,99,97.49,39.38,12.67,13.16,93.42,77.63,64.47,21.05,19.74,5.26,0,13.16,1.32,1.32,17.11,10.53,3.95,13.16,11.84,2.63,6.58,1.32,17.11,3.95,10.53,2.63,0,0,2.63,26.32,3.95,7.89,3.95,0,0,0,1.32,2.63,1.32,1.32,0,1.32,1.32,19.74,2.63,0,2.63,17.11,1.32,3.95,1.32,2.63,0,10.53,7.89,1.32,6.58,9.21,2.63,6.58,1.32,2.63,"Forward"
"25691","Giannis Antetokounmpo","giannis antetokounmpo",2021-07-20,2021,"2020-12-22","2021-07-20",26.6201232032854,83,243,2013,1,15,"2013-10-30",2013,TRUE,"F",115,12,1,"Injury/Illness - Right Ankle; Sprain","ankle","sprain",17,5,90,10.19,13.82,99,97.84,15,13.33,96.67,80,63.33,17.78,13.33,8.89,3.33,0,1.11,4.44,13.33,5.56,1.11,12.22,11.11,13.33,4.44,4.44,23.33,3.33,3.33,11.11,6.67,3.33,1.11,22.22,3.33,7.78,2.22,0,1.11,0,0,4.44,8.89,7.78,1.11,1.11,1.11,10,2.22,2.22,0,8.89,1.11,5.56,4.44,1.11,1.11,15.56,8.89,1.11,8.89,6.67,6.67,1.11,2.22,0,"Forward"
"25691","Giannis Antetokounmpo","giannis antetokounmpo",2021-07-17,2021,"2020-12-22","2021-07-20",26.611909650924,83,243,2013,1,15,"2013-10-30",2013,TRUE,"F",118,13,1,"Injury/Illness - Right Ankle; Sprain","ankle","sprain",14,4,73,54.5,98.63,9.7,82.37,24.33,9.59,97.26,78.08,63.01,15.07,9.59,1.37,4.11,0,0,5.48,13.7,9.59,0,16.44,8.22,8.22,9.59,0,19.18,2.74,1.37,13.7,9.59,4.11,0,26.03,4.11,15.07,4.11,4.11,4.11,0,1.37,1.37,9.59,6.85,2.74,4.11,2.74,17.81,6.85,5.48,0,15.07,4.11,5.48,4.11,1.37,0,10.96,8.22,1.37,6.85,4.11,2.74,4.11,5.48,0,"Forward"
"25691","Giannis Antetokounmpo","giannis antetokounmpo",2021-07-13,2021,"2020-12-22","2021-07-20",26.6009582477755,83,243,2013,1,15,"2013-10-30",2013,TRUE,"F",122,15,1,"Injury/Illness - Right Ankle; Sprain","ankle","sprain",10,3,66,32.02,91.07,99,96.12,11,9.09,100,86.36,65.15,22.73,15.15,6.06,9.09,0,0,7.58,18.18,4.55,3.03,15.15,10.61,3.03,4.55,1.52,21.21,6.06,10.61,10.61,10.61,0,0,28.79,3.03,9.09,6.06,0,0,1.52,0,3.03,6.06,6.06,0,1.52,1.52,15.15,1.52,1.52,0,12.12,0,7.58,3.03,3.03,1.52,21.21,13.64,0,9.09,9.09,7.58,7.58,0,0,"Forward"
"25691","Giannis Antetokounmpo","giannis antetokounmpo",2021-07-11,2021,"2020-12-22","2021-07-20",26.5954825462012,83,243,2013,1,15,"2013-10-30",2013,TRUE,"F",124,15,1,"Injury/Illness - Right Ankle; Sprain","ankle","sprain",8,2,115,63.02,35.09,98.09,61.25,16.43,8.7,93.91,75.65,56.52,13.91,6.96,3.48,2.61,0,0,6.96,20,14.78,2.61,10.43,11.3,3.48,6.09,2.61,24.35,8.7,9.57,4.35,2.61,1.74,0,28.7,5.22,11.3,3.48,0,0.87,1.74,0.87,6.09,4.35,3.48,0.87,1.74,0.87,9.57,0.87,0,0,8.7,4.35,0,0,0,1.74,13.91,17.39,6.09,8.7,3.48,1.74,13.04,1.74,0,"Forward"
"25691","Giannis Antetokounmpo","giannis antetokounmpo",2021-07-08,2021,"2020-12-22","2021-07-20",26.5872689938398,83,243,2013,1,15,"2013-10-30",2013,TRUE,"F",127,16,1,"Injury/Illness - Right Ankle; Sprain","ankle","sprain",5,1,106,2.94,62.44,99,88.29,15.14,9.43,98.11,83.02,69.81,23.58,16.04,7.55,0,8.49,0,7.55,14.15,3.77,0,14.15,11.32,13.21,8.49,2.83,22.64,2.83,1.89,4.72,1.89,2.83,0,31.13,1.89,17.92,3.77,2.83,2.83,5.66,0,3.77,4.72,4.72,0,0,0,13.21,4.72,1.89,1.89,9.43,0,4.72,2.83,1.89,0,9.43,16.98,1.89,15.09,4.72,2.83,6.6,0.94,0,"Forward"
"25691","Giannis Antetokounmpo","giannis antetokounmpo",2021-06-25,2021,"2020-12-22","2021-07-20",26.5516769336071,83,243,2013,1,15,"2013-10-30",2013,TRUE,"F",6,2,1,"Injury/Illness - Left Knee; Hyperextension","knee","hyperextension",56,20,51,40.88,2.18,90.94,0,12.75,5.88,88.24,82.35,58.82,17.65,13.73,11.76,0,0,0,3.92,15.69,7.84,3.92,13.73,3.92,7.84,11.76,0,21.57,5.88,3.92,5.88,1.96,3.92,0,19.61,0,11.76,3.92,0,3.92,0,0,3.92,0,0,0,0,0,3.92,0,0,0,3.92,1.96,0,0,0,1.96,3.92,7.84,3.92,3.92,3.92,11.76,0,3.92,3.92,"Forward"
"25691","Giannis Antetokounmpo","giannis antetokounmpo",2021-03-07,2021,"2020-12-22","2021-07-20",26.2505133470226,83,243,2013,1,15,"2013-10-30",2013,TRUE,"F",15,5,1,"Injury/Illness - Left Knee; Sprain","knee","sprain",209,45,77,33.77,1,88.28,99,25.67,10.39,97.4,79.22,64.94,16.88,12.99,12.99,0,0,0,3.9,12.99,9.09,0,15.58,11.69,11.69,5.19,1.3,18.18,5.19,2.6,7.79,0,7.79,0,29.87,2.6,16.88,5.19,1.3,2.6,1.3,3.9,2.6,14.29,12.99,1.3,3.9,2.6,1.3,0,0,0,1.3,0,6.49,2.6,1.3,0,9.09,5.19,0,2.6,3.9,9.09,2.6,0,0,"Forward"
"25691","Giannis Antetokounmpo","giannis antetokounmpo",2020-02-16,2020,"2019-10-22","2020-10-11",25.1964407939767,83,243,2013,1,15,"2013-10-30",2013,TRUE,"F",21,9,1,"Injury/Illness - Left Knee; Joint Capsule Sprain","knee","sprain",322,66,64,19.03,94.84,23.08,43.51,10.67,14.06,87.5,73.44,68.75,17.19,10.94,4.69,6.25,0,0,6.25,10.94,7.81,1.56,12.5,18.75,12.5,0,0,20.31,3.13,1.56,10.94,10.94,0,0,23.44,0,4.69,1.56,0,0,0,3.13,0,4.69,3.13,1.56,3.13,1.56,18.75,7.81,0,3.13,10.94,1.56,1.56,0,1.56,0,7.81,6.25,0,6.25,1.56,15.63,1.56,3.13,0,"Forward"
"25691","Giannis Antetokounmpo","giannis antetokounmpo",2020-02-15,2020,"2019-10-22","2020-10-11",25.1937029431896,83,243,2013,1,15,"2013-10-30",2013,TRUE,"F",22,10,1,"Injury/Illness - Left Knee; Joint Capsule Sprain","knee","sprain",321,66,58,37.7,22.04,7.91,99,11.6,20.69,89.66,68.97,50,15.52,5.17,1.72,0,3.45,0,10.34,15.52,5.17,5.17,6.9,6.9,0,8.62,1.72,17.24,8.62,10.34,8.62,0,8.62,3.45,22.41,0,17.24,0,3.45,5.17,1.72,0,6.9,8.62,8.62,0,1.72,1.72,5.17,1.72,0,0,3.45,0,3.45,3.45,0,0,3.45,6.9,0,5.17,1.72,0,6.9,1.72,0,"Forward"
"25691","Giannis Antetokounmpo","giannis antetokounmpo",2019-05-25,2019,"2018-12-20","2019-06-13",24.4654346338125,83,243,2013,1,15,"2013-10-30",2013,TRUE,"F",288,58,1,"Injury/Illness - Left Knee; Joint Capsule Sprain","knee","sprain",55,17,77,49.02,93.41,41.14,79.89,12.83,11.69,92.21,79.22,57.14,12.99,9.09,0,6.49,0,2.6,3.9,16.88,10.39,2.6,10.39,7.79,6.49,9.09,1.3,27.27,7.79,5.19,16.88,10.39,5.19,2.6,27.27,0,16.88,2.6,5.19,0,0,3.9,5.19,6.49,5.19,1.3,0,0,12.99,3.9,2.6,0,11.69,0,2.6,1.3,1.3,2.6,12.99,10.39,3.9,5.19,0,9.09,3.9,5.19,0,"Forward"
"25691","Giannis Antetokounmpo","giannis antetokounmpo",2019-05-17,2019,"2018-12-20","2019-06-13",24.4435318275154,83,243,2013,1,15,"2013-10-30",2013,TRUE,"F",296,62,1,"Injury/Illness - Left Knee; Joint Capsule Sprain","knee","sprain",47,13,80,62.1,75.49,63.35,0,20,5,93.75,76.25,58.75,16.25,11.25,7.5,2.5,1.25,0,5,17.5,13.75,0,13.75,10,5,8.75,0,26.25,1.25,3.75,10,7.5,1.25,1.25,25,1.25,7.5,3.75,1.25,0,0,2.5,0,0,0,0,0,0,11.25,6.25,5,0,10,0,6.25,5,1.25,3.75,5,5,0,1.25,7.5,6.25,6.25,2.5,0,"Forward"
"25691","Giannis Antetokounmpo","giannis antetokounmpo",2019-05-17,2019,"2018-12-20","2019-06-13",24.4435318275154,83,243,2013,1,15,"2013-10-30",2013,TRUE,"F",296,62,1,"Injury/Illness - Left Knee; Joint Capsule Sprain","knee","sprain",47,13,50,39.7,63.73,85.71,0,12.5,8,92,78,62,20,14,10,4,0,0,6,18,12,0,14,12,6,8,0,28,0,2,12,8,2,2,28,2,6,4,0,0,0,2,0,0,0,0,0,0,10,4,4,0,10,0,6,4,2,4,4,4,0,0,10,6,8,0,0,"Forward"
"25691","Giannis Antetokounmpo","giannis antetokounmpo",2019-05-16,2019,"2018-12-20","2019-06-13",24.4407939767283,83,243,2013,1,15,"2013-10-30",2013,TRUE,"F",297,63,1,"Injury/Illness - Left Knee; Joint Capsule Sprain","knee","sprain",46,13,59,29.33,2.09,99,45.75,11.8,8.47,96.61,83.05,62.71,15.25,11.86,11.86,0,0,0,3.39,8.47,1.69,1.69,22.03,3.39,13.56,15.25,0,15.25,11.86,8.47,0,0,0,0,13.56,0,8.47,0,0,1.69,6.78,0,0,1.69,1.69,0,0,0,0,0,0,0,0,0,10.17,1.69,0,3.39,15.25,15.25,6.78,13.56,10.17,0,3.39,0,0,"Forward"
"25691","Giannis Antetokounmpo","giannis antetokounmpo",2019-05-15,2019,"2018-12-20","2019-06-13",24.4380561259411,83,243,2013,1,15,"2013-10-30",2013,TRUE,"F",298,63,1,"Injury/Illness - Left Knee; Joint Capsule Sprain","knee","sprain",45,12,58,32.86,85.25,13.6,91.69,14.5,6.9,89.66,72.41,55.17,13.79,13.79,1.72,0,0,3.45,0,12.07,6.9,0,10.34,8.62,6.9,10.34,0,20.69,5.17,1.72,1.72,0,1.72,0,17.24,1.72,8.62,1.72,0,1.72,1.72,1.72,3.45,5.17,5.17,0,1.72,1.72,13.79,0,0,0,13.79,10.34,5.17,0,5.17,1.72,12.07,13.79,5.17,10.34,0,3.45,3.45,0,0,"Forward"
"25691","Giannis Antetokounmpo","giannis antetokounmpo",2019-05-14,2019,"2018-12-20","2019-06-13",24.435318275154,83,243,2013,1,15,"2013-10-30",2013,TRUE,"F",299,64,1,"Injury/Illness - Left Knee; Joint Capsule Sprain","knee","sprain",44,12,62,20.52,99,10.77,99,10.33,9.68,98.39,83.87,62.9,17.74,14.52,3.23,11.29,0,0,3.23,11.29,8.06,1.61,9.68,12.9,9.68,3.23,1.61,24.19,9.68,3.23,19.35,11.29,8.06,0,22.58,1.61,16.13,4.84,0,9.68,1.61,0,1.61,12.9,11.29,1.61,3.23,1.61,12.9,0,0,0,12.9,0,11.29,11.29,0,1.61,9.68,9.68,3.23,6.45,1.61,3.23,4.84,4.84,0,"Forward"
"25691","Giannis Antetokounmpo","giannis antetokounmpo",2019-02-16,2019,"2018-12-20","2019-06-13",24.1971252566735,83,243,2013,1,15,"2013-10-30",2013,TRUE,"F",31,13,1,"Injury/Illness - Right ankle sprain","ankle","sprain",57,25,103,1.72,82.08,15.91,79.74,14.71,9.71,93.2,75.73,71.84,25.24,13.59,4.85,4.85,0,3.88,11.65,13.59,5.83,0,13.59,17.48,5.83,12.62,2.91,22.33,2.91,3.88,8.74,5.83,0,2.91,21.36,0.97,8.74,1.94,0,1.94,1.94,0,3.88,3.88,3.88,0,1.94,1.94,14.56,2.91,0.97,0,14.56,2.91,3.88,2.91,0.97,0,3.88,4.85,0,0.97,2.91,5.83,6.8,1.94,0,"Forward"
"25691","Giannis Antetokounmpo","giannis antetokounmpo",2024-02-17,2024,"2023-10-24","2024-06-17",29.1991786447639,83,243,2013,1,15,"2013-10-30",2013,TRUE,"F",16,6,1,"Injury/Illness - Left Achilles; Tendinitis","achilles","inflammation",31,15,54,60.76,97.57,10.18,48.44,13.5,11.11,92.59,75.93,66.67,27.78,20.37,9.26,0,3.7,0,7.41,25.93,14.81,0,12.96,7.41,1.85,3.7,0,14.81,5.56,5.56,7.41,7.41,0,0,20.37,1.85,9.26,5.56,0,1.85,1.85,0,0,1.85,1.85,0,1.85,1.85,24.07,7.41,5.56,0,20.37,9.26,1.85,1.85,0,0,9.26,1.85,1.85,0,3.7,5.56,3.7,0,0,"Forward"
"25691","Giannis Antetokounmpo","giannis antetokounmpo",2023-12-07,2024,"2023-10-24","2024-06-17",29.0020533880903,83,243,2013,1,15,"2013-10-30",2013,TRUE,"F",41,18,1,"Injury/Illness - Right Shoulder; Contusion","shoulder","contusion",22,10,95,20.63,23.36,96.91,96.96,8.64,8.42,96.84,74.74,61.05,22.11,7.37,4.21,0,2.11,1.05,14.74,16.84,9.47,2.11,9.47,8.42,10.53,4.21,1.05,18.95,6.32,5.26,4.21,1.05,3.16,2.11,32.63,1.05,17.89,8.42,1.05,0,4.21,1.05,4.21,6.32,6.32,0,3.16,3.16,5.26,1.05,0,0,4.21,0,6.32,6.32,0,0,10.53,6.32,2.11,2.11,7.37,5.26,9.47,0,0,"Forward"
"25691","Giannis Antetokounmpo","giannis antetokounmpo",2023-12-06,2024,"2023-10-24","2024-06-17",28.9993155373032,83,243,2013,1,15,"2013-10-30",2013,TRUE,"F",42,19,1,"Injury/Illness - Right Shoulder; Contusion","shoulder","contusion",21,10,62,5.98,4.4,99,70.91,10.33,1.61,95.16,83.87,64.52,27.42,19.35,11.29,0,8.06,0,8.06,19.35,8.06,1.61,6.45,8.06,1.61,9.68,4.84,24.19,4.84,6.45,6.45,0,6.45,0,24.19,0,14.52,4.84,0,0,8.06,0,9.68,3.23,3.23,0,0,0,8.06,0,0,0,8.06,0,1.61,0,0,6.45,19.35,9.68,0,6.45,1.61,3.23,9.68,0,0,"Forward"
"34883","DeAndre Ayton","deandre ayton",2021-07-20,2021,"2020-12-22","2021-07-20",22.9924709103354,84,252,2018,1,1,"2018-10-18",2018,TRUE,"C",105,5,1,"Injury/Illness - Right Lower Leg; Contusion","lower leg","contusion",497,98,140,29.74,82.43,97.09,41.28,17.5,9.29,97.86,81.43,66.43,21.43,12.14,5.71,4.29,2.14,0,9.29,17.86,9.29,0.71,13.57,7.86,9.29,7.14,0.71,15,5.71,5,7.14,7.14,0,0,32.86,2.14,13.57,5.71,0.71,0,0,3.57,4.29,5,2.86,1.43,2.86,1.43,13.57,2.86,2.14,0.71,12.14,2.14,1.43,1.43,0,1.43,13.57,5.71,0.71,2.86,9.29,1.43,8.57,1.43,0,"Center"
"34883","DeAndre Ayton","deandre ayton",2021-07-17,2021,"2020-12-22","2021-07-20",22.984257357974,84,252,2018,1,1,"2018-10-18",2018,TRUE,"C",108,6,1,"Injury/Illness - Right Lower Leg; Contusion","lower leg","contusion",494,97,51,46.7,88.96,60.65,80.19,17,3.92,94.12,80.39,64.71,19.61,7.84,0,5.88,1.96,0,11.76,13.73,5.88,0,17.65,1.96,5.88,9.8,3.92,11.76,5.88,5.88,5.88,5.88,0,0,17.65,1.96,11.76,1.96,0,0,7.84,3.92,1.96,3.92,3.92,0,0,0,7.84,0,0,0,7.84,0,7.84,7.84,0,3.92,11.76,17.65,1.96,11.76,1.96,5.88,0,0,0,"Center"
"34883","DeAndre Ayton","deandre ayton",2021-07-16,2021,"2020-12-22","2021-07-20",22.9815195071869,84,252,2018,1,1,"2018-10-18",2018,TRUE,"C",109,7,1,"Injury/Illness - Right Lower Leg; Contusion","lower leg","contusion",493,97,55,66.59,2.92,74.91,93.39,27.5,5.45,96.36,83.64,58.18,12.73,10.91,5.45,0,1.82,0,1.82,16.36,10.91,0,12.73,1.82,10.91,5.45,3.64,18.18,9.09,9.09,7.27,3.64,1.82,1.82,21.82,0,16.36,3.64,0,1.82,3.64,0,9.09,5.45,5.45,0,0,0,10.91,5.45,3.64,0,5.45,3.64,1.82,1.82,0,3.64,21.82,7.27,0,7.27,1.82,0,3.64,0,0,"Center"
"34883","DeAndre Ayton","deandre ayton",2021-07-13,2021,"2020-12-22","2021-07-20",22.9733059548255,84,252,2018,1,1,"2018-10-18",2018,TRUE,"C",112,8,1,"Injury/Illness - Right Lower Leg; Contusion","lower leg","contusion",490,96,77,15.64,10.96,83,8.22,15.4,11.69,94.81,76.62,59.74,23.38,15.58,10.39,3.9,0,1.3,7.79,20.78,7.79,0,10.39,6.49,9.09,6.49,2.6,16.88,7.79,5.19,7.79,5.19,1.3,1.3,28.57,2.6,16.88,5.19,3.9,2.6,1.3,1.3,3.9,6.49,2.6,3.9,2.6,0,9.09,3.9,1.3,0,6.49,0,6.49,5.19,1.3,0,5.19,7.79,0,3.9,2.6,7.79,3.9,2.6,1.3,"Center"
"34883","DeAndre Ayton","deandre ayton",2021-07-07,2021,"2020-12-22","2021-07-20",22.9568788501027,84,252,2018,1,1,"2018-10-18",2018,TRUE,"C",118,10,1,"Injury/Illness - Right Lower Leg; Contusion","lower leg","contusion",484,94,67,41.48,86.37,1.44,67.25,13.4,11.94,83.58,73.13,64.18,20.9,5.97,0,0,4.48,1.49,14.93,17.91,5.97,0,14.93,7.46,2.99,8.96,0,14.93,1.49,4.48,8.96,1.49,5.97,4.48,22.39,2.99,14.93,4.48,1.49,2.99,1.49,1.49,1.49,2.99,2.99,0,0,0,7.46,1.49,1.49,0,5.97,0,2.99,0,2.99,0,5.97,2.99,0,2.99,0,0,5.97,1.49,0,"Center"
"34883","DeAndre Ayton","deandre ayton",2021-07-05,2021,"2020-12-22","2021-07-20",22.9514031485284,84,252,2018,1,1,"2018-10-18",2018,TRUE,"C",120,11,1,"Injury/Illness - Right Lower Leg; Contusion","lower leg","contusion",482,93,57,22.98,78.98,22.93,20.23,9.5,15.79,92.98,73.68,63.16,17.54,8.77,3.51,1.75,0,0,8.77,17.54,8.77,1.75,12.28,10.53,12.28,7.02,0,14.04,7.02,3.51,7.02,1.75,3.51,5.26,14.04,1.75,1.75,1.75,0,0,0,0,0,3.51,1.75,1.75,0,0,10.53,1.75,0,0,8.77,5.26,0,0,0,0,1.75,10.53,1.75,3.51,5.26,0,8.77,3.51,0,"Center"
"34883","DeAndre Ayton","deandre ayton",2021-06-30,2021,"2020-12-22","2021-07-20",22.9377138945927,84,252,2018,1,1,"2018-10-18",2018,TRUE,"C",125,11,1,"Injury/Illness - Right Lower Leg; Contusion","lower leg","contusion",477,92,107,15.57,13.65,90.15,77.95,10.7,6.54,98.13,85.05,63.55,17.76,6.54,5.61,0.93,0,0,11.21,16.82,7.48,0.93,10.28,11.21,12.15,5.61,0.93,22.43,10.28,7.48,0.93,0.93,0,0,28.04,0,12.15,2.8,3.74,0,0.93,0.93,2.8,4.67,3.74,0,3.74,2.8,7.48,3.74,0.93,0.93,2.8,0.93,1.87,0.93,0.93,2.8,14.95,9.35,0.93,6.54,6.54,8.41,5.61,1.87,0,"Center"
"34883","DeAndre Ayton","deandre ayton",2021-06-22,2021,"2020-12-22","2021-07-20",22.9158110882957,84,252,2018,1,1,"2018-10-18",2018,TRUE,"C",133,15,1,"Injury/Illness - Right Lower Leg; Contusion","lower leg","contusion",469,88,85,67.46,1.46,96.65,99,21.25,8.24,89.41,71.76,60,16.47,11.76,11.76,0,0,0,4.71,22.35,9.41,1.18,15.29,4.71,7.06,7.06,0,11.76,7.06,2.35,9.41,3.53,3.53,3.53,12.94,0,5.88,0,1.18,0,0,2.35,2.35,10.59,10.59,0,0,0,4.71,4.71,1.18,1.18,1.18,0,3.53,2.35,1.18,1.18,9.41,11.76,2.35,10.59,1.18,3.53,2.35,1.18,0,"Center"
"34883","DeAndre Ayton","deandre ayton",2021-06-20,2021,"2020-12-22","2021-07-20",22.9103353867214,84,252,2018,1,1,"2018-10-18",2018,TRUE,"C",135,16,1,"Injury/Illness - Right Lower Leg; Contusion","lower leg","contusion",467,87,58,13.62,99,1,91.69,9.67,12.07,93.1,77.59,60.34,24.14,17.24,1.72,5.17,1.72,0,6.9,15.52,5.17,0,12.07,6.9,6.9,8.62,1.72,18.97,3.45,3.45,12.07,8.62,0,3.45,29.31,1.72,15.52,0,3.45,0,1.72,1.72,5.17,8.62,6.9,1.72,1.72,1.72,18.97,1.72,1.72,0,18.97,10.34,3.45,3.45,0,1.72,5.17,10.34,1.72,3.45,0,15.52,6.9,0,1.72,"Center"
"Youtube/2180.mp3","Deandre Ayton","deandre ayton",2021-07-10,2021,"2020-12-22","2021-07-20",22.9650924024641,84,252,2018,1,1,"2018-10-18",2018,TRUE,"C",115,9,1,"Injury/Illness - Right Lower Leg; Contusion","lower leg","contusion",487,95,833,8.47,97.63,79.04,61.79,14.88,9,95.56,80.67,63.63,24.49,17.65,5.16,2.52,6.24,0.6,6.84,13.93,6.12,1.08,10.32,9.36,8.04,8.28,0.96,22.69,3,5.76,6.24,3.24,2.28,1.08,25.21,3,12.48,7.08,1.32,0.48,1.2,1.08,2.16,4.68,3.48,0.84,1.08,0.6,16.69,2.64,1.08,1.44,14.41,3.6,2.64,0.96,1.08,0.96,13.33,11.28,2.04,6.48,3.24,1.56,7.08,1.8,0.6,"Center"
"Youtube/2262.mp3","Deandre Ayton","deandre ayton",2021-07-13,2021,"2020-12-22","2021-07-20",22.9733059548255,84,252,2018,1,1,"2018-10-18",2018,TRUE,"C",112,8,1,"Injury/Illness - Right Lower Leg; Contusion","lower leg","contusion",490,96,759,7.77,90.24,95.83,25.32,17.25,9.49,96.18,82.35,62.71,22.27,16.21,5.53,2.64,5.8,0.66,6.06,12.25,5.53,0.53,11.07,10.28,10.28,7.25,1.84,24.11,5.27,3.03,6.85,3.43,1.98,1.45,29.91,2.24,17.13,7.91,1.19,1.84,1.98,2.64,2.64,3.56,1.98,1.58,0.53,0.13,12.91,1.32,0.4,0,11.86,1.84,4.22,1.98,2.24,1.05,11.59,13.57,2.64,8.43,3.69,3.29,6.46,1.98,1.19,"Center"
"Youtube/3093.mp3","Deandre Ayton","deandre ayton",2021-07-13,2021,"2020-12-22","2021-07-20",22.9733059548255,84,252,2018,1,1,"2018-10-18",2018,TRUE,"C",112,8,1,"Injury/Illness - Right Lower Leg; Contusion","lower leg","contusion",490,96,759,7.49,89.9,95.83,27.18,16.87,9.62,96.18,82.21,62.85,22.4,16.21,5.53,2.64,5.8,0.66,6.19,12.25,5.53,0.53,11.07,10.28,10.28,7.25,1.98,23.98,5.14,3.03,6.85,3.43,1.98,1.45,29.91,2.37,17,7.77,1.19,1.84,1.98,2.64,2.64,3.43,1.98,1.45,0.53,0.13,12.78,1.19,0.4,0,11.86,1.84,4.35,1.98,2.37,1.05,11.46,13.7,2.64,8.56,3.69,3.29,6.46,1.98,1.19,"Center"
"Youtube/4565.mp3","Deandre Ayton","deandre ayton",2021-07-10,2021,"2020-12-22","2021-07-20",22.9650924024641,84,252,2018,1,1,"2018-10-18",2018,TRUE,"C",115,9,1,"Injury/Illness - Right Lower Leg; Contusion","lower leg","contusion",487,95,836,9.05,97.59,78.61,61.63,15.48,8.97,95.45,80.62,63.64,24.52,17.58,5.14,2.51,6.22,0.6,6.94,14,6.22,1.08,10.53,9.21,8.01,8.25,0.96,22.49,2.87,5.62,6.22,3.23,2.27,1.08,25.12,2.99,12.44,7.06,1.32,0.48,1.2,1.08,2.15,4.67,3.47,0.84,1.08,0.6,16.63,2.63,1.08,1.44,14.35,3.59,2.63,0.96,1.08,0.96,13.16,11.24,2.03,6.46,3.23,1.56,7.06,1.79,0.6,"Center"
"Youtube/773.mp3","Deandre Ayton","deandre ayton",2021-07-10,2021,"2020-12-22","2021-07-20",22.9650924024641,84,252,2018,1,1,"2018-10-18",2018,TRUE,"C",115,9,1,"Injury/Illness - Right Lower Leg; Contusion","lower leg","contusion",487,95,835,8.85,97.6,78.75,61.68,15.18,8.98,95.57,80.72,63.71,24.55,17.6,5.15,2.51,6.23,0.6,6.95,14.01,6.11,1.08,10.54,9.22,8.02,8.26,0.96,22.51,2.99,5.75,6.23,3.23,2.28,1.08,25.15,2.99,12.46,7.07,1.32,0.48,1.2,1.08,2.16,4.67,3.47,0.84,1.08,0.6,16.65,2.63,1.08,1.44,14.37,3.59,2.63,0.96,1.08,0.96,13.17,11.26,2.04,6.47,3.23,1.56,7.07,1.8,0.6,"Center"
"35177","Marvin Bagley III","marvin bagley iii",2019-02-15,2019,"2018-12-20","2019-06-13",19.9260780287474,82,235,2018,1,2,"2018-10-18",2018,TRUE,"F",14,4,1,"Injury/Illness - Left Knee Sprain","knee","sprain",41,17,61,8.79,10.78,99,99,10.17,14.75,100,85.25,68.85,18.03,9.84,8.2,0,1.64,0,8.2,8.2,4.92,0,18.03,18.03,14.75,4.92,1.64,31.15,6.56,1.64,3.28,0,1.64,1.64,18.03,0,6.56,3.28,0,1.64,1.64,0,1.64,8.2,8.2,0,3.28,3.28,4.92,1.64,0,0,3.28,1.64,4.92,4.92,0,3.28,18.03,19.67,1.64,14.75,3.28,0,11.48,0,0,"Forward"
"Youtube/5497.mp3","Paolo Banchero","paolo banchero",2026-04-17,2026,"2025-10-21","2026-06-13",23.4277891854894,82,250,2022,1,1,"2022-10-19",2022,TRUE,"F",16,7,0,NA,NA,NA,135,61,993,23.98,99,87.92,54.65,17.73,9.87,93.45,80.06,60.52,22.66,16.41,3.02,3.32,7.45,1.31,6.24,13.6,6.65,1.61,13.09,8.36,5.84,7.75,1.01,23.67,3.32,3.63,7.25,4.23,2.11,0.91,26.18,0.91,15.51,9.97,0.7,1.01,1.51,0.5,2.62,4.23,3.22,1.01,1.51,0.91,16.31,2.01,0.81,0.4,15.11,1.61,2.11,1.21,0.4,1.91,13.49,8.16,1.91,6.24,3.12,2.92,3.93,3.22,2.72,"Forward"
"32886","Desmond Bane","desmond bane",2022-05-13,2022,"2021-10-19","2022-06-16",23.8822724161533,78,215,2020,1,30,"2020-12-24",2020,TRUE,"G",186,12,1,"Injury/Illness - Right Toe; Sprain","toe","sprain",506,162,95,58.62,70.59,98.73,69.9,23.75,10.53,92.63,74.74,57.89,17.89,9.47,3.16,6.32,0,0,8.42,13.68,8.42,0,15.79,6.32,3.16,10.53,0,13.68,3.16,5.26,8.42,7.37,2.11,0,32.63,0,15.79,5.26,1.05,1.05,3.16,1.05,4.21,3.16,3.16,0,3.16,3.16,7.37,1.05,0,0,6.32,0,2.11,1.05,1.05,0,14.74,7.37,2.11,3.16,13.68,7.37,3.16,1.05,1.05,"Guard"
"32886","Desmond Bane","desmond bane",2022-02-18,2022,"2021-10-19","2022-06-16",23.6522929500342,78,215,2020,1,30,"2020-12-24",2020,TRUE,"G",270,44,1,"Injury/Illness - Right Toe; Sprain","toe","sprain",422,131,56,91.78,5.54,94.2,98.65,9.33,12.5,96.43,83.93,51.79,14.29,5.36,5.36,0,0,0,8.93,17.86,12.5,0,16.07,7.14,3.57,0,1.79,17.86,17.86,16.07,1.79,0,1.79,1.79,21.43,0,7.14,1.79,0,1.79,3.57,0,1.79,7.14,7.14,0,3.57,3.57,0,0,0,0,0,0,1.79,1.79,0,3.57,7.14,16.07,5.36,8.93,5.36,3.57,5.36,3.57,0,"Guard"
"32886","Desmond Bane","desmond bane",2025-12-13,2026,"2025-10-21","2026-06-13",27.4688569472964,78,215,2020,1,30,"2020-12-24",2020,TRUE,"G",141,65,0,NA,NA,NA,311,60,67,75.49,97.67,37.86,20.23,22.33,13.43,94.03,88.06,68.66,17.91,13.43,2.99,5.97,0,4.48,4.48,14.93,8.96,1.49,20.9,5.97,8.96,4.48,0,17.91,8.96,5.97,11.94,7.46,1.49,2.99,16.42,1.49,7.46,2.99,1.49,1.49,0,0,1.49,2.99,1.49,1.49,2.99,1.49,13.43,1.49,1.49,0,13.43,0,0,0,0,4.48,7.46,10.45,1.49,7.46,1.49,10.45,0,0,0,"Guard"
"Youtube/3737.mp3","Desmond Bane","desmond bane",2026-04-27,2026,"2025-10-21","2026-06-13",27.8384668035592,78,215,2020,1,30,"2020-12-24",2020,TRUE,"G",6,3,0,NA,NA,NA,446,122,995,12.46,84.62,93.18,86.58,12.13,10.45,94.27,81.41,61.21,24.62,16.08,5.83,1.71,4.82,1.11,8.54,15.28,5.03,1.81,12.56,10.55,6.23,6.83,1.11,23.92,6.33,5.03,4.12,2.41,1.41,0.4,28.24,1.51,13.57,7.64,1.51,0.7,1.31,0.5,2.71,6.03,5.03,0.5,2.21,1.41,14.37,3.22,0.8,1.61,11.56,3.12,3.32,2.01,0.7,1.11,11.96,10.55,2.21,7.64,3.62,5.63,7.24,1.11,1.71,"Guard"
"Youtube/404.mp3","Desmond Bane","desmond bane",2021-04-30,2021,"2020-12-22","2021-07-20",22.8473648186174,78,215,2020,1,30,"2020-12-24",2020,TRUE,"G",564,117,1,"Injury/Illness - Right Toe; Sprain","toe","sprain",128,57,535,5.11,99,89.55,82.4,11.38,12.34,95.51,81.68,63.74,28.22,18.13,3.18,5.42,7.48,0.19,10.09,14.77,5.23,2.24,10.84,11.78,5.98,7.1,1.12,23.55,4.49,6.54,8.22,5.79,1.31,1.12,29.35,0.93,14.77,8.6,0.37,0.93,2.06,1.12,2.06,5.23,4.67,0.56,1.12,1.12,17.57,1.87,0.75,0.93,16.07,2.06,3.36,2.06,0.75,1.5,13.27,8.6,2.24,6.36,4.86,2.62,7.85,1.12,1.31,"Guard"
"Youtube/2901.mp3","Scottie Barnes","scottie barnes",2026-05-03,2026,"2025-10-21","2026-06-13",24.7529089664613,80,237,2021,1,4,"2021-10-20",2021,TRUE,"F",1,1,0,NA,NA,NA,114,51,715,5.42,68.63,81.58,12.85,9.29,10.77,95.38,81.68,64.06,24.06,14.97,6.29,3.08,1.68,2.8,9.09,15.24,3.5,2.8,10.35,10.49,9.37,5.31,2.38,22.38,6.29,6.71,8.11,3.5,3.64,1.12,28.39,2.8,14.83,6.43,1.96,1.82,2.52,2.38,2.24,4.9,1.96,2.66,2.52,0.42,13.29,2.52,0.28,0.42,11.05,1.96,3.78,1.54,2.24,1.26,11.61,10.91,2.38,6.29,2.24,5.17,5.45,1.96,2.38,"Forward"
"Youtube/3262.mp3","Scottie Barnes","scottie barnes",2026-05-01,2026,"2025-10-21","2026-06-13",24.7474332648871,80,237,2021,1,4,"2021-10-20",2021,TRUE,"F",2,1,0,NA,NA,NA,112,50,610,15.41,99,58.78,66.73,9.68,9.02,94.92,81.97,60.82,23.77,16.07,3.11,6.72,3.11,1.31,7.7,12.62,4.59,2.13,12.95,10.66,7.54,5.25,0.33,27.38,5.25,4.26,11.8,8.03,3.11,0.98,29.51,0.98,14.75,5.9,3.44,3.44,0.98,0.66,2.46,5.9,4.43,1.48,1.31,0.98,17.05,3.28,0.49,0.82,13.93,2.13,3.77,2.3,1.15,2.13,10,10.33,2.13,6.56,4.43,6.72,6.23,3.61,3.11,"Forward"
"Youtube/3267.mp3","Scottie Barnes","scottie barnes",2026-04-12,2026,"2025-10-21","2026-06-13",24.6954140999316,80,237,2021,1,4,"2021-10-20",2021,TRUE,"F",21,7,0,NA,NA,NA,93,44,500,15.77,94.68,63.35,95.09,9.8,8.2,96.2,81.4,60.2,20,12.6,3.6,3.8,3.4,1.4,7.4,11.6,4.2,0.4,13.6,13,7.2,6.6,0.8,24.6,9,4.8,9.4,5.2,3.8,0.4,25.4,0.6,14,5.2,0.6,3.2,1.4,2.4,1.6,8.4,7,1.2,2.6,1.8,13,2.8,1.6,0.6,11.4,1.4,3,1.6,0.6,2.8,11.6,8.6,1.8,7,4.4,3.8,5.4,1.8,1,"Forward"
"Youtube/4230.mp3","Scottie Barnes","scottie barnes",2026-04-23,2026,"2025-10-21","2026-06-13",24.72553045859,80,237,2021,1,4,"2021-10-20",2021,TRUE,"F",10,4,0,NA,NA,NA,104,47,823,24.84,97.47,23.92,62.3,9.25,11.42,93.8,78.49,60.51,19.44,13.12,2.43,5.1,1.46,1.34,6.32,15.19,5.35,1.22,13.24,10.33,7.65,5.83,0.85,22.72,7.29,5.59,12.64,6.68,4.01,1.94,23.45,2.19,13.12,2.92,1.46,4.98,1.34,1.34,2.19,5.59,4.13,1.46,0.97,0.36,15.67,2.92,1.46,0.24,13.61,3.28,3.16,1.46,1.22,1.82,10.21,12.39,3.16,7.9,3.4,1.7,7.9,2.19,0.73,"Forward"
"Youtube/4606.mp3","Scottie Barnes","scottie barnes",2021-10-22,2022,"2021-10-19","2022-06-16",20.2245037645448,80,237,2021,1,4,"2021-10-20",2021,TRUE,"F",10,5,1,"Injury/Illness - Right Thumb; Sprain","thumb","sprain",2,1,416,5.23,25.78,57.98,95.94,8,5.29,94.71,81.73,63.94,21.88,12.98,7.21,2.64,1.44,0.96,8.89,11.06,5.29,0.24,9.86,8.41,13.94,6.49,2.4,19.71,5.53,4.09,6.73,3.37,2.88,0.48,27.64,0.96,14.18,0.96,1.68,2.64,2.4,4.09,3.37,6.25,6.01,0,1.2,0.96,9.62,3.61,1.2,1.2,6.25,0.96,3.13,2.4,0.24,1.92,12.02,8.65,2.4,4.09,4.57,2.64,7.21,1.68,3.13,"Forward"
"Youtube/5452.mp3","Scottie Barnes","scottie barnes",2026-04-20,2026,"2025-10-21","2026-06-13",24.7173169062286,80,237,2021,1,4,"2021-10-20",2021,TRUE,"F",13,5,0,NA,NA,NA,101,46,324,7.9,98.92,65.87,10.93,9,11.73,94.44,79.63,62.04,22.53,16.36,2.78,10.49,0.31,1.23,6.17,9.57,5.25,0,12.04,12.04,8.95,5.86,3.09,24.07,4.63,1.85,15.74,11.73,2.47,1.54,26.23,2.47,13.89,4.94,0.93,1.85,0.62,2.78,3.4,5.86,2.47,3.4,1.85,0,19.44,4.32,1.54,0,15.43,1.85,2.78,2.16,0.62,2.47,12.65,10.19,3.7,5.25,3.7,1.85,7.1,2.16,1.54,"Forward"
"Youtube/5591.mp3","Scottie Barnes","scottie barnes",2026-04-26,2026,"2025-10-21","2026-06-13",24.7337440109514,80,237,2021,1,4,"2021-10-20",2021,TRUE,"F",7,3,0,NA,NA,NA,107,48,671,6.82,96.31,31.73,92.89,9.45,7.6,95.38,81.52,64.98,23.7,15.5,3.58,5.22,1.49,0.45,8.2,14.75,4.02,2.09,11.33,11.33,9.84,5.81,0.89,23.7,5.96,5.51,11.48,6.56,4.17,0.89,28.46,2.09,14.61,5.66,4.32,3.73,1.19,0.6,1.49,6.41,5.81,0.45,1.64,1.49,14.61,2.09,0.75,0.6,12.97,4.92,2.09,1.49,0.3,1.04,11.48,9.84,2.38,6.26,4.62,1.94,8.49,1.49,1.19,"Forward"
"Youtube/1587.mp3","RJ Barrett","rj barrett",2022-12-11,2023,"2022-10-18","2023-06-12",22.4914442162902,78,214,2019,1,3,"2019-10-24",2019,TRUE,"F",18,8,1,"Injury/Illness - Right Index Finger; Lacerated","finger","laceration",245,26,540,4.55,98.75,63.35,79.8,11.74,9.07,95.74,86.85,63.7,23.89,17.22,3.89,4.07,6.11,1.3,6.67,11.48,3.7,0.93,12.22,12.59,8.33,8.33,1.67,29.81,6.48,5.37,8.7,5,2.59,1.11,28.89,1.3,16.3,7.22,1.48,2.96,1.48,1.3,2.59,4.44,4.07,0.19,0.74,0.56,16.85,2.59,1.3,0.93,14.63,2.41,1.85,1.11,0.56,2.78,12.78,8.89,2.04,6.48,2.59,2.78,7.41,2.22,2.41,"Forward"
"Youtube/1857.mp3","RJ Barrett","rj barrett",2026-05-01,2026,"2025-10-21","2026-06-13",25.8781656399726,78,214,2019,1,3,"2019-10-24",2019,TRUE,"F",2,1,0,NA,NA,NA,85,33,785,15.06,65.58,89.71,83.4,12.27,7.13,95.41,83.69,63.06,23.44,14.65,7.64,2.55,3.82,0.13,8.79,15.41,5.1,1.66,13.25,10.19,6.62,7.39,0.89,23.69,5.61,5.1,6.24,3.57,2.42,0.76,28.15,1.91,11.72,6.11,1.15,0.76,1.27,0.76,1.91,4.84,4.46,0.25,1.66,1.27,10.7,2.55,0.38,1.53,8.41,1.02,3.95,2.42,1.15,1.27,13.63,6.5,1.02,4.2,5.48,5.86,4.59,1.78,2.68,"Forward"
"Youtube/2293.mp3","RJ Barrett","rj barrett",2026-01-07,2026,"2025-10-21","2026-06-13",25.5660506502396,78,214,2019,1,3,"2019-10-24",2019,TRUE,"F",4,1,1,"Injury/Illness - Left Ankle; Sprain","ankle","sprain",9,3,713,8.86,95.04,45.74,84.9,9.14,5.75,94.11,81.63,62.55,25.25,17.95,5.05,0.98,6.03,1.12,7.29,13.46,4.91,2.1,12.2,12.62,6.03,5.89,1.68,26.23,4.77,5.61,4.77,1.96,2.24,0.56,30.15,1.54,13.04,5.47,0.98,1.68,2.38,0.84,2.95,6.17,5.19,0.84,2.95,2.66,16.97,2.24,0.98,0.7,15.29,5.89,2.95,1.26,1.4,1.12,15.01,6.45,1.82,4.07,4.35,5.05,8.13,1.82,2.1,"Forward"
"Youtube/2399.mp3","RJ Barrett","rj barrett",2025-11-02,2026,"2025-10-21","2026-06-13",25.3853524982888,78,214,2019,1,3,"2019-10-24",2019,TRUE,"F",22,10,1,"Injury/Illness - Right Knee; Sprain","knee","sprain",372,64,738,5.72,83.98,80.71,71.29,11.18,9.62,94.99,85.09,66.67,24.25,15.31,5.83,0.68,5.56,0.14,8.94,14.91,5.42,1.49,12.33,12.74,10.3,5.96,1.9,25.34,5.42,5.28,3.79,1.9,1.08,0.81,31.44,2.71,16.26,7.59,0.68,2.17,1.76,2.03,2.44,4.34,3.79,0.54,0.81,0.54,14.09,2.57,1.36,0.81,12.2,3.25,1.9,1.63,0.27,0.68,13.28,8.81,1.49,6.23,4.34,2.17,9.35,1.36,2.17,"Forward"
"Youtube/2469.mp3","RJ Barrett","rj barrett",2026-03-13,2026,"2025-10-21","2026-06-13",25.7440109514031,78,214,2019,1,3,"2019-10-24",2019,TRUE,"F",51,22,0,NA,NA,NA,36,12,526,9.77,98.26,60.47,83.17,10.96,7.79,96.2,82.51,61.41,23,15.02,3.42,5.13,3.99,1.9,7.98,12.36,5.51,0.57,11.79,10.46,7.03,8.37,2.09,25.48,3.42,3.23,8.56,5.89,2.09,0.76,29.28,1.33,15.02,6.08,2.09,1.14,3.8,1.52,1.71,7.03,5.51,1.33,1.9,1.71,15.78,2.47,0.76,0.57,13.88,1.14,3.04,2.28,0.38,1.9,13.12,9.13,2.47,4.94,2.28,6.84,5.7,1.9,3.61,"Forward"
"Youtube/264.mp3","RJ Barrett","rj barrett",2026-02-24,2026,"2025-10-21","2026-06-13",25.6974674880219,78,214,2019,1,3,"2019-10-24",2019,TRUE,"F",68,30,0,NA,NA,NA,19,4,392,9.41,99,97.36,94.21,9.56,10.2,96.94,79.59,59.18,23.72,16.84,2.55,5.1,5.36,3.32,6.89,12.76,4.34,2.04,10.2,8.16,9.95,5.61,1.02,22.96,5.1,6.63,8.93,6.63,1.79,1.02,34.69,0.51,15.82,9.69,0.26,0.77,2.04,0.51,2.55,6.63,5.87,0.26,1.53,1.02,17.35,2.81,1.79,0.26,15.82,0.77,4.08,3.32,0.77,0.51,16.58,6.89,2.04,4.34,8.93,9.44,4.08,2.04,1.79,"Forward"
"Youtube/2851.mp3","RJ Barrett","rj barrett",2026-04-29,2026,"2025-10-21","2026-06-13",25.8726899383984,78,214,2019,1,3,"2019-10-24",2019,TRUE,"F",4,2,0,NA,NA,NA,83,32,529,6.93,98.42,88.59,70.73,9.98,8.88,95.27,84.31,65.03,26.28,17.2,4.73,6.62,3.97,1.32,9.07,11.53,5.48,0.38,12.1,13.04,6.05,6.24,2.08,27.6,4.35,3.21,9.26,7.94,0.95,0.38,30.25,2.65,12.29,6.24,0.38,0.95,1.13,0.76,2.46,5.29,4.16,0.95,1.13,0.95,17.01,2.65,0.95,0.19,14.74,0.95,3.78,3.02,0.19,2.08,13.8,9.07,3.21,5.67,3.78,5.48,7.75,2.84,1.7,"Forward"
"Youtube/298.mp3","RJ Barrett","rj barrett",2022-10-26,2023,"2022-10-18","2023-06-12",22.3655030800821,78,214,2019,1,3,"2019-10-24",2019,TRUE,"F",64,31,1,"Injury/Illness - Right Index Finger; Lacerated","finger","laceration",199,3,527,9.85,99,35.88,95.42,10.13,6.45,96.96,83.68,61.86,25.62,17.65,2.47,3.98,6.45,2.28,7.97,12.33,5.88,0.57,10.82,10.82,7.4,6.07,0.38,24.29,6.64,5.31,7.59,4.74,2.47,0.38,29.98,1.33,14.42,8.35,1.52,1.14,1.33,0.95,0.95,7.78,6.83,0.95,2.09,2.09,18.79,2.66,1.14,0.19,16.32,2.66,3.23,2.47,0.57,0.19,18.22,6.45,0.76,3.98,3.04,5.5,6.83,2.66,3.04,"Forward"
"Youtube/3203.mp3","RJ Barrett","rj barrett",2025-11-02,2026,"2025-10-21","2026-06-13",25.3853524982888,78,214,2019,1,3,"2019-10-24",2019,TRUE,"F",22,10,1,"Injury/Illness - Right Knee; Sprain","knee","sprain",372,64,738,5.72,83.98,80.71,71.29,11.18,9.62,94.99,85.09,66.67,24.25,15.31,5.83,0.68,5.56,0.14,8.94,14.91,5.42,1.49,12.33,12.74,10.3,5.96,1.9,25.34,5.42,5.28,3.79,1.9,1.08,0.81,31.44,2.71,16.26,7.59,0.68,2.17,1.76,2.03,2.44,4.34,3.79,0.54,0.81,0.54,14.09,2.57,1.36,0.81,12.2,3.25,1.9,1.63,0.27,0.68,13.28,8.81,1.49,6.23,4.34,2.17,9.35,1.36,2.17,"Forward"
"Youtube/3257.mp3","RJ Barrett","rj barrett",2026-05-03,2026,"2025-10-21","2026-06-13",25.8836413415469,78,214,2019,1,3,"2019-10-24",2019,TRUE,"F",1,1,0,NA,NA,NA,87,34,748,7.5,98.11,78.46,62.32,14.11,10.16,96.12,80.88,63.64,25.27,16.18,4.01,4.68,4.14,1.47,9.09,14.17,4.14,1.47,12.7,12.3,5.88,7.89,1.07,24.06,4.81,5.08,8.69,5.35,3.07,0.27,30.61,1.6,15.91,7.22,1.07,1.87,0.4,2.14,2.67,5.08,3.88,1.2,1.47,1.07,16.31,2.01,0.53,0.53,14.44,2.94,3.34,2.67,0.67,0.94,12.7,8.82,1.6,6.42,4.28,5.21,5.21,2.14,2.27,"Forward"
"Youtube/3281.mp3","RJ Barrett","rj barrett",2026-03-08,2026,"2025-10-21","2026-06-13",25.7303216974675,78,214,2019,1,3,"2019-10-24",2019,TRUE,"F",56,25,0,NA,NA,NA,31,9,504,17.34,94.18,60.9,90.21,8.84,9.72,93.45,82.54,62.9,21.83,14.88,4.76,0.99,6.55,0,6.94,11.51,4.76,1.39,15.87,10.12,9.52,7.34,0.79,22.02,4.96,4.96,6.15,1.79,3.57,0.99,22.02,0.99,10.12,6.15,0.79,1.19,0.2,0.2,1.39,5.36,5.16,0.2,1.39,1.19,12.1,0.79,0.4,0.2,11.51,3.57,3.37,1.98,0.79,1.79,14.29,8.33,1.59,6.15,3.37,3.77,6.35,0.79,2.58,"Forward"
"Youtube/3544.mp3","RJ Barrett","rj barrett",2026-03-13,2026,"2025-10-21","2026-06-13",25.7440109514031,78,214,2019,1,3,"2019-10-24",2019,TRUE,"F",51,22,0,NA,NA,NA,36,12,528,10.19,98.23,59.95,83,10.78,7.95,96.02,82.39,61.36,22.92,14.96,3.41,5.11,3.98,1.89,7.95,12.5,5.68,0.57,11.74,10.42,7.01,8.33,2.08,25.38,3.41,3.22,8.52,5.87,2.08,0.76,29.17,1.33,14.96,6.06,2.08,1.14,3.79,1.52,1.7,7.01,5.49,1.33,1.89,1.7,15.72,2.46,0.76,0.57,13.83,1.14,3.03,2.27,0.38,1.89,13.07,9.09,2.46,4.92,2.27,6.82,5.68,1.89,3.6,"Forward"
"Youtube/360.mp3","RJ Barrett","rj barrett",2026-02-24,2026,"2025-10-21","2026-06-13",25.6974674880219,78,214,2019,1,3,"2019-10-24",2019,TRUE,"F",68,30,0,NA,NA,NA,19,4,391,9.3,99,97.17,94.28,9.54,10.23,96.93,79.54,59.34,23.79,16.88,2.56,5.12,5.37,3.32,6.91,12.79,4.35,2.05,10.23,8.18,9.97,5.63,1.02,22.76,5.12,6.65,8.95,6.65,1.79,1.02,34.53,0.51,15.6,9.46,0.26,0.77,2.05,0.51,2.56,6.65,5.88,0.26,1.53,1.02,17.39,2.81,1.79,0.26,15.86,0.77,4.09,3.32,0.77,0.51,16.37,6.91,2.05,4.35,8.95,9.46,4.09,2.05,1.79,"Forward"
"Youtube/4249.mp3","RJ Barrett","rj barrett",2026-04-20,2026,"2025-10-21","2026-06-13",25.8480492813142,78,214,2019,1,3,"2019-10-24",2019,TRUE,"F",13,5,0,NA,NA,NA,74,29,613,22.35,99,56.98,53.05,10.57,7.18,96.41,86.13,62.32,22.02,15.99,2.61,4.57,4.89,0.65,6.04,15.33,5.71,2.45,12.89,7.67,7.67,7.01,0.82,24.63,7.34,7.01,7.83,4.89,2.45,0.49,23.49,0.82,11.58,6.53,0.65,1.14,0.49,0.65,1.79,4.08,3.1,0.98,0.98,0.65,15.17,1.31,0.65,0.65,14.19,3.59,3.92,2.77,0.49,2.94,14.85,8.97,1.63,6.69,4.24,2.77,3.26,2.61,2.45,"Forward"
"Youtube/4283.mp3","RJ Barrett","rj barrett",2026-01-03,2026,"2025-10-21","2026-06-13",25.555099247091,78,214,2019,1,3,"2019-10-24",2019,TRUE,"F",8,3,1,"Injury/Illness - Left Ankle; Sprain","ankle","sprain",5,1,621,8.56,94.95,92.16,68.39,10.71,8.05,96.78,83.57,61.03,24.15,16.59,5.48,3.7,4.83,1.29,7.57,12.72,4.83,1.29,11.43,11.27,7.41,6.44,1.61,26.25,6.92,5.31,8.37,5.64,2.09,0.64,31.08,1.45,15.78,7.57,1.45,1.61,1.77,0.97,2.58,4.19,3.54,0.48,1.45,1.13,14.81,2.42,1.45,0.16,13.69,1.45,3.06,1.77,1.29,1.29,14.98,9.18,2.09,5.15,5.48,3.86,5.31,4.67,2.74,"Forward"
"Youtube/4823.mp3","RJ Barrett","rj barrett",2026-01-07,2026,"2025-10-21","2026-06-13",25.5660506502396,78,214,2019,1,3,"2019-10-24",2019,TRUE,"F",4,1,1,"Injury/Illness - Left Ankle; Sprain","ankle","sprain",9,3,714,8.92,95.02,44.57,84.83,9.39,5.74,94.12,81.65,62.46,25.21,17.93,5.04,0.98,6.02,1.12,7.28,13.45,4.9,2.1,12.18,12.61,6.02,5.88,1.68,26.33,4.76,5.6,4.9,1.96,2.38,0.56,30.25,1.54,13.17,5.46,0.98,1.82,2.38,0.84,2.94,6.16,5.18,0.84,2.94,2.66,16.95,2.24,0.98,0.7,15.27,5.88,2.94,1.26,1.4,1.12,14.99,6.44,1.82,4.06,4.34,5.04,8.12,1.82,2.1,"Forward"
"Youtube/4921.mp3","RJ Barrett","rj barrett",2026-05-03,2026,"2025-10-21","2026-06-13",25.8836413415469,78,214,2019,1,3,"2019-10-24",2019,TRUE,"F",1,1,0,NA,NA,NA,87,34,748,7.5,98.11,78.46,62.32,13.6,10.16,96.12,80.88,63.64,25.27,16.18,4.01,4.68,4.14,1.47,9.09,14.17,4.14,1.47,12.7,12.3,5.88,7.89,1.07,24.06,4.81,5.08,8.69,5.35,3.07,0.27,30.61,1.6,15.91,7.22,1.07,1.87,0.4,2.14,2.67,5.08,3.88,1.2,1.47,1.07,16.31,2.01,0.53,0.53,14.44,2.94,3.34,2.67,0.67,0.94,12.7,8.82,1.6,6.42,4.28,5.21,5.21,2.14,2.27,"Forward"
"Youtube/5630.mp3","RJ Barrett","rj barrett",2026-04-20,2026,"2025-10-21","2026-06-13",25.8480492813142,78,214,2019,1,3,"2019-10-24",2019,TRUE,"F",13,5,0,NA,NA,NA,74,29,605,22.3,99,58.74,53.53,10.61,6.94,96.36,86.28,62.15,22.31,16.03,2.64,4.63,4.96,0.5,6.28,15.04,5.45,2.48,13.06,7.77,7.6,6.78,0.66,24.79,7.44,7.11,7.93,4.96,2.48,0.5,23.31,0.66,11.4,6.61,0.66,1.16,0.5,0.66,1.82,4.13,3.14,0.99,0.99,0.66,15.21,1.32,0.66,0.66,14.21,3.64,3.97,2.81,0.5,2.81,14.88,9.09,1.65,6.78,4.3,2.98,3.14,2.64,2.64,"Forward"
"Youtube/5734.mp3","RJ Barrett","rj barrett",2026-05-01,2026,"2025-10-21","2026-06-13",25.8781656399726,78,214,2019,1,3,"2019-10-24",2019,TRUE,"F",2,1,0,NA,NA,NA,85,33,785,15.29,65.58,89.71,83.4,12.08,7.26,95.29,83.69,63.06,23.44,14.65,7.64,2.55,3.82,0.13,8.79,15.41,5.1,1.66,13.25,10.06,6.62,7.39,0.89,23.57,5.61,5.1,6.24,3.57,2.42,0.76,28.03,1.91,11.72,6.11,1.15,0.76,1.27,0.76,1.91,4.84,4.46,0.25,1.66,1.27,10.7,2.55,0.38,1.53,8.41,1.02,3.95,2.42,1.15,1.27,13.5,6.5,1.02,4.2,5.48,5.86,4.46,1.78,2.68,"Forward"
"Youtube/5816.mp3","RJ Barrett","rj barrett",2026-04-23,2026,"2025-10-21","2026-06-13",25.8562628336756,78,214,2019,1,3,"2019-10-24",2019,TRUE,"F",10,4,0,NA,NA,NA,77,30,538,9.54,99,28.9,87.69,10.76,8.55,94.61,81.41,63.94,22.68,15.43,2.23,5.02,3.9,0.74,7.25,15.24,6.13,0.93,11.34,12.83,8.36,6.69,0.74,23.05,6.88,4.83,9.67,6.51,2.23,0.93,29.74,1.49,11.71,5.95,0.93,1.12,0.37,1.86,1.49,7.06,5.58,0.93,1.86,1.12,19.33,2.97,1.67,0.37,16.91,4.65,3.16,2.23,0.56,0.56,13.01,6.32,1.3,3.53,5.2,7.06,7.43,0.93,1.86,"Forward"
"Youtube/6229.mp3","RJ Barrett","rj barrett",2022-12-16,2023,"2022-10-18","2023-06-12",22.5051334702259,78,214,2019,1,3,"2019-10-24",2019,TRUE,"F",13,6,1,"Injury/Illness - Right Index Finger; Lacerated","finger","laceration",250,28,917,7.04,90.73,78.48,91.38,8.99,9.27,96.29,84.62,65.1,24.21,15.81,5.23,1.96,5.78,0.33,8.4,12.98,5.23,0.76,13.09,11.23,9.92,6.65,2.29,24.54,5.89,3.93,5.13,3.16,1.74,0.22,30.43,3.6,13.63,6.43,0.65,0.87,1.74,1.09,2.84,5.67,5.34,0.22,1.42,1.2,14.83,2.07,0.65,1.09,13.09,2.94,3.93,2.29,1.2,0.87,16.14,8.07,1.64,5.13,4.58,4.69,6.65,2.29,2.18,"Forward"
"Youtube/763.mp3","RJ Barrett","rj barrett",2026-04-23,2026,"2025-10-21","2026-06-13",25.8562628336756,78,214,2019,1,3,"2019-10-24",2019,TRUE,"F",10,4,0,NA,NA,NA,77,30,539,9.62,99,28.73,87.62,10.57,8.53,94.43,81.26,63.82,22.63,15.21,2.23,4.82,3.9,0.74,7.42,15.21,6.12,0.93,11.32,12.8,8.16,6.86,0.74,23.01,6.68,4.82,9.46,6.31,2.23,0.93,29.68,1.48,11.69,5.94,0.93,1.11,0.37,1.86,1.48,7.05,5.57,0.93,1.86,1.11,19.11,2.97,1.67,0.37,16.7,4.64,3.15,2.23,0.56,0.56,12.99,6.31,1.3,3.53,5.19,7.05,7.42,0.93,1.67,"Forward"
"Youtube/787.mp3","RJ Barrett","rj barrett",2026-01-03,2026,"2025-10-21","2026-06-13",25.555099247091,78,214,2019,1,3,"2019-10-24",2019,TRUE,"F",8,3,1,"Injury/Illness - Left Ankle; Sprain","ankle","sprain",5,1,621,8.56,94.95,92.16,68.39,10.71,8.05,96.78,83.57,61.03,24.15,16.59,5.48,3.7,4.83,1.29,7.57,12.72,4.83,1.29,11.43,11.27,7.41,6.44,1.61,26.25,6.92,5.31,8.37,5.64,2.09,0.64,31.08,1.45,15.78,7.57,1.45,1.61,1.77,0.97,2.58,4.19,3.54,0.48,1.45,1.13,14.81,2.42,1.45,0.16,13.69,1.45,3.06,1.77,1.29,1.29,14.98,9.18,2.09,5.15,5.48,3.86,5.31,4.67,2.74,"Forward"
"22044","Will Barton","will barton",2019-12-19,2020,"2019-10-22","2020-10-11",28.9500342231348,77,181,2012,2,40,"2012-11-01",2012,FALSE,"G",48,24,1,"Injury/Illness - Right Knee; Inflammation","knee","inflammation",47,20,110,47.84,21.2,57.01,76.62,15.71,5.45,96.36,81.82,65.45,18.18,10,7.27,1.82,0,0.91,8.18,16.36,4.55,0.91,21.82,9.09,8.18,5.45,2.73,19.09,7.27,5.45,9.09,4.55,4.55,0.91,18.18,0.91,10.91,0,0.91,4.55,1.82,0.91,3.64,7.27,5.45,1.82,0.91,0.91,8.18,2.73,2.73,0,8.18,0,3.64,2.73,0,2.73,12.73,16.36,1.82,10.91,0,1.82,6.36,0,0,"Guard"
"Youtube/3541.mp3","Jamison Battle","jamison battle",2026-04-23,2026,"2025-10-21","2026-06-13",24.952772073922,79,220,NA,NA,NA,"2024-10-23",2024,TRUE,"F",10,4,0,NA,NA,NA,97,32,1049,6.63,84.08,61.53,63.79,17.48,9.15,96,81.89,66.16,24.59,14.87,5.34,2,2.86,0.1,9.72,14.78,5.91,1.05,12.01,12.11,8.58,8.1,0.95,22.31,5.34,3.53,6.01,3.53,0.86,1.62,23.55,1.33,11.44,5.15,1.62,1.05,0.95,0.38,2.38,4.48,3.53,0.76,0.48,0.29,14.39,3.05,1.24,0.86,12.11,4.39,2.96,1.33,0.76,0.67,10.58,10.1,1.62,7.53,3.05,2.1,9.25,1.72,1.72,"Forward"
"18660","Nicolas Batum","nicolas batum",2021-07-01,2021,"2020-12-22","2021-07-20",32.5448323066393,79,230,2008,1,25,"2008-10-29",2008,FALSE,"F",163,15,1,"Injury/Illness - Right Ankle; Sprain","ankle","sprain",134,59,65,2.25,3.06,95.87,96.43,21.67,18.46,98.46,83.08,64.62,20,9.23,9.23,0,0,0,10.77,6.15,3.08,0,9.23,13.85,10.77,9.23,1.54,21.54,4.62,6.15,1.54,0,1.54,1.54,30.77,0,12.31,1.54,0,4.62,4.62,0,1.54,9.23,7.69,1.54,3.08,1.54,3.08,1.54,0,1.54,1.54,0,6.15,6.15,0,0,16.92,9.23,0,7.69,12.31,4.62,6.15,0,0,"Forward"
"18660","Nicolas Batum","nicolas batum",2021-06-18,2021,"2020-12-22","2021-07-20",32.5092402464066,79,230,2008,1,25,"2008-10-29",2008,FALSE,"F",176,21,1,"Injury/Illness - Right Ankle; Sprain","ankle","sprain",121,52,60,1,89.5,28.56,99,5.45,6.67,100,73.33,63.33,31.67,8.33,3.33,3.33,1.67,0,23.33,21.67,1.67,1.67,8.33,18.33,11.67,3.33,0,21.67,6.67,5,5,5,0,0,26.67,3.33,5,3.33,1.67,0,0,0,0,11.67,11.67,0,1.67,1.67,11.67,3.33,1.67,0,8.33,1.67,13.33,11.67,0,0,15,10,0,6.67,1.67,3.33,15,0,0,"Forward"
"18660","Nicolas Batum","nicolas batum",2021-06-13,2021,"2020-12-22","2021-07-20",32.4955509924709,79,230,2008,1,25,"2008-10-29",2008,FALSE,"F",181,24,1,"Injury/Illness - Right Ankle; Sprain","ankle","sprain",116,50,59,73,99,65.66,73.26,19.67,6.78,94.92,76.27,55.93,16.95,13.56,1.69,10.17,0,1.69,3.39,16.95,11.86,5.08,10.17,6.78,0,6.78,0,23.73,8.47,5.08,16.95,11.86,1.69,3.39,13.56,0,3.39,1.69,1.69,0,0,0,0,3.39,3.39,0,3.39,3.39,13.56,1.69,1.69,0,13.56,0,5.08,3.39,1.69,3.39,8.47,11.86,8.47,3.39,5.08,10.17,0,3.39,0,"Forward"
"18660","Nicolas Batum","nicolas batum",2021-06-06,2021,"2020-12-22","2021-07-20",32.476386036961,79,230,2008,1,25,"2008-10-29",2008,FALSE,"F",188,27,1,"Injury/Illness - Right Ankle; Sprain","ankle","sprain",109,46,85,16.49,54.11,63.35,75.21,12.14,5.88,96.47,80,62.35,24.71,22.35,11.76,2.35,1.18,0,2.35,12.94,5.88,2.35,11.76,4.71,9.41,7.06,1.18,18.82,2.35,8.24,5.88,3.53,1.18,1.18,23.53,1.18,7.06,2.35,0,2.35,1.18,0,1.18,3.53,3.53,0,1.18,1.18,23.53,8.24,1.18,5.88,12.94,8.24,1.18,0,0,0,11.76,3.53,1.18,2.35,9.41,5.88,3.53,4.71,0,"Forward"
"18660","Nicolas Batum","nicolas batum",2021-05-22,2021,"2020-12-22","2021-07-20",32.435318275154,79,230,2008,1,25,"2008-10-29",2008,FALSE,"F",203,33,1,"Injury/Illness - Right Ankle; Sprain","ankle","sprain",94,40,63,25.13,99,77.17,99,10.5,6.35,92.06,77.78,49.21,22.22,14.29,1.59,9.52,1.59,1.59,7.94,15.87,4.76,1.59,7.94,4.76,3.17,7.94,0,19.05,9.52,12.7,12.7,11.11,1.59,0,28.57,4.76,9.52,3.17,4.76,0,0,1.59,1.59,7.94,7.94,0,1.59,1.59,14.29,1.59,1.59,0,14.29,0,4.76,4.76,0,6.35,22.22,7.94,0,7.94,7.94,6.35,3.17,0,0,"Forward"
"18660","Nicolas Batum","nicolas batum",2023-04-12,2023,"2022-10-18","2023-06-12",34.3244353182752,79,230,2008,1,25,"2008-10-29",2008,FALSE,"F",252,25,1,"Injury/Illness - Right Hamstring; Strain","hamstring","strain",96,40,126,52.08,93.83,24.32,97.05,18,4.76,97.62,80.95,62.7,15.08,8.73,0,3.97,0.79,3.17,6.35,13.49,7.14,0.79,20.63,13.49,7.94,6.35,0.79,26.19,7.94,6.35,5.56,4.76,0.79,0,23.81,1.59,13.49,4.76,1.59,2.38,1.59,0.79,3.97,6.35,6.35,0,0.79,0.79,12.7,0.79,0.79,0,11.9,2.38,2.38,2.38,0,4.76,12.7,5.56,1.59,3.17,3.17,3.17,4.76,6.35,0,"Forward"
"22003","Kent Bazemore","kent bazemore",2021-05-21,2021,"2020-12-22","2021-07-20",31.8877481177276,76,195,NA,NA,NA,"2012-11-04",2012,FALSE,"SF",321,39,0,NA,NA,NA,777,138,62,60.93,99,69.74,70.91,12.4,12.9,90.32,74.19,48.39,17.74,9.68,0,1.61,8.06,0,8.06,17.74,9.68,1.61,9.68,8.06,1.61,4.84,0,19.35,9.68,11.29,14.52,8.06,3.23,3.23,16.13,0,3.23,1.61,0,0,1.61,0,0,3.23,3.23,0,0,0,16.13,3.23,3.23,0,16.13,0,0,0,0,0,11.29,12.9,4.84,9.68,4.84,4.84,6.45,0,0,"Forward"
"23414","Bradley Beal","bradley beal",2021-03-07,2021,"2020-12-22","2021-07-20",27.6906228610541,76,207,2012,1,3,"2012-10-30",2012,FALSE,"G",22,9,1,"Injury/Illness - Right Hip; Right hip contusion","hip","contusion",806,140,75,63.53,47.97,53.97,99,15,6.67,98.67,78.67,66.67,17.33,10.67,6.67,1.33,0,1.33,6.67,12,4,4,21.33,12,4,4,0,17.33,10.67,4,8,2.67,4,2.67,13.33,1.33,4,1.33,0,1.33,0,0,1.33,10.67,10.67,0,8,6.67,9.33,1.33,1.33,1.33,8,1.33,4,1.33,0,0,8,9.33,0,8,2.67,6.67,1.33,0,0,"Guard"
"30857","Jordan Bell","jordan bell",2019-05-29,2019,"2018-12-20","2019-06-13",24.3887748117728,79,216,2017,2,38,"2017-10-18",2017,FALSE,"F",161,8,1,"Injury/Illness - Right Shoulder Sprain","shoulder","sprain",158,48,51,24.9,82.38,83.69,95.42,17,9.8,96.08,84.31,66.67,15.69,7.84,0,3.92,3.92,0,7.84,11.76,5.88,1.96,19.61,11.76,11.76,9.8,1.96,21.57,9.8,9.8,5.88,3.92,1.96,0,25.49,0,11.76,0,3.92,0,1.96,1.96,5.88,5.88,5.88,0,0,0,7.84,0,0,0,7.84,0,7.84,1.96,1.96,0,11.76,9.8,0,9.8,7.84,1.96,5.88,3.92,0,"Forward"
"40461","Nemanja Bjelica","nemanja bjelica",2022-06-12,2022,"2021-10-19","2022-06-16",34.0917180013689,81,234,2010,2,35,"2015-10-29",2015,FALSE,"PF",1,1,0,NA,NA,NA,103,30,61,35.92,83.72,87.98,97.57,12.2,11.48,95.08,81.97,62.3,19.67,13.11,6.56,1.64,4.92,0,6.56,19.67,6.56,3.28,14.75,11.48,4.92,6.56,0,19.67,13.11,8.2,6.56,4.92,1.64,0,24.59,0,9.84,3.28,3.28,0,0,0,3.28,6.56,6.56,0,0,0,13.11,4.92,3.28,1.64,11.48,0,4.92,4.92,0,1.64,11.48,6.56,1.64,6.56,3.28,4.92,8.2,0,0,"Forward"
"40461","Nemanja Bjelica","nemanja bjelica",2022-06-07,2022,"2021-10-19","2022-06-16",34.0780287474333,81,234,2010,2,35,"2015-10-29",2015,FALSE,"PF",6,3,0,NA,NA,NA,98,28,50,19.3,12.41,98.38,95.9,7.14,10,94,76,64,18,14,10,2,2,0,4,18,4,2,16,18,8,2,2,22,8,10,2,2,0,0,36,4,8,2,2,0,0,2,2,6,6,0,0,0,4,0,0,0,4,0,8,4,4,2,18,6,2,4,10,6,10,2,0,"Forward"
"27404","Bogdan Bogdanovic","bogdan bogdanovic",2021-07-03,2021,"2020-12-22","2021-07-20",28.8733744010951,77,225,2014,1,27,"2017-10-24",2017,TRUE,"G",151,20,1,"Injury/Illness - Right Ankle; Sprain","ankle","sprain",125,52,63,33.38,99,5.94,43.94,21,12.7,93.65,85.71,61.9,17.46,9.52,0,7.94,1.59,0,7.94,15.87,4.76,3.17,12.7,9.52,4.76,7.94,0,22.22,17.46,12.7,7.94,7.94,0,0,20.63,4.76,3.17,3.17,1.59,0,0,0,0,1.59,1.59,0,0,0,9.52,0,0,0,9.52,0,3.17,3.17,0,6.35,6.35,6.35,0,3.17,3.17,4.76,9.52,3.17,0,"Guard"
"27404","Bogdan Bogdanovic","bogdan bogdanovic",2021-06-29,2021,"2020-12-22","2021-07-20",28.8624229979466,77,225,2014,1,27,"2017-10-24",2017,TRUE,"G",155,22,1,"Injury/Illness - Right Ankle; Sprain","ankle","sprain",121,50,67,3.63,1,85.22,7.03,8.38,7.46,98.51,77.61,62.69,23.88,13.43,10.45,1.49,1.49,0,10.45,11.94,4.48,0,11.94,11.94,5.97,8.96,5.97,20.9,7.46,4.48,4.48,1.49,2.99,0,38.81,1.49,14.93,1.49,2.99,2.99,1.49,1.49,4.48,10.45,4.48,5.97,5.97,1.49,8.96,4.48,0,2.99,2.99,0,1.49,1.49,0,0,8.96,4.48,0,0,10.45,2.99,10.45,0,0,"Guard"
"27404","Bogdan Bogdanovic","bogdan bogdanovic",2019-02-15,2019,"2018-12-20","2019-06-13",26.4941820670773,77,225,2014,1,27,"2017-10-24",2017,TRUE,"G",280,38,1,"Injury/Illness - Left Hamstring; Tightness","hamstring","tightness",56,26,76,63.99,70.59,70.28,20.23,12.67,5.26,86.84,71.05,55.26,13.16,7.89,1.32,5.26,1.32,0,5.26,19.74,6.58,1.32,13.16,3.95,3.95,9.21,1.32,15.79,9.21,6.58,10.53,6.58,3.95,0,22.37,0,18.42,3.95,3.95,5.26,2.63,0,5.26,7.89,3.95,3.95,3.95,2.63,7.89,1.32,1.32,0,6.58,0,3.95,3.95,0,0,3.95,11.84,5.26,6.58,3.95,1.32,5.26,0,0,"Guard"
"40044","Bojan Bogdanovic","bojan bogdanovic",2021-06-16,2021,"2020-12-22","2021-07-20",32.1615331964408,79,226,2011,2,31,"2014-10-29",2014,FALSE,"SF",205,39,1,"Injury/Illness - Left Middle Finger; Sprain","finger","sprain",600,143,78,21.6,47.66,66.8,2.7,15.6,3.85,94.87,82.05,67.95,23.08,17.95,5.13,3.85,0,6.41,5.13,21.79,12.82,2.56,8.97,10.26,5.13,6.41,3.85,14.1,11.54,10.26,7.69,6.41,1.28,0,30.77,0,17.95,3.85,1.28,1.28,2.56,0,7.69,7.69,2.56,5.13,0,0,19.23,6.41,2.56,0,14.1,2.56,1.28,1.28,0,0,3.85,5.13,1.28,3.85,2.56,10.26,2.56,0,0,"Forward"
"40044","Bojan Bogdanovic","bojan bogdanovic",2021-06-14,2021,"2020-12-22","2021-07-20",32.1560574948665,79,226,2011,2,31,"2014-10-29",2014,FALSE,"SF",207,40,1,"Injury/Illness - Left Middle Finger; Sprain","finger","sprain",598,142,54,66.04,92.24,10.18,5.19,18,11.11,87.04,70.37,61.11,18.52,14.81,1.85,9.26,0,3.7,3.7,24.07,11.11,7.41,14.81,11.11,0,3.7,3.7,14.81,9.26,12.96,9.26,9.26,0,0,18.52,0,12.96,3.7,0,3.7,1.85,0,5.56,5.56,1.85,3.7,1.85,0,12.96,0,0,0,12.96,0,1.85,1.85,0,1.85,7.41,3.7,0,1.85,1.85,7.41,1.85,3.7,0,"Forward"
"40044","Bojan Bogdanovic","bojan bogdanovic",2021-06-08,2021,"2020-12-22","2021-07-20",32.1396303901437,79,226,2011,2,31,"2014-10-29",2014,FALSE,"SF",213,43,1,"Injury/Illness - Left Middle Finger; Sprain","finger","sprain",592,139,61,8.79,98.6,49.37,71.67,20.33,8.2,93.44,75.41,55.74,16.39,14.75,1.64,4.92,0,8.2,1.64,9.84,1.64,3.28,8.2,11.48,6.56,9.84,0,19.67,14.75,8.2,11.48,6.56,1.64,3.28,26.23,1.64,13.11,4.92,3.28,1.64,1.64,0,3.28,6.56,4.92,1.64,3.28,1.64,18.03,3.28,1.64,0,16.39,1.64,1.64,1.64,0,3.28,14.75,6.56,1.64,4.92,3.28,3.28,4.92,3.28,0,"Forward"
"28010","Devin Booker","devin booker",2022-02-20,2022,"2021-10-19","2022-06-16",25.3086926762491,77,206,2015,1,13,"2015-10-29",2015,TRUE,"G",61,19,1,"Injury/Illness - Right Hamstring; Strain","hamstring","strain",66,30,93,57.76,40.06,73.05,35.47,23.25,16.13,89.25,78.49,65.59,15.05,8.6,4.3,2.15,0,2.15,6.45,22.58,9.68,5.38,16.13,11.83,4.3,8.6,0,17.2,8.6,5.38,4.3,3.23,0,1.08,22.58,1.08,8.6,0,2.15,0,1.08,2.15,3.23,1.08,1.08,0,0,0,7.53,2.15,0,1.08,5.38,0,1.08,1.08,0,2.15,5.38,6.45,1.08,5.38,7.53,7.53,3.23,0,1.08,"Guard"
"28010","Devin Booker","devin booker",2022-02-19,2022,"2021-10-19","2022-06-16",25.305954825462,77,206,2015,1,13,"2015-10-29",2015,TRUE,"G",62,20,1,"Injury/Illness - Right Hamstring; Strain","hamstring","strain",65,30,83,31.57,40.06,93.58,89.13,20.75,16.87,89.16,69.88,61.45,15.66,6.02,3.61,0,2.41,0,9.64,13.25,12.05,1.2,12.05,10.84,13.25,4.82,2.41,18.07,0,2.41,2.41,0,2.41,1.2,27.71,4.82,7.23,1.2,0,0,2.41,2.41,1.2,4.82,4.82,0,3.61,3.61,4.82,0,0,0,4.82,1.2,2.41,2.41,0,2.41,10.84,10.84,3.61,6.02,10.84,3.61,7.23,0,0,"Guard"
"28010","Devin Booker","devin booker",2021-07-20,2021,"2020-12-22","2021-07-20",24.7200547570157,77,206,2015,1,13,"2015-10-29",2015,TRUE,"G",135,21,1,"Injury/Illness - Left Hamstring; Strain","hamstring","strain",171,74,69,23.51,99,11.82,41.62,17.25,8.7,98.55,72.46,57.97,23.19,15.94,1.45,14.49,0,0,7.25,24.64,8.7,0,7.25,10.14,1.45,7.25,0,14.49,13.04,5.8,24.64,20.29,4.35,1.45,18.84,2.9,4.35,1.45,0,0,0,0,2.9,11.59,5.8,4.35,4.35,2.9,27.54,10.14,2.9,1.45,20.29,0,2.9,1.45,1.45,0,10.14,5.8,1.45,1.45,2.9,2.9,5.8,0,0,"Guard"
"28010","Devin Booker","devin booker",2021-07-19,2021,"2020-12-22","2021-07-20",24.7173169062286,77,206,2015,1,13,"2015-10-29",2015,TRUE,"G",136,22,1,"Injury/Illness - Left Hamstring; Strain","hamstring","strain",170,74,92,4.38,88.9,98.67,3.88,15.33,8.7,94.57,80.43,66.3,20.65,11.96,4.35,7.61,0,0,8.7,15.22,7.61,2.17,14.13,14.13,14.13,10.87,1.09,20.65,5.43,2.17,9.78,8.7,1.09,0,28.26,1.09,7.61,2.17,1.09,1.09,0,2.17,1.09,4.35,1.09,3.26,1.09,0,9.78,2.17,1.09,1.09,8.7,0,3.26,3.26,0,0,5.43,13.04,1.09,10.87,11.96,10.87,7.61,0,0,"Guard"
"28010","Devin Booker","devin booker",2021-07-11,2021,"2020-12-22","2021-07-20",24.6954140999316,77,206,2015,1,13,"2015-10-29",2015,TRUE,"G",144,24,1,"Injury/Illness - Left Hamstring; Strain","hamstring","strain",162,71,54,3.37,13.82,99,93.93,10.8,9.26,100,81.48,70.37,16.67,9.26,3.7,5.56,0,0,7.41,16.67,5.56,0,12.96,16.67,11.11,11.11,3.7,24.07,9.26,9.26,7.41,5.56,1.85,0,22.22,0,11.11,0,0,0,0,1.85,9.26,9.26,7.41,1.85,1.85,0,5.56,0,0,0,5.56,0,3.7,3.7,0,1.85,14.81,9.26,1.85,9.26,7.41,3.7,7.41,7.41,0,"Guard"
"28010","Devin Booker","devin booker",2021-07-10,2021,"2020-12-22","2021-07-20",24.6926762491444,77,206,2015,1,13,"2015-10-29",2015,TRUE,"G",145,25,1,"Injury/Illness - Left Hamstring; Strain","hamstring","strain",161,71,75,14.24,19.67,99,0,15,10.67,90.67,77.33,62.67,18.67,9.33,2.67,6.67,0,0,9.33,14.67,8,2.67,10.67,9.33,5.33,10.67,5.33,18.67,2.67,4,10.67,8,1.33,1.33,24,1.33,20,4,4,2.67,2.67,0,10.67,0,0,0,0,0,13.33,5.33,1.33,0,8,0,4,2.67,1.33,0,8,13.33,4,9.33,4,6.67,2.67,0,1.33,"Guard"
"28010","Devin Booker","devin booker",2021-07-08,2021,"2020-12-22","2021-07-20",24.6872005475702,77,206,2015,1,13,"2015-10-29",2015,TRUE,"G",147,25,1,"Injury/Illness - Left Hamstring; Strain","hamstring","strain",159,70,91,40.35,94.16,24.32,35.85,22.75,17.58,93.41,81.32,62.64,18.68,13.19,3.3,6.59,1.1,2.2,5.49,13.19,8.79,0,14.29,8.79,4.4,9.89,1.1,19.78,6.59,5.49,8.79,8.79,0,0,26.37,3.3,14.29,4.4,3.3,0,0,2.2,2.2,3.3,2.2,1.1,1.1,0,13.19,3.3,2.2,0,10.99,0,1.1,1.1,0,0,9.89,4.4,0,1.1,3.3,4.4,4.4,3.3,1.1,"Guard"
"28010","Devin Booker","devin booker",2021-07-07,2021,"2020-12-22","2021-07-20",24.684462696783,77,206,2015,1,13,"2015-10-29",2015,TRUE,"G",148,26,1,"Injury/Illness - Left Hamstring; Strain","hamstring","strain",158,70,71,18.94,98.1,99,40.95,11.83,9.86,92.96,74.65,63.38,29.58,15.49,5.63,1.41,5.63,2.82,14.08,15.49,5.63,0,15.49,9.86,4.23,5.63,0,19.72,2.82,1.41,2.82,1.41,1.41,0,21.13,2.82,7.04,4.23,1.41,0,0,1.41,0,1.41,1.41,0,1.41,1.41,16.9,2.82,1.41,1.41,14.08,1.41,7.04,1.41,2.82,0,8.45,15.49,5.63,12.68,2.82,1.41,7.04,0,0,"Guard"
"28010","Devin Booker","devin booker",2021-07-06,2021,"2020-12-22","2021-07-20",24.6817248459959,77,206,2015,1,13,"2015-10-29",2015,TRUE,"G",149,26,1,"Injury/Illness - Left Hamstring; Strain","hamstring","strain",157,69,67,54.92,99,48.48,20.23,13.4,11.94,94.03,70.15,58.21,19.4,11.94,1.49,8.96,0,0,7.46,13.43,2.99,2.99,19.4,7.46,5.97,4.48,0,17.91,2.99,5.97,16.42,10.45,1.49,4.48,17.91,2.99,4.48,1.49,0,0,1.49,0,0,2.99,1.49,1.49,0,0,16.42,5.97,1.49,2.99,11.94,1.49,1.49,1.49,0,0,10.45,16.42,1.49,11.94,2.99,2.99,4.48,5.97,0,"Guard"
"28010","Devin Booker","devin booker",2021-06-30,2021,"2020-12-22","2021-07-20",24.6652977412731,77,206,2015,1,13,"2015-10-29",2015,TRUE,"G",155,27,1,"Injury/Illness - Left Hamstring; Strain","hamstring","strain",151,68,105,16.28,94.65,95.74,65.27,10.5,11.43,93.33,79.05,60,20,11.43,1.9,5.71,0,0,8.57,16.19,8.57,1.9,10.48,10.48,9.52,8.57,0,20.95,6.67,6.67,8.57,5.71,1.9,1.9,23.81,1.9,1.9,0,0,0,0,0,1.9,2.86,2.86,0,0,0,13.33,1.9,0,0.95,10.48,3.81,1.9,0,1.9,0.95,12.38,19.05,4.76,16.19,6.67,8.57,6.67,1.9,0,"Guard"
"28010","Devin Booker","devin booker",2021-06-20,2021,"2020-12-22","2021-07-20",24.6379192334018,77,206,2015,1,13,"2015-10-29",2015,TRUE,"G",165,32,1,"Injury/Illness - Left Hamstring; Strain","hamstring","strain",141,63,82,27.64,33.17,94.28,37.8,16.4,14.63,91.46,79.27,56.1,15.85,8.54,4.88,1.22,0,1.22,7.32,13.41,8.54,1.22,10.98,8.54,7.32,12.2,0,20.73,8.54,7.32,7.32,4.88,1.22,1.22,23.17,0,9.76,3.66,1.22,0,1.22,0,4.88,1.22,1.22,0,0,0,8.54,3.66,3.66,0,7.32,1.22,1.22,0,0,4.88,8.54,9.76,3.66,7.32,3.66,1.22,8.54,0,0,"Guard"
"28010","Devin Booker","devin booker",2020-02-15,2020,"2019-10-22","2020-10-11",23.2936344969199,77,206,2015,1,13,"2015-10-29",2015,TRUE,"G",343,33,1,"Injury/Illness - Left Hamstring; Strain","hamstring","strain",60,28,59,2.56,2.09,97.35,98.08,9.83,11.86,94.92,77.97,66.1,27.12,15.25,15.25,0,0,0,11.86,18.64,5.08,0,8.47,11.86,10.17,6.78,0,16.95,6.78,6.78,1.69,1.69,0,0,30.51,6.78,5.08,1.69,1.69,0,0,1.69,0,6.78,6.78,0,5.08,5.08,3.39,0,0,0,3.39,0,3.39,1.69,1.69,1.69,11.86,5.08,0,3.39,8.47,3.39,11.86,0,0,"Guard"
"28010","Devin Booker","devin booker",2019-02-16,2019,"2018-12-20","2019-06-13",22.2970568104038,77,206,2015,1,13,"2015-10-29",2015,TRUE,"G",48,20,1,"Injury/Illness - Left ankle sprain","ankle","sprain",8,2,51,40.88,99,1,99,6.38,15.69,92.16,68.63,52.94,23.53,21.57,1.96,0,3.92,0,1.96,15.69,7.84,1.96,11.76,7.84,5.88,1.96,0,17.65,7.84,0,5.88,0,1.96,3.92,17.65,0,7.84,1.96,1.96,1.96,0,0,1.96,7.84,7.84,0,0,0,21.57,0,0,0,21.57,15.69,3.92,3.92,0,1.96,7.84,7.84,1.96,3.92,1.96,5.88,7.84,0,0,"Guard"
"28010","Devin Booker","devin booker",2026-02-14,2026,"2025-10-21","2026-06-13",29.2922655715264,77,206,2015,1,13,"2015-10-29",2015,TRUE,"G",7,4,1,"Injury/Illness - Right Hip; Strain","hip","strain",9,2,53,79.57,51.31,55.39,78.39,10.6,13.21,90.57,73.58,58.49,15.09,7.55,5.66,0,0,1.89,7.55,16.98,7.55,1.89,18.87,13.21,1.89,1.89,0,22.64,5.66,1.89,3.77,3.77,0,0,15.09,0,1.89,0,0,0,1.89,0,0,3.77,3.77,0,0,0,11.32,3.77,1.89,0,7.55,1.89,9.43,0,5.66,1.89,7.55,11.32,5.66,5.66,1.89,9.43,1.89,0,1.89,"Guard"
"41401","Christian Braun","christian braun",2023-06-06,2023,"2022-10-18","2023-06-12",22.135523613963,78,220,2022,1,21,"2022-10-20",2022,TRUE,"G",559,120,1,"Injury/Illness - Low Back; Strain","back","strain",230,92,63,10.19,88.15,77.17,70.15,15.75,4.76,93.65,73.02,57.14,19.05,15.87,4.76,9.52,1.59,0,3.17,9.52,6.35,1.59,9.52,9.52,11.11,4.76,4.76,22.22,3.17,3.17,17.46,11.11,4.76,1.59,23.81,1.59,11.11,4.76,1.59,1.59,0,0,4.76,9.52,6.35,3.17,0,0,15.87,4.76,1.59,1.59,12.7,0,14.29,9.52,4.76,1.59,3.17,9.52,1.59,7.94,0,7.94,4.76,0,3.17,"Guard"
"41401","Christian Braun","christian braun",2023-06-03,2023,"2022-10-18","2023-06-12",22.1273100616016,78,220,2022,1,21,"2022-10-20",2022,TRUE,"G",562,121,1,"Injury/Illness - Low Back; Strain","back","strain",227,91,57,27.21,14.81,99,74.93,14.25,5.26,96.49,73.68,61.4,21.05,15.79,12.28,1.75,0,1.75,5.26,14.04,7.02,0,12.28,7.02,8.77,5.26,1.75,17.54,5.26,3.51,8.77,1.75,3.51,5.26,19.3,0,14.04,3.51,1.75,1.75,1.75,1.75,1.75,3.51,3.51,0,1.75,1.75,8.77,0,0,0,8.77,3.51,5.26,1.75,3.51,1.75,15.79,10.53,3.51,10.53,1.75,1.75,3.51,0,0,"Guard"
"41401","Christian Braun","christian braun",2023-05-31,2023,"2022-10-18","2023-06-12",22.1190965092402,78,220,2022,1,21,"2022-10-20",2022,TRUE,"G",565,122,1,"Injury/Illness - Low Back; Strain","back","strain",224,90,64,15.97,87.7,23.08,99,12.8,10.94,93.75,85.94,62.5,15.63,7.81,0,3.13,1.56,0,7.81,18.75,9.38,0,10.94,17.19,9.38,7.81,0,26.56,10.94,9.38,7.81,3.13,4.69,0,29.69,0,9.38,1.56,0,0,0,3.13,4.69,10.94,10.94,0,3.13,3.13,10.94,1.56,0,0,9.38,4.69,1.56,1.56,0,6.25,12.5,6.25,1.56,6.25,3.13,7.81,9.38,0,3.13,"Guard"
"41401","Christian Braun","christian braun",2023-06-07,2023,"2022-10-18","2023-06-12",22.1382614647502,78,220,2022,1,21,"2022-10-20",2022,TRUE,"G",558,119,1,"Injury/Illness - Low Back; Strain","back","strain",231,92,51,1,96.5,1,95.42,10.2,5.88,100,82.35,70.59,41.18,21.57,1.96,3.92,0,15.69,19.61,13.73,3.92,0,5.88,15.69,0,5.88,3.92,25.49,1.96,3.92,9.8,3.92,1.96,3.92,35.29,5.88,21.57,0,9.8,3.92,3.92,0,3.92,5.88,5.88,0,0,0,21.57,1.96,0,1.96,19.61,0,7.84,7.84,0,0,9.8,0,0,0,0,3.92,5.88,1.96,0,"Guard"
"Youtube/4745.mp3","Christian Braun","christian braun",2024-10-24,2025,"2024-10-22","2025-06-22",23.5208761122519,78,220,2022,1,21,"2022-10-20",2022,TRUE,"G",53,22,1,"Injury/Illness - Low Back; Strain","back","strain",736,189,1326,6.62,99,88.49,91.4,14.41,7.09,95.78,80.62,62.37,24.66,18.63,4.07,5.35,6.41,1.89,6.03,14.03,4.6,1.28,10.86,11.09,7.39,6.94,1.81,25.34,4.75,5.96,9.5,6.56,2.34,0.6,30.92,1.43,15.16,7.92,0.68,0.9,0.98,2.04,2.71,6.49,5.81,0.68,1.73,1.43,17.87,2.64,0.9,1.06,15.84,1.36,2.56,1.66,0.83,2.04,14.03,8.37,1.43,6.26,4.15,5.05,5.28,2.49,2.26,"Guard"
"32885","Miles Bridges","miles bridges",2020-02-14,2020,"2019-10-22","2020-10-11",21.9028062970568,79,225,2018,1,12,"2018-10-17",2018,TRUE,"F",1510,223,1,"Injury/Illness - Right Wrist; Contusion","wrist","contusion",420,105,63,66.04,16.63,84.92,88.66,9,6.35,96.83,80.95,60.32,15.87,7.94,6.35,1.59,0,0,7.94,9.52,4.76,0,19.05,6.35,7.94,4.76,0,20.63,1.59,6.35,9.52,1.59,4.76,4.76,28.57,3.17,11.11,1.59,3.17,3.17,0,1.59,1.59,4.76,4.76,0,1.59,1.59,6.35,4.76,0,1.59,1.59,0,6.35,3.17,1.59,3.17,14.29,12.7,0,9.52,7.94,4.76,7.94,0,3.17,"Forward"
"26754","Malcolm Brogdon","malcolm brogdon",2019-05-23,2019,"2018-12-20","2019-06-13",26.444900752909,76,229,2016,2,36,"2016-10-27",2016,FALSE,"G",246,34,1,"Injury/Illness - Not Available; Concussion","head","concussion",17,5,67,41.48,99,13.1,86.16,13.4,13.43,86.57,71.64,58.21,16.42,11.94,0,4.48,2.99,4.48,4.48,19.4,10.45,1.49,11.94,14.93,5.97,4.48,0,22.39,2.99,7.46,11.94,7.46,2.99,1.49,22.39,1.49,5.97,2.99,0,0,0,1.49,1.49,4.48,4.48,0,4.48,4.48,17.91,2.99,1.49,1.49,16.42,1.49,2.99,0,1.49,4.48,11.94,5.97,1.49,4.48,1.49,8.96,4.48,0,0,"Guard"
"26754","Malcolm Brogdon","malcolm brogdon",2019-05-19,2019,"2018-12-20","2019-06-13",26.4339493497604,76,229,2016,2,36,"2016-10-27",2016,FALSE,"G",250,36,1,"Injury/Illness - Not Available; Concussion","head","concussion",13,3,65,71.09,99,99,43.1,9.29,13.85,90.77,70.77,55.38,20,18.46,4.62,12.31,0,1.54,1.54,13.85,6.15,0,18.46,9.23,0,1.54,3.08,20,3.08,6.15,15.38,12.31,1.54,1.54,20,0,10.77,4.62,0,0,6.15,3.08,0,1.54,1.54,0,0,0,13.85,0,0,0,13.85,0,4.62,3.08,1.54,1.54,6.15,23.08,10.77,12.31,0,4.62,3.08,7.69,0,"Guard"
"26754","Malcolm Brogdon","malcolm brogdon",2019-05-16,2019,"2018-12-20","2019-06-13",26.425735797399,76,229,2016,2,36,"2016-10-27",2016,FALSE,"G",253,38,1,"Injury/Illness - Not Available; Concussion","head","concussion",10,2,58,28.28,6.07,99,74.09,19.33,5.17,96.55,81.03,58.62,18.97,13.79,12.07,0,1.72,0,5.17,8.62,6.9,0,17.24,13.79,10.34,5.17,0,25.86,8.62,5.17,1.72,0,1.72,0,25.86,0,15.52,5.17,1.72,1.72,0,0,0,3.45,3.45,0,0,0,1.72,0,0,0,1.72,0,1.72,1.72,0,0,17.24,15.52,3.45,15.52,1.72,0,8.62,5.17,0,"Guard"
"28623","Dillon Brooks","dillon brooks",2022-05-13,2022,"2021-10-19","2022-06-16",26.3052703627652,79,225,2017,2,45,"2017-10-19",2017,TRUE,"F",593,107,1,"Injury/Illness - Right Oblique; Strain","abdomen","strain",63,21,92,28.85,53.04,85.35,35.66,23,10.87,91.3,73.91,58.7,17.39,9.78,4.35,4.35,0,1.09,7.61,19.57,6.52,2.17,13.04,9.78,3.26,11.96,1.09,16.3,5.43,8.7,10.87,5.43,4.35,1.09,21.74,2.17,9.78,2.17,1.09,1.09,0,0,4.35,7.61,4.35,3.26,2.17,2.17,8.7,2.17,1.09,0,7.61,0,2.17,1.09,1.09,2.17,7.61,7.61,4.35,3.26,6.52,3.26,6.52,2.17,0,"Forward"
"Youtube/1565.mp3","Dillon Brooks","dillon brooks",2021-05-19,2021,"2020-12-22","2021-07-20",25.3223819301848,79,225,2017,2,45,"2017-10-19",2017,TRUE,"F",154,6,1,"Injury/Illness - Left Hand; Fracture Recovery","hand","fracture",770,141,439,7.28,99,93.92,84.69,13.72,9.34,93.85,80.41,60.14,25.74,20.27,4.78,5.47,8.66,1.37,5.47,11.39,4.1,1.14,10.02,8.88,4.33,10.02,0.91,24.83,4.33,4.78,8.66,6.38,0.91,1.37,28.93,1.59,16.63,9.57,1.37,1.82,2.73,0,2.51,4.33,4.33,0,0.91,0.91,20.27,3.64,0.46,1.14,17.08,0.46,4.78,3.19,0.68,0.46,15.49,8.43,3.42,5.47,2.73,2.28,5.92,3.64,2.05,"Forward"
"Youtube/4069.mp3","Dillon Brooks","dillon brooks",2021-04-04,2021,"2020-12-22","2021-07-20",25.1991786447639,79,225,2017,2,45,"2017-10-19",2017,TRUE,"F",199,30,1,"Injury/Illness - Left Hand; Fracture Recovery","hand","fracture",725,117,475,4.81,99,82.96,78.59,14.84,10.11,93.89,81.05,60.63,27.16,20.84,5.47,4.84,9.26,1.05,6.32,14.74,2.74,1.68,8.84,8.63,4.84,8.42,1.05,25.05,5.68,5.26,8.42,5.89,1.89,0.63,26.11,1.47,16.21,10.32,1.05,1.26,1.89,0.21,2.53,6.53,5.05,1.26,1.26,0.84,18.32,1.89,0.84,1.05,16.63,0.63,3.79,3.16,0.21,1.89,15.79,5.05,0.63,3.37,2.32,1.47,6.53,0.63,0.84,"Forward"
"Youtube/5115.mp3","Dillon Brooks","dillon brooks",2021-04-04,2021,"2020-12-22","2021-07-20",25.1991786447639,79,225,2017,2,45,"2017-10-19",2017,TRUE,"F",199,30,1,"Injury/Illness - Left Hand; Fracture Recovery","hand","fracture",725,117,475,4.81,99,82.96,78.59,14.84,10.11,93.89,81.05,60.63,27.37,21.05,5.47,5.05,9.26,1.05,6.32,14.74,2.74,1.68,8.84,8.42,4.84,8.42,1.05,24.84,5.68,5.26,8.63,6.11,1.89,0.63,26.11,1.47,16.21,10.32,1.05,1.26,1.89,0.21,2.53,6.53,5.05,1.26,1.26,0.84,18.53,1.89,0.84,1.05,16.84,0.63,3.79,3.16,0.21,1.89,15.79,5.05,0.63,3.37,2.32,1.47,6.53,0.63,0.84,"Forward"
"Youtube/799.mp3","Dillon Brooks","dillon brooks",2021-04-04,2021,"2020-12-22","2021-07-20",25.1991786447639,79,225,2017,2,45,"2017-10-19",2017,TRUE,"F",199,30,1,"Injury/Illness - Left Hand; Fracture Recovery","hand","fracture",725,117,475,4.81,99,82.96,78.59,14.39,10.11,93.89,81.05,60.63,27.37,21.05,5.47,5.05,9.26,1.05,6.32,14.74,2.74,1.68,8.84,8.42,4.84,8.42,1.05,24.84,5.68,5.26,8.63,6.11,1.89,0.63,26.11,1.47,16.21,10.32,1.05,1.26,1.89,0.21,2.53,6.53,5.05,1.26,1.26,0.84,18.53,1.89,0.84,1.05,16.84,0.63,3.79,3.16,0.21,1.89,15.79,5.05,0.63,3.37,2.32,1.47,6.53,0.63,0.84,"Forward"
"31421","Jaylen Brown","jaylen brown",2022-06-12,2022,"2021-10-19","2022-06-16",25.6317590691307,78,223,2016,1,3,"2016-10-26",2016,TRUE,"G",153,14,1,"Injury/Illness - Left Knee; Contusion","knee","contusion",76,28,53,37.52,2.56,87.76,49.04,10.6,13.21,96.23,73.58,58.49,20.75,9.43,9.43,0,0,0,11.32,15.09,7.55,1.89,13.21,7.55,5.66,5.66,1.89,22.64,0,1.89,9.43,1.89,5.66,1.89,28.3,0,20.75,3.77,0,5.66,11.32,3.77,1.89,1.89,1.89,0,1.89,1.89,3.77,3.77,1.89,1.89,1.89,0,3.77,1.89,1.89,5.66,18.87,9.43,3.77,7.55,3.77,0,5.66,1.89,0,"Guard"
"31421","Jaylen Brown","jaylen brown",2022-06-09,2022,"2021-10-19","2022-06-16",25.6235455167693,78,223,2016,1,3,"2016-10-26",2016,TRUE,"G",156,15,1,"Injury/Illness - Left Knee; Contusion","knee","contusion",73,27,64,57.51,98.18,89.39,69.4,8,9.38,96.88,73.44,57.81,17.19,9.38,0,6.25,3.13,0,7.81,26.56,14.06,0,12.5,14.06,3.13,4.69,1.56,21.88,7.81,9.37,6.25,6.25,0,0,29.69,4.69,4.69,1.56,0,1.56,0,0,1.56,3.13,3.13,0,0,0,9.38,0,0,0,9.38,0,0,0,0,3.13,17.19,15.63,1.56,10.94,10.94,1.56,9.38,3.13,0,"Guard"
"31421","Jaylen Brown","jaylen brown",2022-06-08,2022,"2021-10-19","2022-06-16",25.6208076659822,78,223,2016,1,3,"2016-10-26",2016,TRUE,"G",157,15,1,"Injury/Illness - Left Knee; Contusion","knee","contusion",72,26,62,51.31,76.43,10.77,97.31,15.5,19.35,90.32,82.26,62.9,16.13,12.9,1.61,0,0,0,3.23,17.74,8.06,1.61,17.74,11.29,4.84,8.06,1.61,17.74,11.29,4.84,11.29,1.61,4.84,4.84,24.19,1.61,6.45,1.61,0,1.61,0,0,3.23,11.29,8.06,1.61,3.23,1.61,12.9,0,0,0,12.9,11.29,0,0,0,1.61,11.29,14.52,3.23,9.68,4.84,4.84,6.45,0,0,"Guard"
"31421","Jaylen Brown","jaylen brown",2022-06-05,2022,"2021-10-19","2022-06-16",25.6125941136208,78,223,2016,1,3,"2016-10-26",2016,TRUE,"G",160,16,1,"Injury/Illness - Left Knee; Contusion","knee","contusion",69,25,84,70.33,67.92,56.69,37.34,12,7.14,96.43,77.38,61.9,22.62,14.29,4.76,3.57,0,2.38,8.33,15.48,4.76,1.19,23.81,10.71,0,4.76,0,28.57,1.19,3.57,7.14,3.57,3.57,0,20.24,0,8.33,1.19,0,2.38,1.19,0,3.57,3.57,2.38,1.19,0,0,11.9,2.38,0,0,9.52,3.57,2.38,2.38,0,4.76,7.14,11.9,5.95,7.14,2.38,3.57,7.14,11.9,0,"Guard"
"31421","Jaylen Brown","jaylen brown",2022-06-02,2022,"2021-10-19","2022-06-16",25.6043805612594,78,223,2016,1,3,"2016-10-26",2016,TRUE,"G",163,17,1,"Injury/Illness - Left Knee; Contusion","knee","contusion",66,24,73,62.58,94.56,21.11,63.38,12.17,17.81,87.67,69.86,53.42,15.07,10.96,1.37,4.11,1.37,2.74,4.11,16.44,9.59,1.37,12.33,9.59,4.11,5.48,0,23.29,2.74,4.11,6.85,4.11,1.37,1.37,23.29,0,9.59,4.11,4.11,0,0,0,1.37,5.48,4.11,1.37,2.74,1.37,10.96,1.37,0,0,9.59,1.37,8.22,6.85,1.37,2.74,5.48,2.74,1.37,1.37,5.48,2.74,6.85,0,0,"Guard"
"31421","Jaylen Brown","jaylen brown",2022-05-25,2022,"2021-10-19","2022-06-16",25.5824777549624,78,223,2016,1,3,"2016-10-26",2016,TRUE,"G",171,20,1,"Injury/Illness - Left Knee; Contusion","knee","contusion",58,21,51,58.5,99,73.43,50.31,12.75,9.8,96.08,90.2,64.71,17.65,15.69,0,11.76,0,3.92,1.96,15.69,5.88,3.92,15.69,7.84,3.92,5.88,0,29.41,11.76,11.76,13.73,11.76,1.96,0,17.65,0,7.84,1.96,0,1.96,1.96,0,3.92,9.8,5.88,3.92,1.96,0,23.53,5.88,1.96,0,17.65,1.96,0,0,0,5.88,9.8,15.69,3.92,11.76,1.96,11.76,0,0,1.96,"Guard"
"31421","Jaylen Brown","jaylen brown",2020-09-25,2020,"2019-10-22","2020-10-11",23.9206023271732,78,223,2016,1,3,"2016-10-26",2016,TRUE,"G",185,45,1,"Injury/Illness - Left Hip; Contusion","hip","contusion",199,22,52,91.94,93.13,57.98,49.66,17.33,5.77,94.23,75,65.38,15.38,7.69,0,7.69,0,0,7.69,23.08,15.38,1.92,17.31,9.62,1.92,3.85,0,13.46,5.77,13.46,7.69,7.69,0,0,23.08,3.85,9.62,1.92,0,0,3.85,0,3.85,1.92,1.92,0,0,0,7.69,0,0,0,7.69,0,3.85,3.85,0,0,5.77,11.54,0,11.54,1.92,13.46,0,0,0,"Guard"
"31421","Jaylen Brown","jaylen brown",2020-09-19,2020,"2019-10-22","2020-10-11",23.9041752224504,78,223,2016,1,3,"2016-10-26",2016,TRUE,"G",191,47,1,"Injury/Illness - Left Hip; Contusion","hip","contusion",193,20,74,38.91,7.05,81.07,62.77,18.5,12.16,94.59,78.38,60.81,16.22,9.46,8.11,0,1.35,0,6.76,8.11,5.41,0,17.57,13.51,6.76,6.76,0,21.62,9.46,0,9.46,2.7,5.41,1.35,14.86,0,12.16,1.35,1.35,1.35,0,0,6.76,2.7,2.7,0,0,0,6.76,2.7,1.35,1.35,5.41,0,1.35,1.35,0,2.7,13.51,6.76,2.7,5.41,0,5.41,2.7,2.7,0,"Guard"
"31421","Jaylen Brown","jaylen brown",2023-05-25,2023,"2022-10-18","2023-06-12",26.5817932922656,78,223,2016,1,3,"2016-10-26",2016,TRUE,"G",217,30,1,"Injury/Illness - Low Back; Contusion","back","contusion",46,17,55,39.7,97.34,63.35,93.39,13.75,5.45,92.73,78.18,54.55,20,16.36,5.45,9.09,0,1.82,3.64,10.91,5.45,1.82,14.55,9.09,3.64,7.27,0,23.64,7.27,1.82,14.55,9.09,3.64,1.82,18.18,0,5.45,3.64,0,1.82,0,0,0,5.45,5.45,0,0,0,12.73,1.82,0,1.82,10.91,0,7.27,7.27,0,1.82,3.64,7.27,3.64,3.64,5.45,5.45,0,7.27,0,"Guard"
"31421","Jaylen Brown","jaylen brown",2023-05-17,2023,"2022-10-18","2023-06-12",26.5598904859685,78,223,2016,1,3,"2016-10-26",2016,TRUE,"G",225,34,1,"Injury/Illness - Low Back; Contusion","back","contusion",38,13,51,13.06,96.5,90.94,50.31,8.5,13.73,94.12,84.31,58.82,21.57,17.65,5.88,11.76,0,0,3.92,17.65,3.92,3.92,9.8,13.73,3.92,1.96,3.92,33.33,7.84,9.8,13.73,11.76,1.96,0,25.49,1.96,9.8,5.88,0,1.96,0,0,0,5.88,3.92,1.96,0,0,11.76,0,0,0,11.76,0,5.88,5.88,0,1.96,13.73,13.73,3.92,9.8,1.96,3.92,7.84,1.96,0,"Guard"
"31421","Jaylen Brown","jaylen brown",2024-06-17,2024,"2023-10-24","2024-06-17",27.64681724846,78,223,2016,1,3,"2016-10-26",2016,TRUE,"G",138,6,1,"Injury/Illness - Left Hip Flexor; Strain","hip","strain",66,18,58,2.24,15.13,21.61,46.24,11.6,10.34,87.93,77.59,63.79,29.31,15.52,8.62,0,1.72,0,13.79,8.62,1.72,0,13.79,12.07,8.62,3.45,5.17,22.41,1.72,0,3.45,0,1.72,1.72,22.41,3.45,12.07,5.17,0,1.72,0,5.17,1.72,1.72,1.72,0,0,0,12.07,3.45,0,3.45,8.62,6.9,1.72,0,1.72,1.72,3.45,5.17,1.72,3.45,0,5.17,6.9,0,0,"Guard"
"31421","Jaylen Brown","jaylen brown",2026-02-14,2026,"2025-10-21","2026-06-13",29.3086926762491,78,223,2016,1,3,"2016-10-26",2016,TRUE,"G",10,5,1,"Injury/Illness - Right Knee; Contusion","knee","contusion",10,3,55,2.8,95.19,9.55,93.39,13.75,14.55,94.55,78.18,63.64,30.91,23.64,5.45,3.64,0,0,7.27,10.91,3.64,1.82,12.73,18.18,1.82,7.27,0,27.27,3.64,3.64,10.91,3.64,7.27,0,32.73,0,10.91,3.64,0,0,0,1.82,3.64,5.45,5.45,0,1.82,1.82,20,1.82,0,1.82,18.18,14.55,3.64,0,3.64,0,0,12.73,3.64,7.27,1.82,10.91,9.09,1.82,0,"Guard"
"Youtube/3100.mp3","Jaylen Brown","jaylen brown",2020-09-11,2020,"2019-10-22","2020-10-11",23.8822724161533,78,223,2016,1,3,"2016-10-26",2016,TRUE,"G",199,50,1,"Injury/Illness - Left Hip; Contusion","hip","contusion",185,17,682,4.78,92.93,40.99,91.42,9.88,9.97,95.6,81.96,64.52,27.42,18.18,6.3,2.64,3.81,1.61,9.24,13.93,5.28,0.15,12.32,12.61,6.74,7.62,1.76,24.05,5.57,4.25,6.74,3.81,2.05,0.88,26.25,1.61,11.88,4.99,1.61,2.05,0.88,0.73,2.2,7.18,6.01,0.88,2.35,1.91,18.04,3.37,0.88,1.47,15.54,5.57,2.64,1.47,0.59,1.76,11.73,7.92,0.88,4.84,3.52,4.99,9.38,1.47,1.03,"Guard"
"30875","Jalen Brunson","jalen brunson",2022-05-26,2022,"2021-10-19","2022-06-16",25.7330595482546,74,190,2018,2,33,"2018-10-18",2018,TRUE,"G",301,65,1,"Injury/Illness - Right Hand; Sprained","hand","sprain",76,32,91,9.23,94.16,46.1,99,9.1,10.99,96.7,83.52,60.44,25.27,12.09,3.3,6.59,0,2.2,13.19,14.29,4.4,0,12.09,13.19,5.49,6.59,0,23.08,13.19,3.3,9.89,7.69,2.2,0,31.87,2.2,14.29,5.49,0,1.1,1.1,3.3,3.3,10.99,9.89,1.1,3.3,3.3,14.29,3.3,1.1,0,12.09,0,5.49,4.4,0,2.2,12.09,6.59,1.1,5.49,0,12.09,4.4,1.1,1.1,"Guard"
"30875","Jalen Brunson","jalen brunson",2026-02-14,2026,"2025-10-21","2026-06-13",29.4565366187543,74,190,2018,2,33,"2018-10-18",2018,TRUE,"G",119,46,0,NA,NA,NA,28,13,55,24.99,97.34,1,20.23,13.75,14.55,92.73,81.82,61.82,20,12.73,0,0,1.82,0,7.27,12.73,5.45,0,14.55,10.91,9.09,3.64,1.82,27.27,1.82,1.82,1.82,0,1.82,0,29.09,1.82,9.09,0,0,1.82,3.64,3.64,0,3.64,1.82,1.82,1.82,1.82,14.55,0,0,0,14.55,9.09,7.27,3.64,1.82,1.82,10.91,16.36,1.82,7.27,5.45,1.82,10.91,1.82,0,"Guard"
"30875","Jalen Brunson","jalen brunson",2026-06-13,2026,"2025-10-21","2026-06-13",29.782340862423,74,190,2018,2,33,"2018-10-18",2018,TRUE,"G",1,1,0,NA,NA,NA,147,58,62,46.42,2.59,69.74,89.28,15.5,8.06,98.39,74.19,59.68,16.13,12.9,12.9,0,0,0,3.23,20.97,9.68,1.61,11.29,11.29,3.23,6.45,1.61,20.97,6.45,8.06,16.13,6.45,8.06,1.61,19.35,1.61,12.9,3.23,0,6.45,0,1.61,3.23,4.84,4.84,0,1.61,1.61,12.9,9.68,4.84,4.84,6.45,0,4.84,0,4.84,0,11.29,4.84,1.61,3.23,3.23,0,4.84,1.61,0,"Guard"
"30875","Jalen Brunson","jalen brunson",2026-06-08,2026,"2025-10-21","2026-06-13",29.7686516084873,74,190,2018,2,33,"2018-10-18",2018,TRUE,"G",5,2,0,NA,NA,NA,142,56,52,53.56,99,57.98,1,13,13.46,88.46,82.69,67.31,17.31,15.38,1.92,7.69,0,5.77,1.92,21.15,9.62,3.85,15.38,5.77,7.69,9.62,0,15.38,5.77,7.69,7.69,7.69,0,0,11.54,0,3.85,1.92,0,0,0,1.92,0,3.85,0,3.85,0,0,17.31,3.85,0,0,13.46,0,0,0,0,1.92,5.77,13.46,3.85,9.62,1.92,7.69,0,0,1.92,"Guard"
"Youtube/3021.mp3","Jalen Brunson","jalen brunson",2022-11-11,2023,"2022-10-18","2023-06-12",26.1957563312799,74,190,2018,2,33,"2018-10-18",2018,TRUE,"G",132,53,1,"Injury/Illness - Right Hand; Sprained","hand","sprain",245,44,742,1.85,87.88,35.26,80.03,10.91,8.89,95.96,83.02,66.85,23.85,15.63,3.77,2.96,2.7,0.4,8.22,10.78,5.12,0.67,10.38,13.21,10.65,9.7,2.29,22.91,5.12,3.37,6.74,3.23,2.7,1.08,31.13,2.96,13.07,4.31,1.62,2.16,2.43,1.48,2.83,6.6,5.26,1.35,1.21,0.81,15.5,2.83,0.27,0.54,12.67,5.93,2.83,1.62,0.54,0.4,10.78,10.11,1.89,5.53,5.66,3.23,11.05,1.75,2.96,"Guard"
"Youtube/3525.mp3","Jalen Brunson","jalen brunson",2023-12-15,2024,"2023-10-24","2024-06-17",27.2881587953457,74,190,2018,2,33,"2018-10-18",2018,TRUE,"G",29,14,1,"Injury/Illness - Left Calf; Contusion","calf","contusion",263,37,304,4.84,40.06,66.03,97.62,5.74,10.53,96.05,82.89,61.18,21.71,14.8,8.22,0.99,3.95,0.66,6.91,13.16,5.92,0.33,8.55,10.53,9.87,6.58,4.28,22.7,5.92,1.64,5.92,3.29,2.3,0.33,24.34,3.95,8.88,2.96,0.33,0.99,2.63,1.64,1.64,7.24,6.91,0.33,1.97,1.64,13.49,5.59,2.3,1.97,9.21,1.32,3.29,2.63,0.33,1.97,9.87,9.21,2.63,5.59,1.32,5.59,7.24,3.62,7.24,"Guard"
"Youtube/4330.mp3","Jalen Brunson","jalen brunson",2023-11-12,2024,"2023-10-24","2024-06-17",27.1978097193703,74,190,2018,2,33,"2018-10-18",2018,TRUE,"G",62,29,1,"Injury/Illness - Left Calf; Contusion","calf","contusion",230,22,424,1.68,52.73,87.76,88.29,9.42,14.15,95.75,80.66,64.62,22.88,14.15,6.6,3.54,1.65,0.47,8.73,10.61,4.72,0.24,9.2,15.57,9.91,8.96,1.42,23.58,6.13,3.07,7.78,4.72,2.59,0.47,33.73,2.36,16.04,5.19,0.94,1.18,2.83,1.89,4.95,6.6,5.66,0.94,1.89,1.42,11.08,2.36,1.89,0.24,9.91,1.42,2.59,1.89,0.71,1.42,9.67,7.55,1.42,4.95,4.01,4.25,8.25,4.25,3.54,"Guard"
"Youtube/5596.mp3","Jalen Brunson","jalen brunson",2024-04-07,2024,"2023-10-24","2024-06-17",27.6002737850787,74,190,2018,2,33,"2018-10-18",2018,TRUE,"G",269,50,1,"Injury/Illness - Right Calf; Tightness","calf","tightness",33,15,523,9.27,53.76,55.83,87.19,11.37,10.71,95.03,80.5,66.54,20.27,12.24,5.35,4.02,0.57,0.96,8.03,16.06,6.5,2.29,11.66,13.19,6.88,9.94,1.91,22.37,4.02,5.35,9.56,4.59,3.44,1.72,26.39,1.53,13.77,3.25,2.29,2.49,1.53,1.53,3.25,4.59,4.59,0,0.38,0.38,9.94,1.91,0.96,0.76,8.22,1.15,2.87,2.29,0.57,1.34,8.03,8.03,1.91,5.35,2.87,1.53,9.56,1.53,1.72,"Guard"
"Youtube/72.mp3","Jalen Brunson","jalen brunson",2024-02-01,2024,"2023-10-24","2024-06-17",27.419575633128,74,190,2018,2,33,"2018-10-18",2018,TRUE,"G",7,2,1,"Injury/Illness - Right Ankle; Sprained","ankle","sprain",17,8,571,2.4,26.74,92.15,85.2,7.14,9.11,97.37,84.41,64.62,23.82,14.54,7.53,1.4,2.1,2.8,9.28,11.91,4.73,0.35,11.03,11.38,12.26,7.88,3.15,23.12,5.78,2.63,5.78,3.5,1.58,0.7,30.12,2.8,12.08,3.5,1.23,0.35,2.63,1.4,3.85,5.08,4.73,0.35,1.75,1.75,11.73,3.5,0.7,1.75,8.58,1.23,1.58,1.23,0.35,1.4,9.98,10.51,2.1,5.08,4.9,6.13,7.53,3.15,4.38,"Guard"
"23312","Kentavious Caldwell-Pope","kentavious caldwellpope",2020-10-08,2020,"2019-10-22","2020-10-11",27.6358658453114,77,204,2013,1,8,"2013-10-30",2013,TRUE,"G",87,8,1,"Injury/Illness - Left Ankle; Sprain","ankle","sprain",56,19,65,74.95,58.38,52.48,96.43,65,10.77,87.69,73.85,53.85,10.77,7.69,3.08,0,3.08,1.54,3.08,15.38,6.15,3.08,16.92,6.15,4.62,9.23,0,16.92,12.31,3.08,4.62,0,3.08,1.54,16.92,1.54,10.77,4.62,0,3.08,3.08,0,1.54,6.15,6.15,0,3.08,3.08,9.23,4.62,0,3.08,4.62,0,4.62,4.62,0,1.54,10.77,6.15,3.08,4.62,4.62,1.54,0,3.08,0,"Guard"
"23312","Kentavious Caldwell-Pope","kentavious caldwellpope",2023-06-06,2023,"2022-10-18","2023-06-12",30.2943189596167,77,204,2013,1,8,"2013-10-30",2013,TRUE,"G",247,52,1,"Injury/Illness - Right Hamstring; Tightness","hamstring","tightness",121,42,71,16.18,64.99,41.26,94.32,11.83,8.45,95.77,78.87,63.38,22.54,15.49,7.04,7.04,1.41,0,7.04,11.27,5.63,7.04,12.68,15.49,1.41,5.63,2.82,25.35,5.63,2.82,11.27,7.04,4.23,0,18.31,1.41,11.27,4.23,0,4.23,0,0,2.82,5.63,5.63,0,1.41,1.41,11.27,2.82,0,2.82,8.45,0,8.45,7.04,1.41,0,7.04,8.45,1.41,5.63,0,11.27,2.82,0,0,"Guard"
"23312","Kentavious Caldwell-Pope","kentavious caldwellpope",2023-06-08,2023,"2022-10-18","2023-06-12",30.299794661191,77,204,2013,1,8,"2013-10-30",2013,TRUE,"G",245,51,1,"Injury/Illness - Right Hamstring; Tightness","hamstring","tightness",123,43,55,29.57,71.57,50.45,99,11,12.73,98.18,76.36,61.82,18.18,10.91,3.64,1.82,1.82,0,7.27,12.73,7.27,0,12.73,5.45,14.55,5.45,0,10.91,9.09,7.27,7.27,5.45,0,1.82,14.55,1.82,7.27,1.82,0,0,0,0,5.45,10.91,10.91,0,3.64,3.64,20,10.91,5.45,1.82,10.91,3.64,9.09,5.45,0,1.82,10.91,9.09,0,9.09,0,1.82,3.64,0,0,"Guard"
"Youtube/2160.mp3","Toumani Camara","toumani camara",2025-01-07,2025,"2024-10-22","2025-06-22",24.6680355920602,79,230,2023,2,52,"2023-10-26",2023,TRUE,"F",476,132,0,NA,NA,NA,10,4,747,4.31,17.95,66.6,62.37,9.83,10.44,96.65,81.53,66,25.57,16.73,9.64,0.4,2.54,0.13,8.84,13.52,4.02,0.8,12.45,10.84,8.84,7.63,2.81,20.62,5.76,4.82,4.15,1.07,2.68,0.54,28.65,2.41,14.73,4.82,1.61,2.01,3.21,1.87,3.61,5.89,4.28,1.61,2.41,1.61,12.18,3.61,0.54,2.01,8.7,4.28,2.28,2.01,0.27,0.94,10.84,7.5,0.8,4.55,2.95,3.75,7.36,1.74,2.81,"Forward"
"Youtube/2212.mp3","Toumani Camara","toumani camara",2025-11-30,2026,"2025-10-21","2026-06-13",25.5633127994524,79,230,2023,2,52,"2023-10-26",2023,TRUE,"F",149,68,0,NA,NA,NA,337,67,837,23.6,84.76,73.05,55.57,13.29,10.16,95.7,81,62.37,22.7,14.93,5.02,6.69,0.72,0.72,7.77,14.46,8.12,0.72,13.5,11.23,6.21,6.69,0.84,22.94,6.09,5.26,10.75,7.89,1.91,0.96,25.69,0.36,14.58,5.26,0.96,1.67,1.79,0.6,4.18,4.18,3.23,0.96,0.6,0.36,13.86,2.87,0.84,0.72,11.11,1.79,2.75,2.03,0.36,0.6,11.47,10.04,1.43,6.33,2.75,2.75,8,2.03,1.67,"Forward"
"Youtube/3339.mp3","Toumani Camara","toumani camara",2025-11-16,2026,"2025-10-21","2026-06-13",25.5249828884326,79,230,2023,2,52,"2023-10-26",2023,TRUE,"F",163,75,0,NA,NA,NA,323,60,545,24.44,90.71,81.79,74.61,12.11,7.89,94.86,80.18,60.92,21.65,15.23,5.14,6.42,0.55,0.92,6.42,14.31,6.06,0.55,12.48,9.54,6.42,6.06,0.55,19.08,7.16,7.71,10.28,8.26,1.1,0.92,26.42,2.39,12.11,6.06,1.83,1.65,0.73,0.37,2.57,4.95,4.22,0.73,1.1,0.37,14.5,3.12,1.28,0.73,11.74,2.2,3.12,1.65,0.73,0.92,12.84,9.91,2.02,6.61,4.4,2.75,6.97,2.2,2.75,"Forward"
"Youtube/5287.mp3","Toumani Camara","toumani camara",2025-02-14,2025,"2024-10-22","2025-06-22",24.7720739219713,79,230,2023,2,52,"2023-10-26",2023,TRUE,"F",438,113,0,NA,NA,NA,48,23,1029,21.82,8.19,84.92,70.63,9.19,9.82,95.04,81.44,64.04,18.56,10.69,7.48,0.87,0.58,0.39,7.87,14.29,8.36,1.36,14.19,12.73,9.33,5.83,2.92,21.38,6.8,5.73,3.11,1.17,1.75,0.29,32.94,1.75,17.4,6.22,2.33,1.94,2.53,1.75,3.3,4.57,3.69,0.49,2.04,1.46,6.41,1.65,0.68,0.87,4.76,0.97,2.82,1.85,0.68,0.78,12.24,7.39,1.07,3.69,5.25,3.21,8.75,2.04,2.82,"Forward"
"27407","Clint Capela","clint capela",2021-06-28,2021,"2020-12-22","2021-07-20",27.1129363449692,82,256,2014,1,25,"2014-11-04",2014,TRUE,"C",195,39,1,"Injury/Illness - Left Ankle; Sprain","ankle","sprain",66,26,84,7.34,91.33,8.95,37.34,10.5,8.33,95.24,78.57,61.9,21.43,14.29,2.38,4.76,0,2.38,7.14,14.29,7.14,0,8.33,14.29,9.52,4.76,1.19,22.62,8.33,7.14,7.14,4.76,2.38,1.19,34.52,4.76,11.9,3.57,0,2.38,5.95,1.19,2.38,5.95,3.57,2.38,4.76,3.57,13.1,1.19,0,1.19,11.9,4.76,2.38,1.19,0,2.38,10.71,4.76,1.19,3.57,4.76,9.52,5.95,5.95,2.38,"Center"
"24976","Alex Caruso","alex caruso",2020-09-23,2020,"2019-10-22","2020-10-11",26.5681040383299,77,186,NA,NA,NA,"2017-10-20",2017,TRUE,"G",138,27,1,"Injury/Illness - Right hand; strain","hand","strain",41,13,86,40.39,53.95,76.46,56.53,21.5,19.77,95.35,75.58,61.63,13.95,9.3,3.49,3.49,1.16,0,4.65,15.12,3.49,0,16.28,11.63,4.65,5.81,3.49,18.6,10.47,9.3,10.47,4.65,3.49,2.33,30.23,0,15.12,3.49,1.16,1.16,3.49,2.33,3.49,6.98,4.65,2.33,1.16,1.16,12.79,5.81,1.16,1.16,8.14,0,2.33,0,2.33,1.16,6.98,11.63,3.49,5.81,4.65,5.81,5.81,4.65,1.16,"Guard"
"24976","Alex Caruso","alex caruso",2020-09-19,2020,"2019-10-22","2020-10-11",26.5571526351814,77,186,NA,NA,NA,"2017-10-20",2017,TRUE,"G",142,29,1,"Injury/Illness - Right hand; strain","hand","strain",37,11,92,66.69,81.44,1,84.9,18.4,15.22,88.04,72.83,55.43,14.13,10.87,1.09,2.17,0,2.17,3.26,10.87,5.43,4.35,19.57,4.35,7.61,7.61,2.17,18.48,3.26,5.43,11.96,2.17,6.52,3.26,20.65,0,15.22,2.17,0,6.52,2.17,0,3.26,4.35,4.35,0,1.09,1.09,11.96,0,0,0,11.96,6.52,2.17,2.17,0,3.26,4.35,8.7,2.17,3.26,1.09,0,5.43,2.17,0,"Guard"
"24976","Alex Caruso","alex caruso",2025-06-15,2025,"2024-10-22","2025-06-22",31.2936344969199,77,186,NA,NA,NA,"2017-10-20",2017,TRUE,"G",130,4,1,"Injury/Illness - N/a; Concussion Protocol","head","concussion",63,20,63,89.52,88.15,90.66,43.94,63,9.52,96.83,66.67,53.97,6.35,4.76,0,4.76,0,0,1.59,15.87,14.29,0,15.87,7.94,7.94,7.94,0,22.22,0,3.17,6.35,4.76,1.59,0,17.46,0,4.76,1.59,0,0,0,0,0,1.59,1.59,0,0,0,7.94,3.17,0,3.17,4.76,0,1.59,1.59,0,3.17,20.63,15.87,3.17,14.29,6.35,6.35,0,6.35,1.59,"Guard"
"24976","Alex Caruso","alex caruso",2025-06-11,2025,"2024-10-22","2025-06-22",31.2826830937714,77,186,NA,NA,NA,"2017-10-20",2017,TRUE,"G",134,5,1,"Injury/Illness - N/a; Concussion Protocol","head","concussion",59,18,66,17.69,58.11,8.65,20.23,9.43,12.12,90.91,81.82,69.7,15.15,9.09,1.52,1.52,0,3.03,6.06,18.18,7.58,1.52,12.12,10.61,12.12,9.09,1.52,18.18,10.61,13.64,6.06,3.03,1.52,1.52,19.7,0,9.09,0,0,1.52,1.52,0,4.55,3.03,1.52,1.52,1.52,0,12.12,3.03,0,1.52,9.09,3.03,1.52,0,1.52,3.03,3.03,6.06,1.52,4.55,3.03,12.12,0,1.52,0,"Guard"
"Youtube/1053.mp3","Alex Caruso","alex caruso",2026-02-09,2026,"2025-10-21","2026-06-13",31.9479808350445,77,186,NA,NA,NA,"2017-10-20",2017,TRUE,"G",13,3,1,"Injury/Illness - Left Ankle; Sprain","ankle","sprain",8,2,907,17.5,96.05,28.53,92.45,16.8,10.25,95.37,82.58,63.73,20.73,15.1,2.98,1.54,5.29,0.77,5.62,16.21,7.5,2.09,11.91,10.14,6.95,8.93,1.54,21.06,6.62,5.62,6.39,2.76,2.98,1.32,27.78,0.99,15.33,5.07,1.43,1.87,1.87,0.88,4.08,6.17,5.73,0.44,1.76,1.21,17.09,2.65,0.88,0.77,15.1,5.29,3.42,2.65,0.77,1.21,12.35,5.73,1.21,3.53,4.41,2.76,7.39,1.65,1.54,"Guard"
"Youtube/1684.mp3","Alex Caruso","alex caruso",2026-03-30,2026,"2025-10-21","2026-06-13",32.082135523614,77,186,NA,NA,NA,"2017-10-20",2017,TRUE,"G",61,18,0,NA,NA,NA,21,9,1518,19.16,95.45,70.87,59.49,17.65,9.16,95.19,82.02,65.88,22.13,13.97,2.9,1.91,6.06,0.59,8.17,15.02,6.85,2.11,14.16,11.4,5.27,8.96,1.32,21.61,4.74,5.4,5.99,3.16,2.17,0.92,26.81,0.33,15.22,6.39,1.12,1.65,2.24,0.46,3.89,3.82,3.16,0.66,0.92,0.53,14.49,2.44,1.19,0.53,13.04,2.83,3.36,2.31,0.92,1.32,11.73,8.3,1.52,6.26,4.28,4.15,5.53,2.37,1.98,"Guard"
"Youtube/2580.mp3","Alex Caruso","alex caruso",2026-02-09,2026,"2025-10-21","2026-06-13",31.9479808350445,77,186,NA,NA,NA,"2017-10-20",2017,TRUE,"G",13,3,1,"Injury/Illness - Left Ankle; Sprain","ankle","sprain",8,2,907,17.5,96.18,27.86,92.45,16.8,10.25,95.37,82.58,63.73,20.73,15.21,2.98,1.54,5.29,0.77,5.51,16.21,7.5,2.09,11.91,10.14,6.95,8.93,1.54,21.06,6.62,5.62,6.39,2.76,2.98,1.32,27.78,0.99,15.33,5.07,1.43,1.87,1.87,0.88,4.08,6.17,5.73,0.44,1.76,1.21,17.2,2.65,0.88,0.77,15.21,5.4,3.42,2.65,0.77,1.21,12.35,5.73,1.21,3.53,4.41,2.76,7.39,1.65,1.54,"Guard"
"Youtube/4324.mp3","Alex Caruso","alex caruso",2026-02-09,2026,"2025-10-21","2026-06-13",31.9479808350445,77,186,NA,NA,NA,"2017-10-20",2017,TRUE,"G",13,3,1,"Injury/Illness - Left Ankle; Sprain","ankle","sprain",8,2,907,17.5,96.05,28.53,92.45,16.8,10.25,95.37,82.58,63.73,20.73,15.1,2.98,1.54,5.29,0.77,5.62,16.21,7.5,2.09,11.91,10.14,6.95,8.93,1.54,21.06,6.62,5.62,6.39,2.76,2.98,1.32,27.78,0.99,15.33,5.07,1.43,1.87,1.87,0.88,4.08,6.17,5.73,0.44,1.76,1.21,17.09,2.65,0.88,0.77,15.1,5.29,3.42,2.65,0.77,1.21,12.35,5.73,1.21,3.53,4.41,2.76,7.39,1.65,1.54,"Guard"
"Youtube/443.mp3","Alex Caruso","alex caruso",2026-04-25,2026,"2025-10-21","2026-06-13",32.1533196440794,77,186,NA,NA,NA,"2017-10-20",2017,TRUE,"G",35,12,0,NA,NA,NA,47,15,1251,12.38,96.25,64.88,60.42,17.14,11.51,95.36,82.17,64.83,24.06,15.11,3.68,1.6,6,1.52,8.95,14.47,5.76,1.6,13.35,11.19,6,8.79,0.88,23.02,5.28,4.72,7.35,3.2,3.36,1.36,28.78,1.04,15.75,6.87,1.36,1.76,1.2,0.48,3.52,4.4,3.44,0.88,0.96,0.72,16.15,2.8,1.04,0.72,13.99,3.12,2.64,1.44,0.88,1.92,11.11,6.55,1.36,4.64,4.16,2.4,7.43,0.96,1.44,"Guard"
"Youtube/4515.mp3","Alex Caruso","alex caruso",2026-03-30,2026,"2025-10-21","2026-06-13",32.082135523614,77,186,NA,NA,NA,"2017-10-20",2017,TRUE,"G",61,18,0,NA,NA,NA,21,9,1518,19.16,95.45,70.87,59.49,17.65,9.16,95.19,82.02,65.88,22.13,13.97,2.9,1.91,6.06,0.59,8.17,15.02,6.85,2.11,14.16,11.4,5.27,8.96,1.32,21.61,4.74,5.4,5.99,3.16,2.17,0.92,26.81,0.33,15.22,6.39,1.12,1.65,2.24,0.46,3.89,3.82,3.16,0.66,0.92,0.53,14.49,2.44,1.19,0.53,13.04,2.83,3.36,2.31,0.92,1.32,11.73,8.3,1.52,6.26,4.28,4.15,5.53,2.37,1.98,"Guard"
"Youtube/4640.mp3","Alex Caruso","alex caruso",2026-04-25,2026,"2025-10-21","2026-06-13",32.1533196440794,77,186,NA,NA,NA,"2017-10-20",2017,TRUE,"G",35,12,0,NA,NA,NA,47,15,1250,12.46,96.26,64.45,60.45,16.89,11.6,95.36,82.08,64.72,24,15.12,3.68,1.6,6,1.52,8.88,14.48,5.76,1.6,13.28,11.12,6,8.8,0.88,22.96,5.28,4.72,7.36,3.2,3.36,1.36,28.72,1.04,15.76,6.88,1.36,1.76,1.2,0.48,3.52,4.4,3.44,0.88,0.96,0.72,16.16,2.8,1.04,0.72,14,3.12,2.64,1.44,0.88,1.92,11.12,6.48,1.36,4.56,4.16,2.4,7.36,0.96,1.6,"Guard"
"Youtube/4737.mp3","Alex Caruso","alex caruso",2025-11-13,2026,"2025-10-21","2026-06-13",31.7070499657769,77,186,NA,NA,NA,"2017-10-20",2017,TRUE,"G",22,6,1,"Injury/Illness - Right Quad; Contusion","quadriceps","contusion",17,8,1366,31.51,90.36,76.14,62.87,17.51,9.81,94.14,80.82,63.76,20.35,13.62,4.39,2.56,3.81,0.66,6.73,14.93,6.66,1.68,15.96,9,6.81,8.57,0.81,19.47,4.69,5.49,6.44,3.73,1.98,0.95,25.48,1.39,13.47,5.49,1.1,1.68,2.12,1.17,2.64,4.32,3.44,0.73,1.17,0.88,14.2,2.93,1.17,1.24,11.79,2.56,3,1.68,1.24,0.73,9.74,9.15,1.76,6.81,4.54,2.05,6.81,1.32,1.54,"Guard"
"Youtube/580.mp3","Alex Caruso","alex caruso",2026-03-30,2026,"2025-10-21","2026-06-13",32.082135523614,77,186,NA,NA,NA,"2017-10-20",2017,TRUE,"G",61,18,0,NA,NA,NA,21,9,1518,19.16,95.45,70.87,59.49,17.25,9.16,95.19,82.02,65.88,22.13,13.97,2.9,1.91,6.06,0.59,8.17,15.02,6.85,2.11,14.16,11.4,5.27,8.96,1.32,21.61,4.74,5.4,5.99,3.16,2.17,0.92,26.81,0.33,15.22,6.39,1.12,1.65,2.24,0.46,3.89,3.82,3.16,0.66,0.92,0.53,14.49,2.44,1.19,0.53,13.04,2.83,3.36,2.31,0.92,1.32,11.73,8.3,1.52,6.26,4.28,4.15,5.53,2.37,1.98,"Guard"
"Youtube/6186.mp3","Alex Caruso","alex caruso",2026-04-25,2026,"2025-10-21","2026-06-13",32.1533196440794,77,186,NA,NA,NA,"2017-10-20",2017,TRUE,"G",35,12,0,NA,NA,NA,47,15,1250,12.46,96.26,64.45,60.45,17.12,11.52,95.36,82.08,64.72,24,15.12,3.68,1.6,6,1.52,8.88,14.48,5.76,1.6,13.28,11.12,6,8.8,0.88,22.96,5.28,4.72,7.36,3.2,3.36,1.36,28.72,1.04,15.76,6.88,1.36,1.76,1.2,0.48,3.52,4.4,3.44,0.88,0.96,0.72,16.16,2.8,1.04,0.72,14,3.12,2.64,1.44,0.88,1.92,11.12,6.48,1.36,4.56,4.16,2.4,7.36,0.96,1.6,"Guard"
"41358","Julian Champagnie","julian champagnie",2026-06-13,2026,"2025-10-21","2026-06-13",24.9555099247091,79,217,NA,NA,NA,"2022-11-19",2022,TRUE,"F",1,1,0,NA,NA,NA,832,208,61,19.57,99,3.62,71.67,8.71,21.31,81.97,60.66,49.18,24.59,16.39,4.92,11.48,0,0,8.2,11.48,6.56,0,4.92,6.56,6.56,1.64,0,14.75,1.64,0,14.75,11.48,3.28,3.28,34.43,1.64,22.95,4.92,0,3.28,11.48,3.28,0,3.28,3.28,0,0,0,16.39,0,0,0,16.39,0,0,0,0,0,3.28,1.64,0,1.64,0,6.56,1.64,4.92,1.64,"Forward"
"41358","Julian Champagnie","julian champagnie",2026-06-09,2026,"2025-10-21","2026-06-13",24.9445585215606,79,217,NA,NA,NA,"2022-11-19",2022,TRUE,"F",4,2,0,NA,NA,NA,828,207,59,25.06,50.15,41.6,98.08,14.75,16.95,96.61,83.05,67.8,15.25,3.39,1.69,1.69,0,0,11.86,18.64,11.86,1.69,8.47,13.56,13.56,3.39,0,18.64,13.56,3.39,5.08,1.69,1.69,1.69,28.81,1.69,15.25,3.39,3.39,0,3.39,3.39,1.69,6.78,6.78,0,0,0,5.08,0,0,0,3.39,0,5.08,5.08,0,0,6.78,18.64,3.39,5.08,1.69,10.17,0,1.69,1.69,"Forward"
"37001","Brandon Clarke","brandon clarke",2020-02-14,2020,"2019-10-22","2020-10-11",23.4031485284052,80,215,2019,1,21,"2019-10-23",2019,FALSE,"F",12,3,1,"Injury/Illness - Right Quadriceps; Injury","quadriceps","injury",114,47,67,1,57.85,28.11,95.78,13.4,17.91,94.03,85.07,70.15,19.4,13.43,5.97,2.99,0,0,5.97,4.48,1.49,0,14.93,14.93,23.88,8.96,0,20.9,8.96,1.49,7.46,5.97,1.49,0,38.81,1.49,19.4,1.49,1.49,1.49,0,8.96,4.48,5.97,5.97,0,1.49,1.49,11.94,4.48,2.99,1.49,10.45,4.48,2.99,2.99,0,0,8.96,5.97,0,2.99,5.97,0,11.94,0,0,"Forward"
"Youtube/2147.mp3","Brandon Clarke","brandon clarke",2021-01-18,2021,"2020-12-22","2021-07-20",24.331279945243,80,215,2019,1,21,"2019-10-23",2019,FALSE,"F",776,180,1,"Injury/Illness - Left Achilles; Tear","achilles","tear",314,21,573,14.76,99,45.18,64.24,14.32,5.93,95.29,81.68,64.4,23.39,15.53,2.97,6.11,4.19,0.35,7.85,17.63,6.46,1.4,10.82,9.08,8.73,6.28,0.17,21.12,4.54,3.49,10.82,8.9,1.57,0.35,25.48,1.22,15.36,7.33,0.87,1.22,2.44,2.27,2.27,6.11,4.36,1.57,2.09,1.22,17.45,4.01,2.62,0.7,15.18,2.09,3.14,2.27,0.87,2.62,13.61,6.98,1.05,4.54,2.44,2.27,5.76,0.7,1.4,"Forward"
"Youtube/3120.mp3","Brandon Clarke","brandon clarke",2021-03-12,2021,"2020-12-22","2021-07-20",24.476386036961,80,215,2019,1,21,"2019-10-23",2019,FALSE,"F",723,164,1,"Injury/Illness - Left Achilles; Tear","achilles","tear",367,37,509,5.45,83.19,94.85,91.26,15.42,6.09,95.87,82.71,64.83,22.99,14.93,6.29,2.55,4.52,0.59,8.06,13.75,4.72,0.39,11.59,12.18,10.81,7.07,0.98,24.36,6.29,3.54,5.3,3.34,1.18,0.79,29.47,1.77,14.34,8.25,0.98,0.2,2.36,1.77,1.38,5.89,5.5,0.39,1.96,1.96,11.98,2.75,0.79,1.18,9.63,1.38,3.14,2.75,0.2,1.38,15.13,8.45,2.36,4.91,5.11,5.89,7.07,0.59,1.96,"Forward"
"Youtube/3597.mp3","Brandon Clarke","brandon clarke",2021-03-04,2021,"2020-12-22","2021-07-20",24.4544832306639,80,215,2019,1,21,"2019-10-23",2019,FALSE,"F",731,166,1,"Injury/Illness - Left Achilles; Tear","achilles","tear",359,35,940,13.22,94.04,80.57,95.73,18.8,6.49,96.7,83.62,63.3,22.77,14.89,4.79,2.45,6.28,0.43,7.87,14.15,6.06,0.32,11.49,10.21,7.45,7.55,0.85,23.19,6.28,5,5.64,3.4,1.81,0.43,30.21,1.38,19.04,9.04,0.43,2.45,3.19,2.13,2.98,7.34,6.6,0.64,1.49,1.28,13.62,2.34,0.96,0.11,11.91,1.06,3.51,2.98,0.53,1.38,16.81,7.02,1.06,4.36,3.51,3.19,5.53,2.77,2.66,"Forward"
"Youtube/3822.mp3","Brandon Clarke","brandon clarke",2021-04-28,2021,"2020-12-22","2021-07-20",24.6050650239562,80,215,2019,1,21,"2019-10-23",2019,FALSE,"F",676,142,1,"Injury/Illness - Left Achilles; Tear","achilles","tear",414,59,681,7.68,87.32,98.74,32.44,15.13,6.17,96.04,83.41,64.76,25.11,15.71,5.14,4.41,4.85,0.88,9.4,14.39,5.14,0.59,12.78,11.01,7.34,7.64,2.2,23.05,3.96,3.52,5.87,4.55,1.17,0.15,33.19,1.76,19.68,8.81,1.47,0.59,5.14,2.5,3.52,3.23,2.06,1.17,0.59,0.15,12.48,1.47,0.29,0.88,10.87,0.59,1.62,1.03,0,1.47,15.71,10.13,1.76,7.93,4.41,3.38,5.87,2.79,4.26,"Forward"
"Youtube/6019.mp3","Brandon Clarke","brandon clarke",2021-03-27,2021,"2020-12-22","2021-07-20",24.517453798768,80,215,2019,1,21,"2019-10-23",2019,FALSE,"F",708,155,1,"Injury/Illness - Left Achilles; Tear","achilles","tear",382,46,516,14.65,95.01,63.08,79.65,12.9,5.81,93.8,81.78,63.95,22.67,15.89,4.26,2.33,4.26,3.29,6.78,15.5,6.98,1.36,12.02,8.91,10.27,7.56,0,19.96,6.59,5.04,6.2,3.29,1.94,0.97,26.16,0.58,16.28,6.2,0.19,1.36,2.71,3.68,2.71,6.2,5.04,1.16,1.74,1.55,14.15,2.13,1.16,0.58,12.98,1.94,3.29,1.94,0.78,1.16,12.02,10.47,2.91,5.04,1.94,3.29,7.75,0.58,1.74,"Forward"
"26608","Jordan Clarkson","jordan clarkson",2021-06-10,2021,"2020-12-22","2021-07-20",29.0075290896646,77,194,2014,2,46,"2014-10-29",2014,TRUE,"G",211,42,1,"Injury/Illness - Low Back; Tightness","back","tightness",58,23,133,59.06,99,74.83,92.27,16.63,9.77,94.74,78.95,59.4,17.29,11.28,0.75,8.27,0,2.26,6.02,14.29,8.27,3.01,15.04,6.77,6.02,6.77,0,21.8,4.51,7.52,12.78,9.77,3.01,1.5,21.05,0.75,9.02,1.5,3.01,0.75,0.75,1.5,1.5,5.26,5.26,0,0,0,13.53,2.26,1.5,0,12.03,0.75,5.26,4.51,0,2.26,7.52,13.53,3.76,10.53,4.51,10.53,1.5,1.5,0,"Guard"
"26608","Jordan Clarkson","jordan clarkson",2026-06-02,2026,"2025-10-21","2026-06-13",33.9849418206708,77,194,2014,2,46,"2014-10-29",2014,TRUE,"G",11,4,0,NA,NA,NA,415,87,50,95.62,51.99,49.13,99,10,16,94,60,46,6,2,2,0,0,0,4,16,12,0,18,2,12,4,0,10,6,4,4,2,2,2,14,0,14,2,0,0,4,4,2,10,10,0,2,2,8,2,2,0,6,2,8,4,4,0,6,14,2,10,0,2,2,0,0,"Guard"
"32947","Amir Coffey","amir coffey",2020-07-17,2020,"2019-10-22","2020-10-11",23.0828199863107,79,210,NA,NA,NA,"2019-12-31",2019,FALSE,"G",1605,284,1,"Injury/Illness - Right Shoulder; Contusion","shoulder","contusion",263,13,73,42.14,97.79,2.05,63.38,14.6,15.07,93.15,83.56,67.12,20.55,10.96,2.74,6.85,0,1.37,9.59,15.07,10.96,0,13.7,9.59,10.96,2.74,0,24.66,4.11,4.11,10.96,8.22,2.74,0,12.33,0,8.22,2.74,0,2.74,1.37,1.37,0,2.74,2.74,0,1.37,1.37,17.81,8.22,1.37,6.85,10.96,1.37,2.74,0,2.74,0,12.33,4.11,0,4.11,0,0,5.48,2.74,0,"Guard"
"32777","John Collins","john collins",2021-07-03,2021,"2020-12-22","2021-07-20",23.7754962354552,81,226,2017,1,19,"2017-10-19",2017,TRUE,"F",225,50,1,"Injury/Illness - Right Foot; Strain","foot","strain",79,33,57,47.02,99,8.42,46.76,19,8.77,87.72,78.95,66.67,21.05,12.28,1.75,10.53,0,0,8.77,28.07,12.28,0,12.28,10.53,5.26,3.51,1.75,19.3,0,12.28,15.79,12.28,3.51,1.75,26.32,7.02,1.75,1.75,0,0,0,0,0,1.75,1.75,0,0,0,15.79,3.51,1.75,0,14.04,1.75,1.75,1.75,0,0,3.51,1.75,0,1.75,5.26,10.53,3.51,0,0,"Forward"
"32777","John Collins","john collins",2021-07-01,2021,"2020-12-22","2021-07-20",23.7700205338809,81,226,2017,1,19,"2017-10-19",2017,TRUE,"F",227,51,1,"Injury/Illness - Right Foot; Strain","foot","strain",77,32,62,56.16,97.31,58.85,44.38,15.5,9.68,95.16,75.81,62.9,19.35,14.52,3.23,8.06,1.61,1.61,4.84,11.29,3.23,4.84,20.97,3.23,9.68,3.23,3.23,12.9,4.84,6.45,9.68,9.68,0,0,16.13,0,14.52,3.23,0,1.61,1.61,3.23,6.45,8.06,4.84,3.23,0,0,19.35,3.23,1.61,1.61,17.74,4.84,3.23,3.23,0,1.61,8.06,11.29,1.61,6.45,0,1.61,4.84,6.45,0,"Forward"
"32777","John Collins","john collins",2021-06-28,2021,"2020-12-22","2021-07-20",23.7618069815195,81,226,2017,1,19,"2017-10-19",2017,TRUE,"F",230,53,1,"Injury/Illness - Right Foot; Strain","foot","strain",74,31,70,27.91,65.33,16.97,20.23,14,11.43,95.71,84.29,62.86,28.57,11.43,5.71,1.43,0,0,17.14,17.14,7.14,0,14.29,11.43,1.43,4.29,0,30,2.86,0,4.29,2.86,0,1.43,31.43,0,17.14,2.86,0,4.29,11.43,0,2.86,2.86,1.43,1.43,2.86,1.43,11.43,0,0,0,11.43,4.29,1.43,0,0,0,8.57,10,2.86,2.86,2.86,1.43,12.86,7.14,2.86,"Forward"
"32777","John Collins","john collins",2021-06-25,2021,"2020-12-22","2021-07-20",23.7535934291581,81,226,2017,1,19,"2017-10-19",2017,TRUE,"F",233,54,1,"Injury/Illness - Right Foot; Strain","foot","strain",71,29,59,48.82,77.93,53.8,73.26,19.67,11.86,93.22,79.66,66.1,22.03,10.17,1.69,8.47,0,0,11.86,20.34,5.08,1.69,20.34,10.17,1.69,6.78,1.69,20.34,1.69,3.39,13.56,8.47,5.08,3.39,27.12,0,18.64,3.39,5.08,1.69,1.69,0,6.78,3.39,3.39,0,0,0,10.17,1.69,0,0,8.47,0,0,0,0,1.69,6.78,10.17,1.69,6.78,0,1.69,10.17,0,1.69,"Forward"
"32777","John Collins","john collins",2021-06-23,2021,"2020-12-22","2021-07-20",23.7481177275838,81,226,2017,1,19,"2017-10-19",2017,TRUE,"F",235,55,1,"Injury/Illness - Right Foot; Strain","foot","strain",69,28,102,35.2,57.59,46.57,99,12.75,6.86,94.12,81.37,62.75,18.63,14.71,3.92,1.96,0,0.98,3.92,10.78,5.88,1.96,17.65,9.8,7.84,5.88,2.94,19.61,8.82,3.92,1.96,1.96,0,0,23.53,2.94,7.84,0,0.98,0,2.94,2.94,2.94,8.82,8.82,0,2.94,2.94,12.75,1.96,0,0.98,10.78,7.84,3.92,3.92,0,2.94,12.75,12.75,5.88,4.9,7.84,4.9,5.88,2.94,0.98,"Forward"
"37684","Mike Conley","mike conley",2021-06-18,2021,"2020-12-22","2021-07-20",33.6865160848734,73,175,2007,1,4,"2007-10-31",2007,TRUE,"G",521,95,1,"Injury/Illness - Left Leg; Popliteus strain","knee","strain",2,0,72,3.64,1,97.72,64,14.4,4.17,100,79.17,66.67,16.67,13.89,13.89,0,0,0,2.78,4.17,1.39,0,16.67,16.67,9.72,9.72,5.56,27.78,2.78,1.39,6.94,0,6.94,0,36.11,0,22.22,1.39,0,5.56,8.33,1.39,8.33,2.78,2.78,0,1.39,1.39,1.39,1.39,0,1.39,0,0,2.78,2.78,0,0,8.33,5.56,2.78,2.78,5.56,12.5,1.39,6.94,0,"Guard"
"23387","Pat Connaughton","pat connaughton",2021-07-17,2021,"2020-12-22","2021-07-20",28.5256673511294,77,209,2015,2,41,"2015-10-29",2015,TRUE,"G",212,55,1,"Injury/Illness - Right Finger; Fracture","finger","fracture",190,84,86,4.92,99,22.48,36.9,14.33,8.14,93.02,72.09,62.79,25.58,15.12,1.16,10.47,0,0,10.47,12.79,5.81,0,8.14,16.28,3.49,5.81,1.16,23.26,1.16,1.16,13.95,11.63,0,2.33,26.74,1.16,11.63,2.33,1.16,0,4.65,2.33,1.16,1.16,1.16,0,0,0,15.12,1.16,1.16,0,15.12,2.33,5.81,4.65,0,1.16,6.98,11.63,4.65,5.81,1.16,3.49,10.47,0,1.16,"Guard"
"23387","Pat Connaughton","pat connaughton",2021-07-14,2021,"2020-12-22","2021-07-20",28.517453798768,77,209,2015,2,41,"2015-10-29",2015,TRUE,"G",215,56,1,"Injury/Illness - Right Finger; Fracture","finger","fracture",187,83,76,77.54,7.5,95.77,61.63,15.2,15.79,92.11,75,57.89,10.53,7.89,7.89,0,0,0,2.63,17.11,11.84,0,14.47,7.89,3.95,10.53,0,22.37,3.95,2.63,0,0,0,0,25,0,13.16,2.63,1.32,0,6.58,0,2.63,5.26,3.95,1.32,1.32,1.32,3.95,1.32,0,0,2.63,1.32,0,0,0,2.63,6.58,13.16,5.26,5.26,3.95,14.47,0,1.32,1.32,"Guard"
"23387","Pat Connaughton","pat connaughton",2021-07-13,2021,"2020-12-22","2021-07-20",28.5147159479808,77,209,2015,2,41,"2015-10-29",2015,TRUE,"G",216,57,1,"Injury/Illness - Right Finger; Fracture","finger","fracture",186,83,70,43.94,2.47,33.12,7.42,17.5,5.71,97.14,88.57,64.29,17.14,14.29,10,0,0,1.43,2.86,17.14,10,0,14.29,8.57,5.71,8.57,2.86,24.29,8.57,5.71,0,0,0,0,24.29,0,14.29,1.43,1.43,1.43,5.71,1.43,4.29,1.43,0,1.43,0,0,10,4.29,0,2.86,5.71,0,1.43,0,0,8.57,5.71,2.86,0,1.43,0,10,2.86,0,1.43,"Guard"
"23387","Pat Connaughton","pat connaughton",2021-07-08,2021,"2020-12-22","2021-07-20",28.5010266940452,77,209,2015,2,41,"2015-10-29",2015,TRUE,"G",221,58,1,"Injury/Illness - Right Finger; Fracture","finger","fracture",181,81,87,13.62,99,51.97,56.07,17.4,8.05,97.7,72.41,57.47,24.14,14.94,1.15,9.2,0,4.6,9.2,14.94,4.6,4.6,10.34,10.34,6.9,4.6,0,17.24,5.75,6.9,11.49,9.2,2.3,0,27.59,1.15,12.64,2.3,0,0,9.2,0,1.15,2.3,2.3,0,1.15,1.15,13.79,0,0,0,13.79,0,1.15,0,1.15,2.3,5.75,11.49,3.45,2.3,8.05,5.75,5.75,5.75,1.15,"Guard"
"23387","Pat Connaughton","pat connaughton",2021-07-07,2021,"2020-12-22","2021-07-20",28.498288843258,77,209,2015,2,41,"2015-10-29",2015,TRUE,"G",222,59,1,"Injury/Illness - Right Finger; Fracture","finger","fracture",180,81,72,29.64,92.24,1.17,93.93,24,12.5,98.61,84.72,65.28,20.83,16.67,2.78,4.17,0,0,4.17,13.89,6.94,1.39,13.89,12.5,2.78,6.94,1.39,20.83,8.33,6.94,6.94,4.17,2.78,0,29.17,4.17,16.67,4.17,0,5.56,6.94,1.39,2.78,5.56,5.56,0,2.78,2.78,13.89,0,0,0,13.89,9.72,1.39,1.39,0,1.39,8.33,9.72,2.78,5.56,2.78,11.11,0,4.17,1.39,"Guard"
"23387","Pat Connaughton","pat connaughton",2021-07-05,2021,"2020-12-22","2021-07-20",28.4928131416838,77,209,2015,2,41,"2015-10-29",2015,TRUE,"G",224,60,1,"Injury/Illness - Right Finger; Fracture","finger","fracture",178,80,128,48.1,89.93,1.63,93.46,42.67,17.97,92.19,75,63.28,20.31,10.16,2.34,2.34,0.78,0,10.16,19.53,8.59,0.78,16.41,10.16,3.91,7.03,0.78,19.53,3.13,3.13,7.81,3.91,3.91,0,19.53,0.78,11.72,4.69,2.34,3.13,3.13,0.78,0,5.47,5.47,0,0.78,0.78,17.97,7.03,1.56,3.91,10.16,5.47,2.34,0.78,1.56,0,6.25,6.25,2.34,3.91,0.78,1.56,8.59,2.34,0.78,"Guard"
"23387","Pat Connaughton","pat connaughton",2021-07-03,2021,"2020-12-22","2021-07-20",28.4873374401095,77,209,2015,2,41,"2015-10-29",2015,TRUE,"G",226,60,1,"Injury/Illness - Right Finger; Fracture","finger","fracture",176,79,96,55.95,90.6,68.87,52.41,16,18.75,93.75,70.83,57.29,16.67,6.25,1.04,5.21,0,0,10.42,16.67,7.29,0,16.67,10.42,6.25,4.17,1.04,18.75,4.17,5.21,11.46,7.29,2.08,3.13,19.79,2.08,9.38,1.04,2.08,0,2.08,2.08,2.08,6.25,4.17,2.08,0,0,13.54,4.17,1.04,1.04,9.38,1.04,5.21,0,4.17,1.04,5.21,15.63,4.17,10.42,2.08,5.21,5.21,1.04,0,"Guard"
"20683","DeMarcus Cousins","demarcus cousins",2021-06-20,2021,"2020-12-22","2021-07-20",30.8528405201916,82,270,2010,1,5,"2010-10-28",2010,FALSE,"C",224,25,1,"Injury/Illness - Right Foot; Sprain","foot","sprain",762,49,68,64.21,90.28,36.2,41.97,13.6,20.59,91.18,66.18,55.88,16.18,7.35,1.47,5.88,0,0,8.82,25,11.76,0,10.29,11.76,2.94,1.47,1.47,16.18,5.88,10.29,10.29,8.82,0,1.47,32.35,0,11.76,1.47,2.94,0,2.94,4.41,1.47,1.47,1.47,0,0,0,13.24,7.35,2.94,1.47,8.82,0,5.88,4.41,1.47,0,4.41,5.88,1.47,4.41,5.88,11.76,4.41,0,0,"Center"
"22128","Jae Crowder","jae crowder",2021-07-13,2021,"2020-12-22","2021-07-20",31.0198494182067,78,235,2012,2,34,"2012-10-31",2012,FALSE,"PF",195,42,1,"Injury/Illness - Left Wrist; Contusion","wrist","contusion",69,24,69,10.19,24.56,55.19,65.92,23,23.19,94.2,76.81,59.42,28.99,13.04,10.14,1.45,0,1.45,15.94,14.49,4.35,1.45,13.04,13.04,5.8,2.9,0,23.19,5.8,4.35,10.14,5.8,4.35,1.45,27.54,1.45,13.04,4.35,2.9,1.45,1.45,2.9,0,2.9,2.9,0,0,0,7.25,4.35,4.35,0,5.8,0,10.14,5.8,4.35,0,5.8,10.14,0,5.8,0,5.8,8.7,1.45,0,"Forward"
"22128","Jae Crowder","jae crowder",2021-07-10,2021,"2020-12-22","2021-07-20",31.0116358658453,78,235,2012,2,34,"2012-10-31",2012,FALSE,"PF",198,43,1,"Injury/Illness - Left Wrist; Contusion","wrist","contusion",66,23,63,66.04,31.19,99,99,12.6,12.7,96.83,80.95,50.79,11.11,3.17,3.17,0,0,0,7.94,11.11,6.35,0,14.29,6.35,12.7,1.59,0,20.63,15.87,1.59,3.17,0,1.59,1.59,19.05,1.59,9.52,4.76,0,0,0,3.17,1.59,7.94,7.94,0,0,0,3.17,0,0,0,3.17,0,6.35,0,4.76,0,28.57,26.98,4.76,20.63,4.76,3.17,6.35,0,0,"Forward"
"22128","Jae Crowder","jae crowder",2021-07-08,2021,"2020-12-22","2021-07-20",31.006160164271,78,235,2012,2,34,"2012-10-31",2012,FALSE,"PF",200,43,1,"Injury/Illness - Left Wrist; Contusion","wrist","contusion",64,22,59,29.33,98.91,1,99,14.75,6.78,93.22,74.58,59.32,23.73,20.34,3.39,5.08,0,0,3.39,10.17,3.39,0,15.25,5.08,3.39,10.17,0,16.95,3.39,1.69,6.78,5.08,1.69,0,22.03,0,15.25,3.39,5.08,3.39,0,0,1.69,8.47,8.47,0,3.39,3.39,16.95,0,0,0,16.95,11.86,8.47,6.78,1.69,1.69,15.25,5.08,0,5.08,1.69,1.69,3.39,1.69,0,"Forward"
"22128","Jae Crowder","jae crowder",2021-07-07,2021,"2020-12-22","2021-07-20",31.0034223134839,78,235,2012,2,34,"2012-10-31",2012,FALSE,"PF",201,44,1,"Injury/Illness - Left Wrist; Contusion","wrist","contusion",63,22,70,10.84,99,16.97,84.26,17.5,17.14,94.29,88.57,70,27.14,15.71,0,14.29,1.43,0,11.43,21.43,4.29,2.86,17.14,12.86,11.43,2.86,0,21.43,8.57,14.29,15.71,14.29,1.43,0,28.57,1.43,15.71,4.29,0,1.43,1.43,2.86,2.86,4.29,4.29,0,0,0,18.57,2.86,0,2.86,15.71,0,1.43,1.43,0,0,7.14,8.57,0,7.14,0,7.14,4.29,4.29,0,"Forward"
"22128","Jae Crowder","jae crowder",2021-07-05,2021,"2020-12-22","2021-07-20",30.9979466119097,78,235,2012,2,34,"2012-10-31",2012,FALSE,"PF",203,45,1,"Injury/Illness - Left Wrist; Contusion","wrist","contusion",61,21,60,39.7,15.75,99,0,20,15,93.33,78.33,61.67,18.33,10,10,0,0,0,8.33,15,6.67,1.67,15,3.33,13.33,6.67,0,16.67,3.33,3.33,8.33,0,5,5,11.67,1.67,3.33,1.67,0,0,1.67,0,0,0,0,0,0,0,10,5,0,5,5,0,8.33,0,6.67,0,8.33,18.33,10,11.67,5,5,6.67,0,0,"Forward"
"22128","Jae Crowder","jae crowder",2021-06-30,2021,"2020-12-22","2021-07-20",30.984257357974,78,235,2012,2,34,"2012-10-31",2012,FALSE,"PF",208,45,1,"Injury/Illness - Left Wrist; Contusion","wrist","contusion",56,20,82,37.58,91.94,82.04,76.91,10.25,18.29,96.34,82.93,62.2,20.73,14.63,6.1,8.54,0,0,6.1,15.85,9.76,2.44,10.98,9.76,7.32,3.66,0,23.17,8.54,6.1,13.41,9.76,3.66,0,23.17,0,15.85,7.32,0,3.66,3.66,0,1.22,3.66,3.66,0,1.22,1.22,9.76,0,0,0,9.76,0,3.66,2.44,1.22,2.44,8.54,10.98,0,9.76,2.44,9.76,2.44,1.22,0,"Forward"
"22128","Jae Crowder","jae crowder",2020-10-05,2020,"2019-10-22","2020-10-11",30.2505133470226,78,235,2012,2,34,"2012-10-31",2012,FALSE,"PF",199,58,1,"Injury/Illness - Right Ankle; Sprain","ankle","sprain",52,18,55,13.83,99,90.83,47.86,27.5,9.09,98.18,81.82,67.27,21.82,12.73,1.82,10.91,0,0,9.09,14.55,5.45,1.82,16.36,14.55,9.09,7.27,0,20,7.27,7.27,12.73,12.73,0,0,29.09,0,10.91,3.64,0,0,0,1.82,3.64,1.82,1.82,0,0,0,12.73,0,0,0,12.73,1.82,0,0,0,1.82,10.91,7.27,0,7.27,9.09,7.27,1.82,3.64,0,"Forward"
"22128","Jae Crowder","jae crowder",2020-09-29,2020,"2019-10-22","2020-10-11",30.2340862422998,78,235,2012,2,34,"2012-10-31",2012,FALSE,"PF",205,61,1,"Injury/Illness - Right Ankle; Sprain","ankle","sprain",46,15,85,36.31,40.06,77.89,95.42,14.17,16.47,94.12,75.29,63.53,18.82,9.41,7.06,2.35,0,0,9.41,14.12,7.06,0,17.65,15.29,5.88,5.88,0,22.35,4.71,0,7.06,4.71,2.35,0,22.35,0,4.71,0,1.18,1.18,1.18,1.18,0,5.88,5.88,0,2.35,2.35,4.71,2.35,2.35,0,4.71,0,7.06,5.88,1.18,2.35,8.24,12.94,2.35,10.59,3.53,9.41,8.24,0,0,"Forward"
"Youtube/5577.mp3","Jae Crowder","jae crowder",2022-03-04,2022,"2021-10-19","2022-06-16",31.6605065023956,78,235,2012,2,34,"2012-10-31",2012,FALSE,"PF",619,58,1,"Injury/Illness - Left Adductor; and Abdominal Tear","groin","tear",33,13,1225,14.61,94.96,48.24,59.96,11.24,11.18,95.43,81.39,64.57,25.22,17.31,5.14,5.8,1.55,1.06,7.92,13.8,5.31,1.47,13.96,10.12,6.29,6.94,1.14,22.61,3.59,4.16,10.29,7.35,2.2,0.82,23.18,1.47,9.39,2.86,0.73,1.47,0.41,1.14,2.94,5.39,3.84,1.31,1.39,1.14,18.29,4.08,0.9,1.31,14.61,4.49,2.61,1.31,1.14,1.22,9.31,10.37,2.94,6.61,2.61,7.67,4.9,1.22,0.98,"Forward"
"18274","Stephen Curry","stephen curry",2022-06-12,2022,"2021-10-19","2022-06-16",34.2450376454483,74,185,2009,1,7,"2009-10-29",2009,TRUE,"G",191,28,1,"Injury/Illness - Left Shoulder; Subluxation","shoulder","subluxation",63,20,98,71.21,87.11,87.61,20.23,12.25,8.16,94.9,78.57,59.18,12.24,5.1,0,2.04,2.04,0,7.14,14.29,9.18,0,18.37,11.22,6.12,7.14,0,22.45,7.14,7.14,4.08,3.06,1.02,0,32.65,3.06,8.16,4.08,1.02,1.02,1.02,1.02,0,5.1,2.04,2.04,1.02,0,5.1,0,0,0,5.1,1.02,1.02,1.02,0,1.02,6.12,15.31,4.08,9.18,9.18,5.1,6.12,6.12,0,"Guard"
"18274","Stephen Curry","stephen curry",2022-06-04,2022,"2021-10-19","2022-06-16",34.2231348391513,74,185,2009,1,7,"2009-10-29",2009,TRUE,"G",199,31,1,"Injury/Illness - Left Shoulder; Subluxation","shoulder","subluxation",55,17,86,13.03,60.8,53.52,87.73,14.33,11.63,91.86,84.88,67.44,19.77,13.95,2.33,0,1.16,0,5.81,18.6,4.65,1.16,13.95,6.98,9.3,10.47,3.49,18.6,10.47,2.33,1.16,1.16,0,0,25.58,3.49,15.12,3.49,2.33,1.16,3.49,0,4.65,4.65,4.65,0,0,0,16.28,3.49,1.16,0,12.79,10.47,1.16,1.16,0,1.16,13.95,17.44,2.33,13.95,3.49,1.16,8.14,1.16,0,"Guard"
"18274","Stephen Curry","stephen curry",2022-06-01,2022,"2021-10-19","2022-06-16",34.2149212867899,74,185,2009,1,7,"2009-10-29",2009,TRUE,"G",202,32,1,"Injury/Illness - Left Shoulder; Subluxation","shoulder","subluxation",52,16,65,31.07,58.38,88.07,0,13,12.31,90.77,76.92,63.08,26.15,13.85,7.69,0,6.15,0,12.31,23.08,6.15,1.54,15.38,4.62,7.69,4.62,1.54,15.38,3.08,6.15,0,0,0,0,15.38,4.62,4.62,3.08,1.54,0,0,0,0,0,0,0,0,0,9.23,0,0,0,6.15,0,4.62,1.54,3.08,1.54,12.31,7.69,1.54,7.69,4.62,6.15,3.08,0,0,"Guard"
"18274","Stephen Curry","stephen curry",2022-05-20,2022,"2021-10-19","2022-06-16",34.1820670773443,74,185,2009,1,7,"2009-10-29",2009,TRUE,"G",214,35,1,"Injury/Illness - Left Shoulder; Subluxation","shoulder","subluxation",40,12,61,40.68,99,37.69,89.9,10.17,18.03,95.08,68.85,50.82,18.03,11.48,0,1.64,3.28,1.64,6.56,18.03,9.84,0,8.2,11.48,3.28,4.92,0,24.59,4.92,3.28,1.64,1.64,0,0,32.79,3.28,14.75,4.92,8.2,3.28,0,0,0,8.2,6.56,1.64,6.56,4.92,18.03,3.28,1.64,0,14.75,4.92,3.28,1.64,0,1.64,8.2,16.39,3.28,11.48,4.92,8.2,6.56,3.28,0,"Guard"
"18274","Stephen Curry","stephen curry",2022-02-20,2022,"2021-10-19","2022-06-16",33.9383983572895,74,185,2009,1,7,"2009-10-29",2009,TRUE,"G",28,10,1,"Injury/Illness - Left Foot; Sprain","foot","sprain",45,19,101,22.02,24.22,12.87,67.03,20.2,10.89,95.05,83.17,70.3,26.73,10.89,5.94,0,0.99,0,15.84,23.76,6.93,4.95,12.87,8.91,2.97,6.93,0.99,16.83,6.93,6.93,6.93,0,5.94,0.99,16.83,1.98,9.9,2.97,0.99,0.99,0.99,1.98,1.98,2.97,2.97,0,0,0,7.92,0.99,0,0,4.95,3.96,1.98,0,0.99,0.99,10.89,4.95,0.99,3.96,0.99,3.96,3.96,0.99,0,"Guard"
"18274","Stephen Curry","stephen curry",2021-05-21,2021,"2020-12-22","2021-07-20",33.1854893908282,74,185,2009,1,7,"2009-10-29",2009,TRUE,"G",182,15,1,"Injury/Illness - Left Hip; Contusion","hip","contusion",7,2,58,80.59,70.12,86.26,74.09,14.5,13.79,93.1,74.14,63.79,13.79,5.17,1.72,3.45,0,0,8.62,22.41,10.34,3.45,15.52,6.9,5.17,3.45,1.72,12.07,6.9,6.9,5.17,3.45,1.72,0,25.86,5.17,6.9,0,0,0,3.45,1.72,0,3.45,3.45,0,1.72,1.72,5.17,0,0,0,5.17,0,3.45,3.45,0,0,1.72,10.34,1.72,10.34,10.34,1.72,1.72,0,0,"Guard"
"18274","Stephen Curry","stephen curry",2021-03-07,2021,"2020-12-22","2021-07-20",32.9801505817933,74,185,2009,1,7,"2009-10-29",2009,TRUE,"G",12,4,1,"Injury/Illness - Tailbone; Contusion","tailbone","contusion",369,36,84,70.33,27.1,72.58,99,21,15.48,89.29,77.38,63.1,9.52,2.38,1.19,0,0,0,7.14,22.62,9.52,1.19,13.1,11.9,3.57,7.14,0,17.86,9.52,8.33,4.76,0,4.76,0,23.81,4.76,7.14,1.19,0,1.19,0,1.19,3.57,9.52,9.52,0,4.76,4.76,3.57,1.19,0,0,2.38,1.19,5.95,3.57,2.38,1.19,10.71,10.71,2.38,8.33,5.95,7.14,0,0,0,"Guard"
"18274","Stephen Curry","stephen curry",2020-03-11,2020,"2019-10-22","2020-10-11",31.9917864476386,74,185,2009,1,7,"2009-10-29",2009,TRUE,"G",373,40,1,"Injury/Illness - Tailbone; Contusion","tailbone","contusion",8,1,209,10.63,93.94,15.12,65.48,26.13,12.92,95.69,83.25,68.42,22.49,10.05,1.44,2.87,4.78,0.96,12.44,11.48,4.31,0.48,18.66,15.79,6.7,9.57,1.44,24.88,4.31,3.83,5.74,2.87,2.39,0.48,28.23,3.35,13.88,2.39,2.39,4.31,1.91,0.48,3.35,2.87,2.87,0,0.96,0.96,11.96,0.96,0,0.48,10.53,0,4.78,1.44,2.87,1.44,11,6.7,1.91,3.83,3.83,0.96,8.13,4.31,0,"Guard"
"18274","Stephen Curry","stephen curry",2019-06-13,2019,"2018-12-20","2019-06-13",31.2470910335387,74,185,2009,1,7,"2009-10-29",2009,TRUE,"G",141,4,1,"Injury/Illness - Left Hand Fracture","hand","fracture",64,21,152,20.07,94.84,74.28,71.82,16.89,11.84,93.42,79.61,63.82,21.05,11.18,1.32,6.58,0,1.97,9.87,18.42,7.89,0.66,13.16,11.84,4.61,9.87,1.32,19.08,5.92,5.26,9.87,7.89,1.97,0,25,1.32,9.21,3.29,0,0.66,0.66,2.63,2.63,5.92,4.61,1.32,1.97,1.97,13.16,3.29,1.97,0,11.18,0,3.95,1.32,1.32,0,5.92,10.53,2.63,7.89,4.61,5.26,5.26,1.32,0.66,"Guard"
"18274","Stephen Curry","stephen curry",2019-06-12,2019,"2018-12-20","2019-06-13",31.2443531827515,74,185,2009,1,7,"2009-10-29",2009,TRUE,"G",142,5,1,"Injury/Illness - Left Hand Fracture","hand","fracture",63,21,85,70.62,61.04,5.72,75.21,21.25,16.47,94.12,74.12,57.65,12.94,3.53,0,1.18,1.18,1.18,9.41,16.47,10.59,1.18,14.12,7.06,7.06,7.06,0,16.47,5.88,8.24,9.41,2.35,5.88,1.18,32.94,2.35,20,0,2.35,3.53,2.35,4.71,3.53,3.53,3.53,0,1.18,1.18,4.71,1.18,1.18,0,4.71,0,4.71,3.53,1.18,0,4.71,9.41,1.18,4.71,3.53,0,9.41,2.35,0,"Guard"
"18274","Stephen Curry","stephen curry",2019-06-10,2019,"2018-12-20","2019-06-13",31.2388774811773,74,185,2009,1,7,"2009-10-29",2009,TRUE,"G",144,5,1,"Injury/Illness - Left Hand Fracture","hand","fracture",61,20,80,29.27,98.52,28.56,90.5,26.67,13.75,93.75,83.75,65,20,11.25,0,2.5,2.5,1.25,8.75,13.75,8.75,0,13.75,6.25,7.5,12.5,0,17.5,6.25,5,7.5,3.75,5,1.25,18.75,1.25,6.25,2.5,2.5,0,0,1.25,1.25,6.25,5,0,1.25,0,18.75,3.75,1.25,0,12.5,5,0,0,0,1.25,10,16.25,5,8.75,2.5,7.5,5,1.25,0,"Guard"
"18274","Stephen Curry","stephen curry",2019-06-09,2019,"2018-12-20","2019-06-13",31.2361396303901,74,185,2009,1,7,"2009-10-29",2009,TRUE,"G",145,6,1,"Injury/Illness - Left Hand Fracture","hand","fracture",60,20,108,28.44,29.78,59.49,48.44,36,17.59,89.81,72.22,61.11,16.67,5.56,2.78,1.85,0.93,0,11.11,14.81,4.63,1.85,14.81,11.11,6.48,7.41,1.85,18.52,3.7,4.63,1.85,1.85,0,0,30.56,2.78,14.81,4.63,1.85,0.93,4.63,0,2.78,2.78,1.85,0,0.93,0,2.78,0,0,0,2.78,0,4.63,1.85,2.78,0.93,4.63,8.33,0.93,5.56,3.7,4.63,7.41,0.93,0,"Guard"
"18274","Stephen Curry","stephen curry",2019-06-06,2019,"2018-12-20","2019-06-13",31.2279260780287,74,185,2009,1,7,"2009-10-29",2009,TRUE,"G",148,7,1,"Injury/Illness - Left Hand Fracture","hand","fracture",57,19,59,7.46,96.3,1,45.75,11.8,22.03,91.53,74.58,59.32,22.03,13.56,1.69,5.08,3.39,0,8.47,16.95,8.47,0,6.78,13.56,5.08,6.78,3.39,23.73,3.39,5.08,6.78,6.78,0,0,32.2,1.69,20.34,1.69,1.69,5.08,1.69,1.69,3.39,1.69,1.69,0,1.69,1.69,13.56,1.69,1.69,0,13.56,3.39,5.08,1.69,1.69,0,5.08,8.47,0,6.78,0,5.08,6.78,3.39,0,"Guard"
"18274","Stephen Curry","stephen curry",2019-06-05,2019,"2018-12-20","2019-06-13",31.2251882272416,74,185,2009,1,7,"2009-10-29",2009,TRUE,"G",149,7,1,"Injury/Illness - Left Hand Fracture","hand","fracture",56,18,58,32.86,85.25,7.91,1.05,58,12.07,91.38,75.86,62.07,10.34,6.9,0,1.72,0,0,3.45,18.97,12.07,0,12.07,12.07,10.34,12.07,1.72,18.97,5.17,3.45,3.45,1.72,1.72,0,29.31,1.72,10.34,1.72,0,1.72,1.72,0,1.72,6.9,1.72,5.17,0,0,12.07,1.72,0,0,10.34,6.9,3.45,1.72,1.72,0,8.62,10.34,0,8.62,3.45,6.9,8.62,0,0,"Guard"
"18274","Stephen Curry","stephen curry",2019-06-02,2019,"2018-12-20","2019-06-13",31.2169746748802,74,185,2009,1,7,"2009-10-29",2009,TRUE,"G",152,8,1,"Injury/Illness - Left Hand Fracture","hand","fracture",53,17,90,39.7,97.25,19.26,72.45,11.25,20,92.22,78.89,56.67,17.78,13.33,1.11,2.22,1.11,1.11,4.44,16.67,6.67,0,14.44,11.11,6.67,5.56,0,23.33,12.22,7.78,5.56,2.22,1.11,2.22,23.33,0,6.67,2.22,2.22,0,0,2.22,0,7.78,5.56,2.22,3.33,2.22,13.33,1.11,0,0,12.22,7.78,2.22,2.22,0,2.22,15.56,12.22,3.33,7.78,6.67,5.56,6.67,0,0,"Guard"
"18274","Stephen Curry","stephen curry",2019-06-01,2019,"2018-12-20","2019-06-13",31.2142368240931,74,185,2009,1,7,"2009-10-29",2009,TRUE,"G",153,9,1,"Injury/Illness - Left Hand Fracture","hand","fracture",52,17,140,48.23,72.87,76.73,65.27,35,14.29,94.29,74.29,60.71,19.29,6.43,1.43,0,1.43,2.86,12.86,15,7.86,0,15.71,4.29,7.86,9.29,0,12.14,4.29,3.57,5,0.71,3.57,0.71,22.86,1.43,12.86,2.14,0,1.43,7.86,0,2.86,3.57,2.86,0,2.14,1.43,12.14,3.57,0.71,2.14,8.57,0,5,2.14,2.86,0,7.86,14.29,2.86,8.57,5.71,0,5.71,0.71,0.71,"Guard"
"18274","Stephen Curry","stephen curry",2019-05-30,2019,"2018-12-20","2019-06-13",31.2087611225188,74,185,2009,1,7,"2009-10-29",2009,TRUE,"G",155,9,1,"Injury/Illness - Left Hand Fracture","hand","fracture",50,16,50,69.05,94.01,85.71,81.12,25,12,96,70,60,14,10,0,10,0,0,4,16,10,2,16,8,2,10,2,12,6,2,14,10,4,0,36,2,20,6,0,2,4,4,6,8,6,2,2,0,14,4,0,2,10,0,2,2,0,0,8,6,0,6,8,0,6,0,0,"Guard"
"18274","Stephen Curry","stephen curry",2019-05-29,2019,"2018-12-20","2019-06-13",31.2060232717317,74,185,2009,1,7,"2009-10-29",2009,TRUE,"G",156,10,1,"Injury/Illness - Left Hand Fracture","hand","fracture",49,16,166,74.61,71.4,93.58,47.67,23.71,15.66,92.17,75.3,60.24,13.86,8.43,1.2,4.22,1.2,1.81,5.42,15.06,7.83,4.82,18.67,7.83,6.63,6.02,0,15.66,6.63,7.23,7.23,4.82,2.41,0,26.51,1.2,12.65,0,0.6,0.6,4.22,1.2,6.63,4.22,3.01,1.2,0,0,9.64,1.81,0.6,1.2,7.83,0,4.22,1.81,2.41,0.6,7.83,11.45,2.41,9.04,7.83,3.61,3.61,1.81,0,"Guard"
"18274","Stephen Curry","stephen curry",2019-05-19,2019,"2018-12-20","2019-06-13",31.1786447638604,74,185,2009,1,7,"2009-10-29",2009,TRUE,"G",166,11,1,"Injury/Illness - Left Hand Fracture","hand","fracture",39,15,83,76.04,91.63,80.67,76.34,13.83,12.05,97.59,77.11,60.24,18.07,7.23,0,3.61,0,1.2,10.84,18.07,8.43,1.2,19.28,8.43,2.41,6.02,0,16.87,4.82,7.23,6.02,3.61,2.41,1.2,25.3,2.41,9.64,4.82,2.41,0,1.2,1.2,2.41,3.61,3.61,0,0,0,9.64,0,0,0,9.64,2.41,4.82,1.2,1.2,2.41,14.46,10.84,2.41,8.43,7.23,1.2,6.02,1.2,0,"Guard"
"18274","Stephen Curry","stephen curry",2019-05-13,2019,"2018-12-20","2019-06-13",31.1622176591376,74,185,2009,1,7,"2009-10-29",2009,TRUE,"G",172,14,1,"Injury/Illness - Left Hand Fracture","hand","fracture",33,12,92,37.81,93.93,44.75,99,15.33,14.13,95.65,76.09,53.26,14.13,8.7,0,4.35,3.26,0,5.43,16.3,6.52,1.09,10.87,5.43,7.61,8.7,2.17,17.39,6.52,8.7,8.7,6.52,1.09,2.17,25,2.17,14.13,3.26,0,2.17,3.26,0,4.35,7.61,7.61,0,1.09,1.09,13.04,2.17,2.17,0,10.87,0,5.43,4.35,0,3.26,8.7,7.61,3.26,2.17,6.52,6.52,3.26,1.09,1.09,"Guard"
"18274","Stephen Curry","stephen curry",2023-05-10,2023,"2022-10-18","2023-06-12",35.1540041067762,74,185,2009,1,7,"2009-10-29",2009,TRUE,"G",190,12,1,"Injury/Illness - Right Knee; Strain","knee","strain",68,29,113,57.23,99,18.96,92.55,14.13,12.39,93.81,74.34,60.18,17.7,11.5,0,4.42,4.42,2.65,6.19,15.93,11.5,1.77,12.39,8.85,4.42,7.08,0,17.7,4.42,3.54,8.85,4.42,1.77,2.65,23.01,0.88,13.27,2.65,3.54,3.54,0.88,2.65,0.88,7.08,6.19,0.88,3.54,2.65,14.16,1.77,0.88,0,12.39,0,3.54,3.54,0,2.65,9.73,11.5,3.54,7.08,2.65,5.31,4.42,2.65,2.65,"Guard"
"18274","Stephen Curry","stephen curry",2024-02-18,2024,"2023-10-24","2024-06-17",35.9315537303217,74,185,2009,1,7,"2009-10-29",2009,TRUE,"G",20,9,1,"Injury/Illness - Right Ankle; Sprain","ankle","sprain",94,39,69,23.51,73.29,65.33,84.9,11.5,7.25,91.3,78.26,62.32,23.19,15.94,5.8,0,2.9,0,7.25,14.49,7.25,2.9,11.59,13.04,7.25,1.45,0,21.74,4.35,8.7,2.9,0,2.9,0,27.54,1.45,11.59,5.8,0,2.9,1.45,0,1.45,4.35,4.35,0,1.45,1.45,10.14,0,0,0,10.14,7.25,4.35,2.9,1.45,1.45,10.14,8.7,0,8.7,8.7,5.8,5.8,0,0,"Guard"
"18274","Stephen Curry","stephen curry",2024-02-17,2024,"2023-10-24","2024-06-17",35.9288158795346,74,185,2009,1,7,"2009-10-29",2009,TRUE,"G",21,10,1,"Injury/Illness - Right Ankle; Sprain","ankle","sprain",93,39,63,66.04,82.74,5.94,70.15,63,17.46,90.48,65.08,61.9,15.87,7.94,0,3.17,0,0,7.94,25.4,12.7,3.17,14.29,7.94,6.35,6.35,1.59,11.11,3.17,3.17,6.35,3.17,3.17,1.59,15.87,0,11.11,1.59,1.59,1.59,4.76,0,4.76,3.17,3.17,0,3.17,3.17,14.29,3.17,0,1.59,11.11,0,9.52,7.94,1.59,0,3.17,7.94,0,7.94,1.59,0,3.17,6.35,0,"Guard"
"18274","Stephen Curry","stephen curry",2024-02-17,2024,"2023-10-24","2024-06-17",35.9288158795346,74,185,2009,1,7,"2009-10-29",2009,TRUE,"G",21,10,1,"Injury/Illness - Right Ankle; Sprain","ankle","sprain",93,39,62,17.22,23.05,25.64,0,8.86,19.35,93.55,82.26,64.52,20.97,11.29,6.45,3.23,0,0,9.68,20.97,8.06,6.45,8.06,9.68,8.06,4.84,1.61,19.35,9.68,11.29,6.45,3.23,3.23,3.23,27.42,1.61,14.52,3.23,1.61,1.61,3.23,1.61,3.23,0,0,0,0,0,6.45,1.61,0,1.61,4.84,0,0,0,0,0,4.84,4.84,0,1.61,3.23,11.29,0,0,1.61,"Guard"
"18274","Stephen Curry","stephen curry",2025-02-16,2025,"2024-10-22","2025-06-22",36.9281314168378,74,185,2009,1,7,"2009-10-29",2009,TRUE,"G",34,14,1,"Injury/Illness - Left Pelvic; Contusion","pelvis","contusion",81,32,97,50.2,83.91,45.7,91.57,24.25,11.34,95.88,74.23,58.76,19.59,10.31,4.12,5.15,1.03,0,9.28,16.49,7.22,1.03,13.4,8.25,4.12,5.15,0,15.46,6.19,11.34,9.28,6.19,2.06,2.06,30.93,2.06,16.49,4.12,1.03,3.09,3.09,1.03,2.06,5.15,5.15,0,1.03,1.03,12.37,3.09,1.03,2.06,8.25,0,6.19,3.09,3.09,0,11.34,4.12,1.03,3.09,6.19,7.22,3.09,0,0,"Guard"
"18274","Stephen Curry","stephen curry",2025-02-15,2025,"2024-10-22","2025-06-22",36.9253935660507,74,185,2009,1,7,"2009-10-29",2009,TRUE,"G",35,16,1,"Injury/Illness - Left Pelvic; Contusion","pelvis","contusion",80,32,82,93.72,47.29,99,89.58,41,10.98,93.9,76.83,59.76,17.07,6.1,3.66,2.44,0,0,10.98,24.39,13.41,3.66,18.29,7.32,1.22,2.44,0,17.07,3.66,7.32,3.66,2.44,1.22,0,21.95,0,7.32,3.66,1.22,1.22,0,0,0,4.88,4.88,0,1.22,1.22,3.66,1.22,0,0,2.44,0,2.44,2.44,0,0,8.54,17.07,3.66,14.63,7.32,7.32,2.44,0,0,"Guard"
"Youtube/2186.mp3","Stephen Curry","stephen curry",2026-04-04,2026,"2025-10-21","2026-06-13",38.0561259411362,74,185,2009,1,7,"2009-10-29",2009,TRUE,"G",13,6,0,NA,NA,NA,2,0,2340,19.94,64.79,85.95,66.69,18.72,10.68,95.68,81.79,64.79,18.55,10.94,4.1,1.11,4.02,0.26,7.61,14.32,6.58,1.11,14.57,12.52,6.71,9.79,1.28,23.12,5.64,6.07,4.57,1.79,2.09,0.94,29.19,1.97,14.32,5.21,1.5,1.88,2.78,0.51,3.38,5.09,3.97,1.03,1.71,1.2,9.83,2.22,0.64,0.85,7.82,1.67,2.56,1.62,0.64,1.03,12.01,11.32,1.75,7.74,5.04,4.02,7.14,2.31,1.97,"Guard"
"Youtube/3984.mp3","Stephen Curry","stephen curry",2024-04-16,2024,"2023-10-24","2024-06-17",36.0903490759754,74,185,2009,1,7,"2009-10-29",2009,TRUE,"G",196,3,1,"Injury/Illness - Left Peroneal; Strain","lower leg","strain",2,0,1801,14.27,93.78,81.69,69.16,19.37,10.72,95.84,82.12,64.96,22.27,14.66,3.94,3,5,0.83,7.61,15.88,6.39,1.44,12.66,10.66,6.66,8.83,1.28,22.1,5.33,6.16,6.61,3.89,2.33,0.5,29.09,2.33,13.88,6.44,1.5,1.61,1.5,0.67,2.94,4.83,3.89,0.78,1.72,1.05,14.21,2.17,0.39,1.05,12.1,2.05,3.22,2.22,0.61,0.67,11.88,9.66,1.78,6.61,4.83,3.72,5.89,2.55,1.28,"Guard"
"Youtube/5554.mp3","Stephen Curry","stephen curry",2022-05-22,2022,"2021-10-19","2022-06-16",34.1875427789185,74,185,2009,1,7,"2009-10-29",2009,TRUE,"G",212,34,1,"Injury/Illness - Left Shoulder; Subluxation","shoulder","subluxation",42,13,1653,25.4,94.58,43.22,81.04,15.45,11.8,94.74,79.92,64.07,19.36,11.43,1.27,4.05,3.27,0.42,7.92,15.18,7.44,1.69,13.85,11.19,7.2,7.26,1.57,21.66,4.78,5.44,8.35,4.66,2.84,1.09,27.28,1.69,13.43,4.11,3.02,1.94,2.3,0.24,3.57,5.57,4.78,0.79,1.63,1.27,13.79,2.54,0.48,1.21,11.43,2.96,2.78,1.69,0.73,1.57,11.31,9.5,2.06,6.17,4.36,4.66,6.35,2.06,1.27,"Guard"
"23401","Anthony Davis","anthony davis",2020-10-11,2020,"2019-10-22","2020-10-11",27.5865845311431,82,253,2012,1,1,"2012-11-01",2012,TRUE,"F",77,2,1,"Injury/Illness - Right Calf; Contusion","calf","contusion",267,48,85,18.81,3.27,98.77,75.21,9.44,21.18,95.29,76.47,61.18,17.65,10.59,10.59,0,0,0,7.06,11.76,4.71,3.53,14.12,12.94,12.94,2.35,1.18,22.35,5.88,2.35,3.53,1.18,2.35,2.35,29.41,2.35,8.24,2.35,0,0,0,3.53,0,7.06,3.53,0,3.53,0,1.18,1.18,1.18,0,1.18,0,2.35,1.18,1.18,2.35,3.53,14.12,4.71,7.06,5.88,14.12,3.53,1.18,0,"Forward"
"23401","Anthony Davis","anthony davis",2020-10-08,2020,"2019-10-22","2020-10-11",27.5783709787817,82,253,2012,1,1,"2012-11-01",2012,TRUE,"F",80,4,1,"Injury/Illness - Right Calf; Contusion","calf","contusion",264,47,83,73.1,40.06,66.6,89.13,27.67,8.43,97.59,80.72,60.24,13.25,7.23,2.41,4.82,0,0,6.02,19.28,12.05,1.2,14.46,8.43,7.23,4.82,1.2,19.28,8.43,1.2,12.05,6.02,6.02,0,21.69,1.2,14.46,0,1.2,4.82,0,1.2,7.23,4.82,4.82,0,0,0,6.02,1.2,1.2,0,6.02,0,6.02,4.82,0,2.41,8.43,12.05,2.41,8.43,4.82,2.41,2.41,0,0,"Forward"
"23401","Anthony Davis","anthony davis",2020-10-06,2020,"2019-10-22","2020-10-11",27.5728952772074,82,253,2012,1,1,"2012-11-01",2012,TRUE,"F",82,4,1,"Injury/Illness - Right Calf; Contusion","calf","contusion",262,46,94,82.46,93.44,4.07,35.29,15.67,4.26,92.55,77.66,61.7,17.02,12.77,2.13,3.19,0,0,4.26,12.77,9.57,1.06,19.15,4.26,7.45,4.26,0,14.89,4.26,2.13,8.51,3.19,4.26,1.06,20.21,0,7.45,1.06,2.13,1.06,2.13,0,1.06,1.06,1.06,0,0,0,12.77,1.06,0,0,11.7,8.51,4.26,3.19,1.06,1.06,6.38,9.57,0,8.51,4.26,8.51,1.06,1.06,0,"Forward"
"23401","Anthony Davis","anthony davis",2020-10-05,2020,"2019-10-22","2020-10-11",27.5701574264203,82,253,2012,1,1,"2012-11-01",2012,TRUE,"F",83,5,1,"Injury/Illness - Right Calf; Contusion","calf","contusion",261,46,58,1.19,99,21.61,91.69,19.33,6.9,96.55,84.48,65.52,18.97,15.52,0,0,15.52,0,3.45,3.45,1.72,0,10.34,10.34,13.79,13.79,1.72,25.86,3.45,0,6.9,0,6.9,0,34.48,1.72,17.24,6.9,1.72,3.45,3.45,0,1.72,15.52,10.34,5.17,0,0,15.52,0,0,0,15.52,0,8.62,6.9,1.72,1.72,10.34,1.72,0,0,8.62,5.17,1.72,1.72,0,"Forward"
"23401","Anthony Davis","anthony davis",2020-10-04,2020,"2019-10-22","2020-10-11",27.5674195756331,82,253,2012,1,1,"2012-11-01",2012,TRUE,"F",84,5,1,"Injury/Illness - Right Calf; Contusion","calf","contusion",260,45,96,92.12,34.13,68.87,1,19.2,8.33,95.83,83.33,59.38,10.42,3.13,2.08,0,1.04,0,7.29,17.71,10.42,2.08,18.75,3.13,5.21,8.33,0,19.79,7.29,9.38,2.08,0,2.08,0,18.75,0,10.42,2.08,3.13,1.04,1.04,1.04,3.13,8.33,2.08,6.25,3.13,0,7.29,4.17,0,0,3.13,2.08,2.08,2.08,0,7.29,10.42,11.46,3.13,8.33,3.13,5.21,2.08,0,0,"Forward"
"23401","Anthony Davis","anthony davis",2020-10-02,2020,"2019-10-22","2020-10-11",27.5619438740589,82,253,2012,1,1,"2012-11-01",2012,TRUE,"F",86,6,1,"Injury/Illness - Right Calf; Contusion","calf","contusion",258,44,82,1.59,98.98,1,58.42,13.67,19.51,95.12,85.37,68.29,24.39,17.07,1.22,1.22,1.22,13.41,7.32,15.85,3.66,1.22,8.54,18.29,7.32,7.32,0,28.05,9.76,8.54,9.76,3.66,3.66,3.66,25.61,1.22,10.98,1.22,2.44,3.66,1.22,1.22,1.22,4.88,3.66,1.22,1.22,0,19.51,2.44,0,2.44,17.07,1.22,0,0,0,0,7.32,4.88,1.22,1.22,0,13.41,6.1,2.44,0,"Forward"
"23401","Anthony Davis","anthony davis",2020-09-30,2020,"2019-10-22","2020-10-11",27.5564681724846,82,253,2012,1,1,"2012-11-01",2012,TRUE,"F",88,7,1,"Injury/Illness - Right Calf; Contusion","calf","contusion",256,43,68,87.37,31.82,76.27,41.97,13.6,13.24,82.35,66.18,52.94,7.35,5.88,2.94,0,1.47,1.47,1.47,14.71,10.29,0,16.18,5.88,5.88,7.35,1.47,16.18,4.41,2.94,2.94,0,1.47,1.47,10.29,0,7.35,1.47,0,1.47,2.94,0,1.47,7.35,4.41,2.94,2.94,0,5.88,2.94,0,0,2.94,0,4.41,4.41,0,2.94,7.35,13.24,2.94,13.24,1.47,2.94,0,0,0,"Forward"
"23401","Anthony Davis","anthony davis",2020-09-26,2020,"2019-10-22","2020-10-11",27.5455167693361,82,253,2012,1,1,"2012-11-01",2012,TRUE,"F",92,8,1,"Injury/Illness - Right Calf; Contusion","calf","contusion",252,42,55,50.6,98.58,25.81,47.86,18.33,3.64,94.55,89.09,67.27,20,14.55,0,7.27,0,1.82,5.45,20,7.27,9.09,14.55,5.45,3.64,5.45,3.64,18.18,9.09,12.73,7.27,7.27,0,0,21.82,0,10.91,1.82,3.64,1.82,3.64,3.64,1.82,1.82,1.82,0,1.82,1.82,16.36,1.82,0,1.82,14.55,5.45,0,0,0,1.82,9.09,10.91,1.82,9.09,7.27,10.91,0,0,1.82,"Forward"
"23401","Anthony Davis","anthony davis",2020-09-22,2020,"2019-10-22","2020-10-11",27.5345653661875,82,253,2012,1,1,"2012-11-01",2012,TRUE,"F",96,10,1,"Injury/Illness - Right Calf; Contusion","calf","contusion",248,40,59,68.59,98.91,1.98,45.75,9.83,16.95,96.61,83.05,62.71,16.95,13.56,0,5.08,0,8.47,3.39,23.73,8.47,13.56,11.86,6.78,0,6.78,0,18.64,13.56,16.95,6.78,5.08,1.69,1.69,18.64,0,5.08,0,1.69,0,1.69,0,1.69,8.47,5.08,3.39,3.39,0,15.25,1.69,0,0,13.56,0,8.47,8.47,0,3.39,1.69,3.39,0,1.69,3.39,13.56,0,0,0,"Forward"
"23401","Anthony Davis","anthony davis",2020-09-20,2020,"2019-10-22","2020-10-11",27.5290896646133,82,253,2012,1,1,"2012-11-01",2012,TRUE,"F",98,11,1,"Injury/Illness - Right Calf; Contusion","calf","contusion",246,39,90,56.38,10.48,82.8,36.04,9,17.78,85.56,71.11,54.44,21.11,15.56,10,1.11,2.22,0,5.56,13.33,7.78,2.22,13.33,6.67,1.11,6.67,0,16.67,6.67,3.33,4.44,2.22,2.22,0,24.44,0,12.22,2.22,1.11,0,1.11,1.11,7.78,5.56,3.33,2.22,1.11,0,11.11,4.44,1.11,2.22,7.78,3.33,3.33,2.22,1.11,1.11,8.89,3.33,0,3.33,2.22,6.67,2.22,3.33,1.11,"Forward"
"23401","Anthony Davis","anthony davis",2020-02-15,2020,"2019-10-22","2020-10-11",26.9322381930185,82,253,2012,1,1,"2012-11-01",2012,TRUE,"F",316,40,1,"Injury/Illness - Right Calf; Contusion","calf","contusion",28,11,87,68.11,17.26,98.3,94.86,14.5,8.05,94.25,71.26,58.62,12.64,8.05,6.9,0,0,1.15,4.6,13.79,6.9,1.15,18.39,11.49,6.9,4.6,0,19.54,6.9,2.3,3.45,2.3,1.15,0,14.94,0,4.6,0,0,1.15,1.15,0,1.15,5.75,5.75,0,2.3,2.3,3.45,0,0,0,3.45,0,9.2,4.6,2.3,2.3,18.39,21.84,0,20.69,2.3,5.75,3.45,2.3,0,"Forward"
"23401","Anthony Davis","anthony davis",2019-02-16,2019,"2018-12-20","2019-06-13",25.9356605065024,82,253,2012,1,1,"2012-11-01",2012,TRUE,"F",20,7,1,"Injury/Illness - Lower Back Spasms","back","spasm",12,4,58,37.7,78.45,95.69,98.26,11.6,10.34,91.38,82.76,65.52,13.79,6.9,1.72,0,5.17,0,6.9,15.52,10.34,0,13.79,8.62,12.07,10.34,0,24.14,1.72,1.72,3.45,0,1.72,1.72,15.52,0,10.34,1.72,0,0,0,3.45,3.45,6.9,6.9,0,1.72,1.72,10.34,3.45,1.72,0,6.9,0,3.45,3.45,0,5.17,18.97,17.24,5.17,15.52,0,1.72,1.72,1.72,0,"Forward"
"23401","Anthony Davis","anthony davis",2023-05-22,2023,"2022-10-18","2023-06-12",30.1957563312799,82,253,2012,1,1,"2012-11-01",2012,TRUE,"F",170,7,1,"Injury/Illness - Left Adductor; /Hip Spasm","groin","spasm",68,28,69,20.27,65.68,44.75,41.62,7.67,10.14,94.2,72.46,57.97,14.49,8.7,1.45,2.9,1.45,2.9,5.8,13.04,7.25,7.25,8.7,4.35,11.59,10.14,2.9,10.14,8.7,8.7,4.35,4.35,0,0,24.64,1.45,11.59,2.9,1.45,0,0,2.9,4.35,10.14,5.8,4.35,1.45,0,10.14,2.9,1.45,0,8.7,0,8.7,7.25,0,0,8.7,7.25,0,4.35,4.35,4.35,5.8,0,0,"Forward"
"23401","Anthony Davis","anthony davis",2023-12-06,2024,"2023-10-24","2024-06-17",30.7378507871321,82,253,2012,1,1,"2012-11-01",2012,TRUE,"F",9,4,1,"Injury/Illness - Left Adductor; /Hip Spasm","groin","spasm",28,14,64,8.85,87.7,96.5,88.05,10.67,12.5,92.19,84.38,65.63,12.5,7.81,0,7.81,0,0,4.69,9.38,9.38,0,10.94,15.63,18.75,6.25,1.56,28.13,7.81,0,10.94,7.81,3.13,1.56,25,0,15.63,4.69,1.56,0,3.13,3.13,4.69,4.69,4.69,0,0,0,7.81,0,0,0,7.81,0,4.69,3.13,0,0,17.19,21.88,7.81,10.94,0,6.25,6.25,3.13,3.13,"Forward"
"Youtube/3842.mp3","Anthony Davis","anthony davis",2020-09-29,2020,"2019-10-22","2020-10-11",27.5537303216975,82,253,2012,1,1,"2012-11-01",2012,TRUE,"F",89,8,1,"Injury/Illness - Right Calf; Contusion","calf","contusion",255,43,1574,16,97.67,70.14,61.19,13.34,8.89,96.12,82.72,63.98,21.86,14.61,2.92,2.1,5.53,0.7,7.24,14.8,5.46,1.91,12.96,8.89,7.56,8.58,1.21,21.6,4.96,6.42,6.1,3.24,2.41,0.89,27.7,2.03,13.53,6.04,1.4,1.72,2.16,0.57,2.41,4.32,3.3,0.7,1.21,0.76,16.9,3.43,1.14,1.21,13.98,3.11,2.8,1.27,1.14,1.72,14.29,7.56,1.91,5.27,6.67,3.11,5.97,1.97,1.52,"Forward"
"23456","Spencer Dinwiddie","spencer dinwiddie",2022-05-26,2022,"2021-10-19","2022-06-16",29.1362080766598,77,215,2014,2,38,"2014-10-30",2014,FALSE,"PG",524,86,1,"Injury/Illness - Left Ankle; Sprain","ankle","sprain",341,84,86,43.84,33.48,82.44,95.15,17.2,16.28,95.35,69.77,60.47,20.93,9.3,8.14,1.16,0,0,11.63,17.44,8.14,5.81,16.28,6.98,8.14,5.81,1.16,11.63,5.81,4.65,3.49,2.33,0,1.16,25.58,1.16,13.95,5.81,0,0,3.49,2.33,1.16,5.81,5.81,0,2.33,2.33,10.47,3.49,1.16,1.16,8.14,1.16,5.81,4.65,0,1.16,8.14,4.65,1.16,3.49,3.49,4.65,3.49,0,0,"Guard"
"23456","Spencer Dinwiddie","spencer dinwiddie",2022-05-18,2022,"2021-10-19","2022-06-16",29.1143052703628,77,215,2014,2,38,"2014-10-30",2014,FALSE,"PG",532,90,1,"Injury/Illness - Left Ankle; Sprain","ankle","sprain",333,80,72,53.89,99,39.59,20.23,14.4,4.17,95.83,69.44,61.11,19.44,15.28,2.78,2.78,8.33,1.39,4.17,18.06,4.17,13.89,16.67,6.94,6.94,2.78,0,12.5,5.56,9.72,4.17,2.78,0,1.39,25,0,18.06,8.33,0,1.39,2.78,5.56,1.39,5.56,2.78,2.78,1.39,0,15.28,2.78,0,2.78,12.5,0,2.78,2.78,0,1.39,5.56,6.94,1.39,2.78,1.39,5.56,4.17,0,0,"Guard"
"35679","Luka Doncic","luka doncic",2021-06-02,2021,"2020-12-22","2021-07-20",22.258726899384,80,230,2018,1,3,"2018-10-18",2018,TRUE,"G",168,15,1,"Injury/Illness - Left Knee and ankle; Sprains","ankle","sprain",34,14,62,69.92,11.07,35.88,70.91,12.4,3.23,79.03,66.13,50,14.52,9.68,8.06,0,0,0,4.84,16.13,11.29,0,9.68,8.06,4.84,1.61,1.61,14.52,9.68,9.68,4.84,3.23,1.61,0,14.52,0,8.06,1.61,1.61,1.61,0,0,3.23,3.23,3.23,0,0,0,9.68,6.45,3.23,0,6.45,3.23,1.61,1.61,0,1.61,8.06,6.45,1.61,4.84,0,8.06,0,0,0,"Guard"
"35679","Luka Doncic","luka doncic",2020-02-14,2020,"2019-10-22","2020-10-11",20.9609856262834,80,230,2018,1,3,"2018-10-18",2018,TRUE,"G",16,5,1,"Injury/Illness - Left Thumb; Sprain","thumb","sprain",4,1,51,13.06,82.38,97.97,0,10.2,7.84,94.12,84.31,64.71,17.65,11.76,3.92,0,5.88,0,5.88,13.73,7.84,1.96,11.76,13.73,9.8,5.88,3.92,25.49,5.88,7.84,0,0,0,0,35.29,3.92,15.69,3.92,5.88,1.96,3.92,7.84,0,0,0,0,0,0,11.76,1.96,0,1.96,9.8,1.96,0,0,0,0,17.65,17.65,7.84,5.88,11.76,7.84,5.88,1.96,0,"Guard"
"35679","Luka Doncic","luka doncic",2024-06-16,2024,"2023-10-24","2024-06-17",25.2977412731006,80,230,2018,1,3,"2018-10-18",2018,TRUE,"G",154,14,1,"Injury/Illness - Right Knee; Contusion","knee","contusion",137,52,55,39.7,71.57,37.49,0,13.75,7.27,90.91,81.82,65.45,12.73,10.91,3.64,0,0,7.27,1.82,16.36,10.91,3.64,12.73,16.36,7.27,7.27,0,20,7.27,10.91,7.27,5.45,0,1.82,30.91,0,16.36,1.82,1.82,1.82,0,7.27,3.64,0,0,0,0,0,14.55,3.64,1.82,1.82,12.73,0,1.82,0,0,0,5.45,5.45,0,5.45,3.64,3.64,9.09,0,0,"Guard"
"Youtube/3438.mp3","Luka Doncic","luka doncic",2024-05-24,2024,"2023-10-24","2024-06-17",25.2347707049966,80,230,2018,1,3,"2018-10-18",2018,TRUE,"G",177,21,1,"Injury/Illness - Right Knee; Contusion","knee","contusion",114,44,402,4.25,34.39,97.39,63.32,6.81,10.2,95.77,80.35,62.69,23.88,17.16,8.46,3.48,2.99,0.25,6.72,17.16,4.48,3.73,9.45,11.69,8.71,4.48,4.48,24.38,4.23,5.47,4.98,3.73,0.5,0.75,33.08,3.23,14.18,6.72,0,1.24,2.49,0.5,4.48,4.23,3.48,0.75,1.49,1.24,14.43,3.98,0.5,3.48,9.95,1.99,1.99,1.49,0.5,1.24,13.18,7.71,1.49,5.72,4.98,4.98,7.46,2.49,2.74,"Guard"
"Youtube/4910.mp3","Luka Doncic","luka doncic",2024-05-24,2024,"2023-10-24","2024-06-17",25.2347707049966,80,230,2018,1,3,"2018-10-18",2018,TRUE,"G",177,21,1,"Injury/Illness - Right Knee; Contusion","knee","contusion",114,44,408,4.67,38.64,96.93,66.58,6.58,10.05,95.59,80.39,62.5,24.02,17.16,8.33,3.43,3.19,0.25,6.86,16.67,4.66,3.68,9.56,11.76,8.58,4.41,4.17,24.51,4.41,5.39,4.9,3.68,0.49,0.74,32.6,2.94,14.22,6.86,0,1.23,2.45,0.49,4.41,4.41,3.68,0.74,1.96,1.72,14.46,3.92,0.49,3.43,10.05,1.96,1.96,1.47,0.49,1.23,13.24,7.6,1.47,5.64,4.66,4.9,7.35,2.45,2.94,"Guard"
"26400","Goran Dragic","goran dragic",2020-10-11,2020,"2019-10-22","2020-10-11",34.4339493497604,75,190,2008,2,45,"2008-10-30",2008,FALSE,"PG",108,14,1,"Injury/Illness - Left Groin; Strain","groin","strain",66,18,50,7.03,7.28,75.94,81.12,12.5,4,98,82,68,20,10,6,4,0,0,10,10,4,2,16,16,6,10,4,22,6,4,10,8,2,0,32,2,10,0,0,2,2,0,6,6,4,0,0,0,10,6,4,0,6,0,2,0,0,0,8,6,2,4,6,10,8,4,2,"Guard"
"17055","Kevin Durant","kevin durant",2019-04-28,2019,"2018-12-20","2019-06-13",30.5763175906913,83,240,2007,1,2,"2007-11-01",2007,TRUE,"F",12,4,1,"Injury/Illness - Right Calf Strain","calf","strain",43,19,80,26.1,5.84,98.38,38.3,13.33,11.25,87.5,81.25,67.5,17.5,10,7.5,0,2.5,0,7.5,15,6.25,0,17.5,12.5,8.75,7.5,2.5,22.5,3.75,2.5,1.25,1.25,0,0,28.75,1.25,11.25,6.25,3.75,0,1.25,0,3.75,1.25,1.25,0,1.25,1.25,3.75,1.25,0,0,2.5,0,0,0,0,1.25,6.25,12.5,1.25,7.5,3.75,3.75,10,0,0,"Forward"
"17055","Kevin Durant","kevin durant",2019-04-24,2019,"2018-12-20","2019-06-13",30.5653661875428,83,240,2007,1,2,"2007-11-01",2007,TRUE,"F",16,6,1,"Injury/Illness - Right Calf Strain","calf","strain",39,17,64,57.51,96.89,75.23,43.51,21.33,6.25,90.63,76.56,54.69,18.75,14.06,3.13,6.25,1.56,3.13,4.69,14.06,10.94,1.56,10.94,4.69,4.69,7.81,0,20.31,7.81,6.25,12.5,9.38,3.13,1.56,18.75,0,9.38,1.56,1.56,0,6.25,0,4.69,7.81,4.69,3.13,4.69,3.13,18.75,7.81,3.13,3.13,14.06,0,3.13,3.13,0,4.69,9.38,12.5,3.13,6.25,3.13,1.56,3.13,3.13,0,"Forward"
"17055","Kevin Durant","kevin durant",2019-04-21,2019,"2018-12-20","2019-06-13",30.5571526351814,83,240,2007,1,2,"2007-11-01",2007,TRUE,"F",19,7,1,"Injury/Illness - Right Calf Strain","calf","strain",36,16,105,34.25,72.87,98.69,65.27,11.67,11.43,95.24,80,62.86,19.05,10.48,4.76,2.86,1.9,0.95,8.57,17.14,8.57,4.76,12.38,9.52,8.57,5.71,0,18.1,6.67,7.62,5.71,3.81,1.9,0.95,28.57,0,9.52,4.76,0.95,0,0,0,3.81,4.76,3.81,0.95,0,0,12.38,2.86,0.95,0,9.52,2.86,3.81,2.86,0.95,0.95,6.67,12.38,1.9,7.62,7.62,9.52,3.81,3.81,0,"Forward"
"17055","Kevin Durant","kevin durant",2019-04-18,2019,"2018-12-20","2019-06-13",30.54893908282,83,240,2007,1,2,"2007-11-01",2007,TRUE,"F",22,8,1,"Injury/Illness - Right Calf Strain","calf","strain",33,15,73,91.29,40.06,95.37,63.38,14.6,17.81,84.93,67.12,52.05,15.07,9.59,5.48,1.37,0,2.74,5.48,15.07,9.59,0,17.81,4.11,5.48,1.37,0,16.44,2.74,2.74,4.11,1.37,0,2.74,16.44,0,10.96,5.48,0,0,5.48,0,1.37,2.74,2.74,0,0,0,6.85,1.37,0,1.37,5.48,1.37,4.11,4.11,0,0,1.37,10.96,5.48,6.85,2.74,4.11,1.37,0,0,"Forward"
"17055","Kevin Durant","kevin durant",2019-02-17,2019,"2018-12-20","2019-06-13",30.3846680355921,83,240,2007,1,2,"2007-11-01",2007,TRUE,"F",24,8,1,"Injury/Illness - Right Ankle Sprain","ankle","sprain",57,25,57,57.59,14.81,87.88,99,11.4,7.02,96.49,78.95,64.91,17.54,10.53,8.77,0,0,1.75,7.02,10.53,5.26,0,21.05,8.77,8.77,5.26,0,12.28,12.28,3.51,12.28,3.51,5.26,3.51,21.05,5.26,8.77,3.51,0,1.75,3.51,0,1.75,10.53,10.53,0,0,0,5.26,0,0,0,5.26,0,3.51,3.51,0,0,15.79,17.54,0,10.53,1.75,0,7.02,0,0,"Forward"
"17055","Kevin Durant","kevin durant",2025-02-16,2025,"2024-10-22","2025-06-22",36.3832991101985,83,240,2007,1,2,"2007-11-01",2007,TRUE,"F",44,21,1,"Injury/Illness - Left Ankle; Sprain","ankle","sprain",8,2,50,82.95,40.06,75.94,99,10,6,90,70,54,12,4,2,0,0,2,8,12,8,0,16,10,4,2,0,16,10,4,6,4,0,2,14,2,2,0,0,0,0,0,2,12,12,0,6,6,6,4,2,0,4,0,4,2,0,2,10,18,2,10,6,12,2,0,0,"Forward"
"Youtube/5433.mp3","Anthony Edwards","anthony edwards",2026-04-18,2026,"2025-10-21","2026-06-13",24.7008898015058,76,225,2020,1,1,"2020-12-24",2020,TRUE,"G",9,3,1,"Injury/Illness - Left Knee; Bone Bruise","knee","bruise",6,0,918,12.89,38.8,78.35,57.71,9.87,7.19,94.55,83.01,63.73,22,16.12,6.64,4.14,0.33,2.18,5.88,16.01,6.54,2.94,11.33,10.89,5.56,7.84,3.05,22.11,5.45,6.86,6.43,4.58,1.63,0.33,28.1,1.63,14.27,3.7,0.87,1.74,2.29,1.09,5.12,4.36,3.27,0.87,1.31,0.87,12.42,2.29,0.87,0.65,10.35,2.94,3.38,2.18,0.98,1.96,11.55,9.48,2.94,5.77,2.72,4.9,5.12,2.61,5.45,"Guard"
"Youtube/1064.mp3","Keon Ellis","keon ellis",2026-03-27,2026,"2025-10-21","2026-06-13",26.2149212867899,76,175,NA,NA,NA,"2022-11-18",2022,TRUE,"G",16,7,1,"Injury/Illness - Left Knee; Contusion","knee","contusion",28,12,679,10.05,91.42,86.32,59.5,15.79,8.54,93.96,79.09,62.74,24.59,17.53,5.89,3.98,3.24,2.8,7.07,14.58,5.01,0.88,12.52,8.1,7.81,9.28,1.18,18.85,5.45,5.3,8.39,5.15,1.77,1.62,22.97,0.44,15.02,7.36,1.33,1.47,1.77,1.33,2.21,4.57,3.53,1.03,1.03,0.74,14.29,2.21,1.47,0.44,12.81,1.47,2.21,1.47,0.74,0.44,11.34,8.98,1.77,6.77,2.95,2.06,4.86,2.06,1.18,"Guard"
"Youtube/2907.mp3","Keon Ellis","keon ellis",2026-03-01,2026,"2025-10-21","2026-06-13",26.1437371663244,76,175,NA,NA,NA,"2022-11-18",2022,TRUE,"G",42,19,1,"Injury/Illness - Left Knee; Contusion","knee","contusion",2,0,548,29.34,94.69,97.17,81.29,13.7,6.75,95.44,83.21,62.41,20.07,14.78,3.83,3.1,5.47,2.19,5.29,15.15,7.12,1.82,13.69,6.2,7.85,8.94,1.46,20.44,4.01,5.66,7.3,4.2,2.55,0.55,26.64,1.46,16.61,7.3,0.18,2.01,2.92,1.09,3.65,4.38,4.2,0.18,1.46,1.46,14.6,2.55,0.91,0.55,12.77,0.18,1.46,1.28,0.18,1.64,18.61,10.77,4.01,7.85,4.01,4.01,2.74,1.64,2.74,"Guard"
"Youtube/3286.mp3","Keon Ellis","keon ellis",2026-03-01,2026,"2025-10-21","2026-06-13",26.1437371663244,76,175,NA,NA,NA,"2022-11-18",2022,TRUE,"G",42,19,1,"Injury/Illness - Left Knee; Contusion","knee","contusion",2,0,549,29.46,94.65,97.12,81.2,13.39,6.92,95.26,83.06,62.3,20.04,14.75,3.83,3.1,5.46,2.19,5.28,15.12,7.1,1.82,13.66,6.19,7.83,8.93,1.46,20.4,4.01,5.65,7.29,4.19,2.55,0.55,26.59,1.46,16.58,7.29,0.18,2,2.91,1.09,3.64,4.37,4.19,0.18,1.46,1.46,14.57,2.55,0.91,0.55,12.75,0.18,1.46,1.28,0.18,1.64,18.58,10.75,4.01,7.83,4.01,4.01,2.73,1.64,2.73,"Guard"
"Youtube/3849.mp3","Keon Ellis","keon ellis",2026-03-27,2026,"2025-10-21","2026-06-13",26.2149212867899,76,175,NA,NA,NA,"2022-11-18",2022,TRUE,"G",16,7,1,"Injury/Illness - Left Knee; Contusion","knee","contusion",28,12,679,10.05,91.42,86.32,59.5,15.79,8.54,93.96,79.09,62.74,24.59,17.53,5.89,3.98,3.24,2.8,7.07,14.58,5.01,0.88,12.52,8.1,7.81,9.28,1.18,18.85,5.45,5.3,8.39,5.15,1.77,1.62,22.97,0.44,15.02,7.36,1.33,1.47,1.77,1.33,2.21,4.57,3.53,1.03,1.03,0.74,14.29,2.21,1.47,0.44,12.81,1.47,2.21,1.47,0.74,0.44,11.34,8.98,1.77,6.77,2.95,2.06,4.86,2.06,1.18,"Guard"
"27012","Joel Embiid","joel embiid",2022-02-20,2022,"2021-10-19","2022-06-16",27.9342915811088,84,280,2014,1,3,"2015-01-14",2014,TRUE,"C",71,28,1,"Injury/Illness - N/A; Facial fracture / concussion","face","fracture",325,77,55,20.83,14.16,63.35,93.39,18.33,9.09,94.55,80,63.64,18.18,7.27,5.45,0,0,0,10.91,16.36,7.27,0,10.91,7.27,7.27,12.73,0,20,0,1.82,7.27,0,7.27,0,23.64,1.82,14.55,1.82,1.82,3.64,0,5.45,1.82,5.45,5.45,0,0,0,1.82,0,0,0,1.82,1.82,5.45,3.64,1.82,3.64,7.27,12.73,3.64,10.91,1.82,9.09,0,0,3.64,"Center"
"27012","Joel Embiid","joel embiid",2022-02-19,2022,"2021-10-19","2022-06-16",27.9315537303217,84,280,2014,1,3,"2015-01-14",2014,TRUE,"C",72,29,1,"Injury/Illness - N/A; Facial fracture / concussion","face","fracture",324,77,60,1,1.24,93.95,97.84,20,11.67,96.67,88.33,76.67,21.67,13.33,11.67,0,0,1.67,8.33,6.67,3.33,0,13.33,20,20,16.67,1.67,25,6.67,5,3.33,1.67,1.67,0,31.67,3.33,15,1.67,5,3.33,1.67,3.33,3.33,6.67,6.67,0,3.33,3.33,5,1.67,0,0,3.33,0,1.67,0,0,1.67,11.67,8.33,1.67,8.33,3.33,0,15,0,0,"Center"
"27012","Joel Embiid","joel embiid",2020-02-15,2020,"2019-10-22","2020-10-11",25.9192334017796,84,280,2014,1,3,"2015-01-14",2014,TRUE,"C",12,5,1,"Injury/Illness - Left Shoulder; Sprain","shoulder","sprain",21,8,71,87.46,96.91,51.38,94.32,14.2,5.63,91.55,69.01,54.93,9.86,9.86,4.23,4.23,1.41,0,0,12.68,12.68,0,18.31,12.68,7.04,2.82,0,22.54,5.63,4.23,9.86,8.45,1.41,0,11.27,0,5.63,2.82,0,2.82,0,0,0,5.63,5.63,0,0,0,14.08,1.41,0,0,12.68,1.41,4.23,1.41,2.82,1.41,8.45,14.08,0,12.68,1.41,0,8.45,5.63,0,"Center"
"33812","Terrance Ferguson","terrance ferguson",2019-04-25,2019,"2018-12-20","2019-06-13",20.9390828199863,78,190,2017,1,21,"2017-10-20",2017,FALSE,"SF",466,51,1,"Injury/Illness - Right Lower Leg; Contusion","lower leg","contusion",86,37,93,35.37,1,99,35.47,11.63,12.9,96.77,80.65,64.52,20.43,10.75,10.75,0,0,0,9.68,16.13,9.68,2.15,12.9,11.83,5.38,4.3,2.15,18.28,9.68,7.53,2.15,0,2.15,0,30.11,0,11.83,1.08,0,1.08,2.15,1.08,5.38,1.08,1.08,0,0,0,2.15,0,0,0,2.15,0,4.3,0,4.3,1.08,6.45,8.6,2.15,5.38,7.53,11.83,1.08,2.15,0,"Forward"
"22878","Dorian Finney-Smith","dorian finneysmith",2021-05-22,2021,"2020-12-22","2021-07-20",28.0492813141684,79,220,NA,NA,NA,"2016-10-26",2016,TRUE,"F",293,71,1,"Injury/Illness - Right Arm; Contusion","arm","contusion",285,68,66,2.54,8.2,99,42.71,13.2,7.58,96.97,87.88,62.12,21.21,12.12,9.09,0,3.03,0,9.09,13.64,4.55,3.03,9.09,9.09,12.12,10.61,3.03,25.76,10.61,6.06,1.52,0,1.52,0,39.39,1.52,19.7,0,10.61,3.03,1.52,0,4.55,1.52,1.52,0,0,0,6.06,0,0,0,6.06,3.03,0,0,0,4.55,16.67,4.55,1.52,4.55,16.67,9.09,6.06,0,0,"Forward"
"Youtube/1743.mp3","Malachi Flynn","malachi flynn",2022-04-22,2022,"2021-10-19","2022-06-16",23.9534565366188,73,185,2020,1,29,"2020-12-24",2020,FALSE,"PG",619,87,1,"Injury/Illness - Right Ankle; Sprained","ankle","sprain",21,7,337,11.58,84.14,47.71,32.58,13.48,10.39,94.66,83.38,63.2,20.18,14.84,4.45,1.78,1.78,1.78,5.34,9.79,3.86,0.3,13.06,8.9,11.87,6.82,1.48,19.88,6.53,6.82,4.15,2.67,1.19,0.3,25.82,2.67,13.65,2.67,0.3,2.08,5.34,1.19,2.08,3.26,2.08,1.19,0.3,0.3,15.73,3.56,0.89,1.48,12.76,5.34,1.78,1.48,0.3,1.78,8.9,14.24,2.97,9.2,3.56,4.15,7.12,1.19,3.86,"Guard"
"Youtube/2494.mp3","Malachi Flynn","malachi flynn",2022-04-10,2022,"2021-10-19","2022-06-16",23.9206023271732,73,185,2020,1,29,"2020-12-24",2020,FALSE,"PG",631,90,1,"Injury/Illness - Right Ankle; Sprained","ankle","sprain",9,3,578,17.49,76.99,76.74,78.8,10.32,9.69,96.89,82.53,65.22,22.32,13.15,4.33,4.15,2.42,0.52,9.17,10.9,5.36,0.69,16.26,11.07,8.3,6.57,2.25,21.11,4.15,6.06,7.09,4.67,1.56,0.87,31.49,2.6,15.22,5.54,0.87,1.38,2.25,2.08,3.63,5.88,4.67,0.87,2.08,1.56,11.07,1.21,0.35,0.52,10.21,2.08,3.46,2.08,0.87,1.38,10.21,8.65,1.04,5.71,5.02,4.5,6.92,1.21,2.6,"Guard"
"Youtube/2609.mp3","Malachi Flynn","malachi flynn",2022-04-10,2022,"2021-10-19","2022-06-16",23.9206023271732,73,185,2020,1,29,"2020-12-24",2020,FALSE,"PG",631,90,1,"Injury/Illness - Right Ankle; Sprained","ankle","sprain",9,3,579,17.25,76.15,77.48,78.72,10.34,9.67,96.89,82.56,65.28,22.45,13.3,4.49,4.15,2.42,0.52,9.15,10.88,5.35,0.69,16.23,11.05,8.29,6.56,2.25,21.07,4.15,6.04,7.08,4.66,1.55,0.86,31.43,2.59,15.2,5.53,0.86,1.38,2.25,2.07,3.63,5.87,4.66,0.86,2.07,1.55,11.05,1.21,0.35,0.52,10.19,2.07,3.45,2.07,0.86,1.38,10.19,8.64,1.04,5.7,5.01,4.49,6.91,1.21,2.59,"Guard"
"Youtube/3930.mp3","Malachi Flynn","malachi flynn",2021-11-18,2022,"2021-10-19","2022-06-16",23.5290896646133,73,185,2020,1,29,"2020-12-24",2020,FALSE,"PG",108,30,1,"Injury/Illness - Left Hamstring; Strain","hamstring","strain",330,56,340,15.94,47.03,79.43,56.99,10.63,6.47,94.41,83.24,62.06,19.12,8.24,4.41,1.76,0.29,1.18,10.88,15.88,6.76,0.59,11.47,8.24,12.65,7.06,0.88,22.06,7.06,5.59,5.88,2.65,2.65,0.59,27.35,3.24,14.41,3.82,1.18,2.94,2.65,2.06,1.76,4.12,3.24,0.88,1.76,1.18,7.06,1.47,0.88,0.88,6.18,1.18,1.47,1.18,0.29,2.35,10.88,12.06,3.53,9.41,3.24,2.94,5.59,1.76,2.65,"Guard"
"Youtube/3947.mp3","Malachi Flynn","malachi flynn",2022-04-22,2022,"2021-10-19","2022-06-16",23.9534565366188,73,185,2020,1,29,"2020-12-24",2020,FALSE,"PG",619,87,1,"Injury/Illness - Right Ankle; Sprained","ankle","sprain",21,7,333,11.02,84.5,47.08,32.75,15.14,9.91,94.59,83.48,63.36,20.42,15.02,4.5,1.8,1.8,1.8,5.41,9.61,3.6,0.3,13.21,8.71,12.01,6.91,1.5,19.52,6.61,6.91,4.2,2.7,1.2,0.3,26.13,2.7,13.81,2.7,0.3,2.1,5.41,1.2,2.1,3.3,2.1,1.2,0.3,0.3,15.62,3.3,0.9,1.5,12.91,5.41,1.8,1.5,0.3,1.8,9.01,14.11,2.7,9.31,3.6,3.9,7.21,1.2,3.9,"Guard"
"Youtube/4401.mp3","Malachi Flynn","malachi flynn",2021-11-18,2022,"2021-10-19","2022-06-16",23.5290896646133,73,185,2020,1,29,"2020-12-24",2020,FALSE,"PG",108,30,1,"Injury/Illness - Left Hamstring; Strain","hamstring","strain",330,56,339,15.78,47.05,78.24,57.11,10.94,6.49,94.4,83.19,62.24,19.17,8.26,4.42,1.77,0.29,1.18,10.91,15.93,6.78,0.59,11.5,8.26,12.68,7.08,0.88,21.83,7.08,5.6,5.9,2.65,2.65,0.59,27.14,3.24,14.16,3.54,1.18,2.95,2.65,2.06,1.77,4.13,3.24,0.88,1.77,1.18,7.08,1.47,0.88,0.88,6.19,1.18,1.47,1.18,0.29,2.36,10.62,12.09,3.54,9.44,3.24,2.95,5.6,1.77,2.65,"Guard"
"Youtube/5204.mp3","Malachi Flynn","malachi flynn",2022-02-28,2022,"2021-10-19","2022-06-16",23.8083504449008,73,185,2020,1,29,"2020-12-24",2020,FALSE,"PG",6,3,1,"Injury/Illness - Left Hamstring; Strain","hamstring","strain",432,83,578,5.16,90.06,54.1,55.21,10.51,7.27,96.71,85.81,65.4,23.36,15.22,3.46,1.73,3.29,2.08,8.13,10.21,4.84,0.52,13.15,11.59,10.73,8.65,1.73,23.01,5.88,6.23,4.33,2.25,1.38,0.69,29.58,0.87,14.01,5.02,1.56,1.56,2.25,1.04,3.29,3.63,2.94,0.69,1.9,1.21,15.57,1.9,0.52,0.52,13.67,5.36,2.08,1.73,0.17,1.21,9.52,10.38,2.42,5.54,5.19,4.84,7.61,1.38,2.6,"Guard"
"Youtube/5468.mp3","Malachi Flynn","malachi flynn",2022-02-28,2022,"2021-10-19","2022-06-16",23.8083504449008,73,185,2020,1,29,"2020-12-24",2020,FALSE,"PG",6,3,1,"Injury/Illness - Left Hamstring; Strain","hamstring","strain",432,83,578,5.16,90.06,51.59,55.21,10.32,7.27,96.71,85.64,65.4,23.36,15.22,3.46,1.73,3.29,2.08,8.13,10.21,4.84,0.52,13.15,11.59,10.73,8.65,1.73,23.01,5.71,6.23,4.33,2.25,1.38,0.69,29.76,0.87,14.19,5.02,1.56,1.73,2.25,1.04,3.29,3.63,2.94,0.69,1.9,1.21,15.57,1.9,0.52,0.52,13.67,5.36,2.25,1.73,0.17,1.21,9.52,10.38,2.42,5.54,5.02,4.67,7.61,1.56,2.6,"Guard"
"Youtube/5484.mp3","Malachi Flynn","malachi flynn",2021-11-18,2022,"2021-10-19","2022-06-16",23.5290896646133,73,185,2020,1,29,"2020-12-24",2020,FALSE,"PG",108,30,1,"Injury/Illness - Left Hamstring; Strain","hamstring","strain",330,56,339,15.78,47.05,78.24,57.11,10.94,6.49,94.4,83.19,62.24,19.17,8.26,4.42,1.77,0.29,1.18,10.91,15.93,6.78,0.59,11.5,8.26,12.68,7.08,0.88,21.83,7.08,5.6,5.9,2.65,2.65,0.59,27.14,3.24,14.16,3.54,1.18,2.95,2.65,2.06,1.77,4.13,3.24,0.88,1.77,1.18,7.08,1.47,0.88,0.88,6.19,1.18,1.47,1.18,0.29,2.36,10.62,12.09,3.54,9.44,3.24,2.95,5.6,1.77,2.65,"Guard"
"Youtube/5961.mp3","Malachi Flynn","malachi flynn",2022-04-10,2022,"2021-10-19","2022-06-16",23.9206023271732,73,185,2020,1,29,"2020-12-24",2020,FALSE,"PG",631,90,1,"Injury/Illness - Right Ankle; Sprained","ankle","sprain",9,3,579,17.25,76.15,77.48,78.72,10.34,9.67,96.89,82.56,65.28,22.45,13.3,4.49,4.15,2.42,0.52,9.15,10.88,5.35,0.69,16.23,11.05,8.29,6.56,2.25,21.07,4.15,6.04,7.08,4.66,1.55,0.86,31.43,2.59,15.2,5.53,0.86,1.38,2.25,2.07,3.63,5.87,4.66,0.86,2.07,1.55,11.05,1.21,0.35,0.52,10.19,2.07,3.45,2.07,0.86,1.38,10.19,8.64,1.04,5.7,5.01,4.49,6.91,1.21,2.59,"Guard"
"Youtube/6122.mp3","Malachi Flynn","malachi flynn",2022-02-28,2022,"2021-10-19","2022-06-16",23.8083504449008,73,185,2020,1,29,"2020-12-24",2020,FALSE,"PG",6,3,1,"Injury/Illness - Left Hamstring; Strain","hamstring","strain",432,83,578,5.16,90.06,54.1,55.21,10.7,7.27,96.71,85.81,65.4,23.36,15.22,3.46,1.73,3.29,2.08,8.13,10.21,4.84,0.52,13.15,11.59,10.73,8.65,1.73,23.01,5.88,6.23,4.33,2.25,1.38,0.69,29.58,0.87,14.01,5.02,1.56,1.56,2.25,1.04,3.29,3.63,2.94,0.69,1.9,1.21,15.57,1.9,0.52,0.52,13.67,5.36,2.08,1.73,0.17,1.21,9.52,10.38,2.42,5.54,5.19,4.84,7.61,1.38,2.6,"Guard"
"Youtube/936.mp3","Malachi Flynn","malachi flynn",2022-04-22,2022,"2021-10-19","2022-06-16",23.9534565366188,73,185,2020,1,29,"2020-12-24",2020,FALSE,"PG",619,87,1,"Injury/Illness - Right Ankle; Sprained","ankle","sprain",21,7,336,11.88,85.28,45.93,37.34,12.92,10.42,94.64,83.33,63.1,19.94,14.58,4.17,1.79,1.79,1.79,5.36,9.82,3.87,0.3,13.1,8.63,12.2,6.85,1.49,19.64,6.55,6.85,4.17,2.68,1.19,0.3,25.89,2.68,13.69,2.68,0.3,2.08,5.36,1.19,2.08,3.57,2.38,1.19,0.3,0.3,15.77,3.57,0.89,1.49,12.8,5.36,1.79,1.49,0.3,1.79,8.93,14.29,2.98,9.23,3.57,4.17,7.14,1.19,3.87,"Guard"
"32317","De'Aaron Fox","deaaron fox",2019-02-15,2019,"2018-12-20","2019-06-13",21.1553730321697,75,185,2017,1,5,"2017-10-19",2017,TRUE,"G",270,34,1,"Injury/Illness - Left Ankle Sprain","ankle","sprain",56,25,59,98.84,77.93,99,0,11.8,6.78,96.61,74.58,50.85,8.47,3.39,0,1.69,1.69,0,5.08,16.95,13.56,0,20.34,3.39,3.39,3.39,1.69,16.95,6.78,10.17,5.08,3.39,1.69,1.69,25.42,3.39,6.78,0,0,0,5.08,0,3.39,0,0,0,0,0,8.47,0,0,0,8.47,3.39,3.39,1.69,0,5.08,20.34,11.86,5.08,11.86,11.86,0,5.08,0,0,"Guard"
"32317","De'Aaron Fox","deaaron fox",2023-04-28,2023,"2022-10-18","2023-06-12",25.3524982888433,75,185,2017,1,5,"2017-10-19",2017,TRUE,"G",187,4,1,"Injury/Illness - Right Ankle; Sprain","ankle","sprain",177,73,103,50.17,88.69,72.16,4.8,14.71,12.62,96.12,73.79,58.25,19.42,11.65,3.88,6.8,0.97,0,7.77,16.5,6.8,5.83,14.56,7.77,4.85,3.88,1.94,18.45,5.83,7.77,10.68,6.8,2.91,0.97,27.18,0.97,10.68,3.88,0.97,0.97,0.97,0,1.94,7.77,2.91,4.85,1.94,0.97,10.68,0.97,0,0.97,9.71,0,6.8,5.83,0.97,1.94,12.62,6.8,0.97,4.85,6.8,7.77,4.85,0,0,"Guard"
"32317","De'Aaron Fox","deaaron fox",2023-04-20,2023,"2022-10-18","2023-06-12",25.3305954825462,75,185,2017,1,5,"2017-10-19",2017,TRUE,"G",195,7,1,"Injury/Illness - Right Ankle; Sprain","ankle","sprain",169,70,54,16.08,87.35,65.87,48.44,18,7.41,94.44,75.93,55.56,16.67,14.81,3.7,11.11,0,0,1.85,7.41,0,0,14.81,14.81,7.41,3.7,1.85,31.48,7.41,1.85,16.67,11.11,5.56,0,22.22,0,16.67,3.7,1.85,3.7,0,0,7.41,5.56,3.7,1.85,1.85,0,12.96,1.85,0,0,11.11,0,0,0,0,5.56,9.26,11.11,1.85,5.56,1.85,3.7,1.85,12.96,1.85,"Guard"
"32317","De'Aaron Fox","deaaron fox",2023-02-18,2023,"2022-10-18","2023-06-12",25.1635865845311,75,185,2017,1,5,"2017-10-19",2017,TRUE,"G",256,32,1,"Injury/Illness - Right Ankle; Sprain","ankle","sprain",108,46,77,20.83,99,1,91.84,12.83,5.19,85.71,72.73,68.83,18.18,15.58,2.6,0,6.49,0,2.6,18.18,11.69,3.9,11.69,16.88,11.69,2.6,1.3,20.78,1.3,5.19,3.9,3.9,0,0,16.88,0,10.39,1.3,0,5.19,1.3,1.3,1.3,5.19,5.19,0,0,0,18.18,1.3,1.3,0,18.18,6.49,1.3,1.3,0,0,2.6,11.69,0,10.39,0,2.6,11.69,2.6,0,"Guard"
"32317","De'Aaron Fox","deaaron fox",2025-12-12,2026,"2025-10-21","2026-06-13",27.9780971937029,75,185,2017,1,5,"2017-10-19",2017,TRUE,"G",15,7,1,"Injury/Illness - Left Adductor; Tightness/Illness","groin","tightness",35,16,67,1.69,99,59.19,99,11.17,14.93,97.01,83.58,71.64,34.33,20.9,0,16.42,4.48,0,13.43,14.93,5.97,0,8.96,10.45,7.46,7.46,0,22.39,0,0,22.39,17.91,2.99,1.49,16.42,0,8.96,1.49,0,1.49,1.49,2.99,1.49,11.94,10.45,1.49,1.49,0,23.88,2.99,1.49,1.49,22.39,0,8.96,7.46,0,0,4.48,13.43,5.97,10.45,1.49,0,8.96,0,0,"Guard"
"32317","De'Aaron Fox","deaaron fox",2026-06-08,2026,"2025-10-21","2026-06-13",28.4654346338125,75,185,2017,1,5,"2017-10-19",2017,TRUE,"G",5,2,0,NA,NA,NA,75,27,56,5.64,94.84,89.39,98.65,14,10.71,94.64,76.79,62.5,21.43,17.86,7.14,7.14,0,0,3.57,14.29,7.14,0,8.93,16.07,7.14,7.14,1.79,26.79,3.57,3.57,8.93,8.93,0,0,35.71,0,19.64,8.93,5.36,0,0,1.79,3.57,7.14,7.14,0,5.36,5.36,19.64,3.57,3.57,0,17.86,3.57,0,0,0,1.79,16.07,3.57,0,3.57,1.79,8.93,7.14,0,0,"Guard"
"32317","De'Aaron Fox","deaaron fox",2026-06-07,2026,"2025-10-21","2026-06-13",28.4626967830253,75,185,2017,1,5,"2017-10-19",2017,TRUE,"G",6,3,0,NA,NA,NA,74,27,53,9.37,98.93,1,99,8.83,5.66,90.57,83.02,60.38,24.53,24.53,1.89,0,1.89,0,0,13.21,7.55,0,9.43,11.32,9.43,3.77,1.89,18.87,9.43,5.66,5.66,0,1.89,3.77,24.53,0,15.09,5.66,1.89,1.89,0,3.77,3.77,7.55,7.55,0,0,0,24.53,1.89,0,1.89,22.64,20.75,3.77,3.77,0,1.89,7.55,5.66,0,3.77,0,0,13.21,0,3.77,"Guard"
"32317","De'Aaron Fox","deaaron fox",2026-06-05,2026,"2025-10-21","2026-06-13",28.4572210814511,75,185,2017,1,5,"2017-10-19",2017,TRUE,"G",8,3,0,NA,NA,NA,72,26,58,96.21,85.25,86.26,74.09,14.5,5.17,84.48,68.97,50,12.07,8.62,1.72,6.9,0,0,3.45,8.62,5.17,1.72,24.14,5.17,1.72,1.72,1.72,15.52,6.9,0,6.9,6.9,0,0,25.86,0,13.79,6.9,1.72,0,3.45,0,1.72,3.45,3.45,0,0,0,8.62,1.72,0,0,6.9,0,1.72,1.72,0,8.62,12.07,8.62,3.45,5.17,5.17,1.72,5.17,0,0,"Guard"
"34932","Daniel Gafford","daniel gafford",2024-06-05,2024,"2023-10-24","2024-06-17",25.678302532512,82,265,2019,2,38,"2019-10-23",2019,TRUE,"F",216,40,1,"Injury/Illness - Left Ankle; Sprain","ankle","sprain",137,55,59,73,40.06,90.74,73.26,14.75,16.95,96.61,76.27,71.19,10.17,5.08,3.39,1.69,0,0,5.08,20.34,10.17,3.39,22.03,16.95,8.47,5.08,0,22.03,8.47,10.17,5.08,1.69,1.69,1.69,16.95,0,6.78,0,1.69,0,3.39,0,0,3.39,3.39,0,3.39,3.39,1.69,0,0,0,1.69,0,0,0,0,0,10.17,16.95,1.69,15.25,5.08,1.69,5.08,10.17,0,"Forward"
"Youtube/1228.mp3","Daniel Gafford","daniel gafford",2024-03-21,2024,"2023-10-24","2024-06-17",25.4702258726899,82,265,2019,2,38,"2019-10-23",2019,TRUE,"F",292,68,1,"Injury/Illness - Left Ankle; Sprain","ankle","sprain",61,26,1102,30.16,77.22,77.72,55.55,15.97,7.71,95.74,82.12,64.97,20.69,13.16,5.54,2.27,3.09,0.45,7.53,15.06,7.26,0.73,15.79,8.98,9.44,6.53,0.82,20.24,4.99,4.54,4.63,3.54,0.73,0.36,25.5,1.18,11.98,4.72,1.36,1.09,2.36,0.45,2.27,3.63,2.9,0.64,1.45,0.91,12.43,3.18,1.18,1.09,9.89,2.63,2.18,1.54,0.36,2.27,14.61,7.99,2,5.44,5.17,4.36,4.63,2,2.18,"Forward"
"Youtube/2110.mp3","Daniel Gafford","daniel gafford",2024-04-05,2024,"2023-10-24","2024-06-17",25.5112936344969,82,265,2019,2,38,"2019-10-23",2019,TRUE,"F",277,61,1,"Injury/Illness - Left Ankle; Sprain","ankle","sprain",76,33,972,30.88,92.89,63.07,46.67,12.15,7.61,94.24,80.76,62.55,19.44,12.96,2.78,2.37,4.22,0.41,6.48,13.99,7.41,0.82,14.3,8.23,9.67,6.17,1.34,19.86,4.53,4.32,6.17,2.98,2.06,1.13,22.94,1.03,11.42,4.63,1.03,0.51,1.95,1.65,2.26,2.98,2.37,0.62,0.93,0.31,13.07,2.06,0.41,1.03,11.21,3.4,1.95,1.54,0.31,1.85,13.17,10.08,2.98,6.48,4.32,4.22,4.42,1.75,2.37,"Forward"
"Youtube/2902.mp3","Daniel Gafford","daniel gafford",2024-03-21,2024,"2023-10-24","2024-06-17",25.4702258726899,82,265,2019,2,38,"2019-10-23",2019,TRUE,"F",292,68,1,"Injury/Illness - Left Ankle; Sprain","ankle","sprain",61,26,1102,30.16,77.22,77.72,55.55,15.97,7.71,95.74,82.12,64.97,20.69,13.16,5.54,2.27,3.09,0.45,7.53,15.06,7.26,0.73,15.79,8.98,9.44,6.53,0.82,20.24,4.99,4.54,4.63,3.54,0.73,0.36,25.5,1.18,11.98,4.72,1.36,1.09,2.36,0.45,2.27,3.63,2.9,0.64,1.45,0.91,12.43,3.18,1.18,1.09,9.89,2.63,2.18,1.54,0.36,2.27,14.61,7.99,2,5.44,5.17,4.36,4.63,2,2.18,"Forward"
"Youtube/3028.mp3","Daniel Gafford","daniel gafford",2024-04-09,2024,"2023-10-24","2024-06-17",25.5222450376454,82,265,2019,2,38,"2019-10-23",2019,TRUE,"F",273,59,1,"Injury/Illness - Left Ankle; Sprain","ankle","sprain",80,35,1144,22.39,62.84,95.3,42.23,14.12,8.48,95.37,81.12,64.25,20.89,13.02,6.03,2.8,2.97,0.7,7.87,12.24,5.68,0.79,16.78,9.18,9.97,7.08,1.92,21.68,4.2,3.06,6.56,4.02,1.75,0.79,27.36,1.4,13.46,4.98,1.05,2.36,1.66,1.49,2.53,3.41,2.45,0.96,0.79,0.17,11.19,3.5,1.4,1.49,8.57,1.14,1.57,1.14,0.17,1.84,13.99,11.01,3.41,7.87,5.42,2.97,6.73,2.62,2.71,"Forward"
"Youtube/3305.mp3","Daniel Gafford","daniel gafford",2024-04-05,2024,"2023-10-24","2024-06-17",25.5112936344969,82,265,2019,2,38,"2019-10-23",2019,TRUE,"F",277,61,1,"Injury/Illness - Left Ankle; Sprain","ankle","sprain",76,33,973,30.66,93.27,62.93,46.64,12.01,7.61,94.24,80.78,62.59,19.53,13.05,2.77,2.36,4.32,0.41,6.47,13.98,7.4,0.82,14.29,8.22,9.66,6.17,1.34,19.84,4.52,4.32,6.17,2.98,2.06,1.13,22.92,1.03,11.41,4.62,1.03,0.51,1.95,1.64,2.26,2.98,2.36,0.62,0.92,0.31,13.16,2.06,0.41,1.03,11.31,3.39,1.95,1.54,0.31,1.85,13.16,10.07,2.98,6.47,4.32,4.21,4.42,1.75,2.36,"Forward"
"Youtube/3569.mp3","Daniel Gafford","daniel gafford",2024-04-09,2024,"2023-10-24","2024-06-17",25.5222450376454,82,265,2019,2,38,"2019-10-23",2019,TRUE,"F",273,59,1,"Injury/Illness - Left Ankle; Sprain","ankle","sprain",80,35,1133,22.4,65.06,94.65,42.47,14.34,8.47,95.32,81.11,64.17,21.01,13.15,6,2.82,3.09,0.71,7.86,12.27,5.65,0.88,16.77,9.09,9.89,7.06,1.94,21.62,4.24,3.18,6.62,4.06,1.77,0.79,27.18,1.41,13.42,5.03,1.06,2.38,1.59,1.41,2.47,3.27,2.38,0.88,0.79,0.18,11.3,3.44,1.41,1.5,8.74,1.15,1.59,1.15,0.18,1.85,13.86,10.77,3.35,7.68,5.38,2.91,6.71,2.65,2.74,"Forward"
"Youtube/5152.mp3","Daniel Gafford","daniel gafford",2024-03-21,2024,"2023-10-24","2024-06-17",25.4702258726899,82,265,2019,2,38,"2019-10-23",2019,TRUE,"F",292,68,1,"Injury/Illness - Left Ankle; Sprain","ankle","sprain",61,26,1099,30.23,77.3,78.05,55.65,15.93,7.73,95.72,82.07,64.88,20.66,13.01,5.46,2.27,3.09,0.45,7.64,15.1,7.28,0.73,15.74,9.01,9.46,6.46,0.82,20.29,5,4.55,4.64,3.55,0.73,0.36,25.57,1.18,12.01,4.73,1.36,1.09,2.37,0.45,2.27,3.64,2.91,0.64,1.46,0.91,12.37,3.18,1.18,1.09,9.83,2.55,2.18,1.55,0.36,2.27,14.65,8.01,2,5.46,5.19,4.37,4.64,2,2.18,"Forward"
"Youtube/874.mp3","Daniel Gafford","daniel gafford",2024-04-05,2024,"2023-10-24","2024-06-17",25.5112936344969,82,265,2019,2,38,"2019-10-23",2019,TRUE,"F",277,61,1,"Injury/Illness - Left Ankle; Sprain","ankle","sprain",76,33,973,31.22,93.66,62.93,46.64,12.16,7.61,94.24,80.78,62.59,19.53,13.05,2.77,2.36,4.32,0.41,6.47,13.98,7.4,0.82,14.39,8.22,9.66,6.17,1.23,19.84,4.52,4.32,6.17,2.98,2.06,1.13,22.82,1.03,11.31,4.62,1.03,0.51,1.95,1.64,2.16,2.98,2.36,0.62,0.92,0.31,13.16,2.06,0.41,1.03,11.31,3.39,1.95,1.54,0.31,1.85,13.16,10.17,2.98,6.58,4.32,4.21,4.42,1.75,2.36,"Forward"
"18663","Danilo Gallinari","danilo gallinari",2021-07-01,2021,"2020-12-22","2021-07-20",32.8952772073922,82,236,2008,1,6,"2008-10-29",2008,FALSE,"PF",218,42,1,"Injury/Illness - Right Hamstring; Tightness","hamstring","tightness",162,65,62,74.04,99,35.88,44.38,10.33,6.45,90.32,77.42,64.52,17.74,14.52,0,6.45,1.61,6.45,3.23,17.74,12.9,1.61,16.13,8.06,6.45,3.23,1.61,16.13,6.45,4.84,9.68,6.45,3.23,0,14.52,0,8.06,0,0,1.61,0,1.61,3.23,8.06,4.84,3.23,1.61,1.61,16.13,1.61,0,1.61,14.52,0,4.84,1.61,3.23,1.61,9.68,11.29,1.61,9.68,3.23,6.45,0,1.61,0,"Forward"
"18663","Danilo Gallinari","danilo gallinari",2021-06-27,2021,"2020-12-22","2021-07-20",32.8843258042437,82,236,2008,1,6,"2008-10-29",2008,FALSE,"PF",222,44,1,"Injury/Illness - Right Hamstring; Tightness","hamstring","tightness",158,63,50,33.98,63.73,75.94,99,16.67,20,98,84,66,24,12,6,6,0,0,12,20,10,4,12,10,8,2,0,22,8,4,10,6,4,0,36,0,20,8,0,2,4,4,2,8,8,0,2,2,6,0,0,0,6,0,8,6,2,2,16,4,0,4,4,8,4,0,0,"Forward"
"Youtube/2464.mp3","Danilo Gallinari","danilo gallinari",2021-02-24,2021,"2020-12-22","2021-07-20",32.5475701574264,82,236,2008,1,6,"2008-10-29",2008,FALSE,"PF",345,90,1,"Injury/Illness - Right Hamstring; Tightness","hamstring","tightness",35,17,9674,10.45,42.97,66.5,38.14,9.96,9.27,88.92,76.94,60.65,20.33,12.51,5.34,1.41,2.36,1.51,7.83,14.16,5.53,1.52,11.42,12.94,6.77,7.22,2.83,23.86,5.01,4.15,4.42,2.31,1.19,1.05,30.12,1.23,14.34,3.68,1.44,2.2,3.17,0.75,4.48,4.43,2.69,1.45,1.12,0.56,13.01,3.93,0.8,2.42,9.58,2.54,2.27,1.03,0.92,1.16,10.88,8.15,1.43,5.14,4.32,2.89,9.79,2.18,2.23,"Forward"
"37658","Darius Garland","darius garland",2022-02-19,2022,"2021-10-19","2022-06-16",22.0670773442847,73,192,2019,1,5,"2019-10-23",2019,TRUE,"G",245,25,1,"Injury/Illness - Left Eye; Laceration","eye","laceration",119,46,51,86.58,96.5,73.43,80.19,7.29,11.76,88.24,76.47,60.78,17.65,9.8,1.96,7.84,0,0,7.84,25.49,11.76,0,15.69,3.92,5.88,1.96,0,15.69,3.92,9.8,9.8,7.84,0,1.96,27.45,3.92,15.69,9.8,1.96,1.96,0,0,1.96,3.92,3.92,0,0,0,9.8,0,0,0,9.8,1.96,0,0,0,0,9.8,9.8,1.96,3.92,3.92,0,7.84,1.96,0,"Guard"
"19209","Marc Gasol","marc gasol",2019-06-13,2019,"2018-12-20","2019-06-13",34.3682409308693,83,255,2007,2,48,"2008-10-30",2008,FALSE,"C",190,27,1,"Injury/Illness - Left Hamstring; Strain","hamstring","strain",174,71,172,3.05,92.1,25.75,87.73,11.47,15.12,98.26,80.81,64.53,22.67,12.79,3.49,4.07,1.16,4.07,9.88,18.02,4.07,1.16,8.72,11.05,11.63,7.56,1.16,20.35,8.14,9.3,8.72,5.81,1.16,2.33,23.84,1.16,11.63,3.49,2.33,2.33,0.58,0,3.49,8.14,6.4,1.74,2.91,2.33,19.19,5.81,2.91,1.74,13.95,1.74,2.33,1.74,0.58,0,8.72,4.07,1.16,1.74,3.49,6.98,4.65,0,0,"Center"
"19209","Marc Gasol","marc gasol",2019-06-12,2019,"2018-12-20","2019-06-13",34.3655030800821,83,255,2007,2,48,"2008-10-30",2008,FALSE,"C",191,28,1,"Injury/Illness - Left Hamstring; Strain","hamstring","strain",173,71,54,23.88,99,10.18,99,27,16.67,96.3,85.19,62.96,24.07,11.11,0,0,11.11,0,12.96,12.96,5.56,1.85,16.67,9.26,1.85,12.96,0,24.07,9.26,1.85,11.11,0,5.56,5.56,24.07,0,18.52,1.85,3.7,7.41,3.7,0,1.85,9.26,7.41,0,1.85,0,11.11,0,0,0,11.11,0,3.7,1.85,1.85,0,12.96,9.26,3.7,9.26,1.85,1.85,3.7,0,0,"Center"
"19209","Marc Gasol","marc gasol",2019-06-09,2019,"2018-12-20","2019-06-13",34.3572895277207,83,255,2007,2,48,"2008-10-30",2008,FALSE,"C",194,29,1,"Injury/Illness - Left Hamstring; Strain","hamstring","strain",170,70,57,8.01,70.59,8.42,98.45,19,26.32,91.23,84.21,63.16,19.3,7.02,0,0,5.26,1.75,12.28,12.28,3.51,0,10.53,7.02,5.26,14.04,3.51,14.04,15.79,7.02,5.26,1.75,3.51,0,33.33,3.51,21.05,3.51,3.51,3.51,7.02,0,7.02,7.02,7.02,0,0,0,12.28,3.51,1.75,0,10.53,0,1.75,1.75,0,3.51,14.04,1.75,0,1.75,1.75,1.75,10.53,0,0,"Center"
"19209","Marc Gasol","marc gasol",2019-06-01,2019,"2018-12-20","2019-06-13",34.3353867214237,83,255,2007,2,48,"2008-10-30",2008,FALSE,"C",202,32,1,"Injury/Illness - Left Hamstring; Strain","hamstring","strain",162,67,51,83.1,96.5,21.25,4.72,25.5,19.61,94.12,82.35,62.75,15.69,9.8,0,1.96,3.92,3.92,5.88,15.69,11.76,1.96,19.61,5.88,3.92,9.8,0,17.65,7.84,1.96,7.84,1.96,3.92,1.96,21.57,1.96,11.76,0,3.92,3.92,1.96,0,1.96,1.96,0,1.96,1.96,0,11.76,1.96,0,0,9.8,0,0,0,0,1.96,5.88,7.84,5.88,1.96,7.84,0,1.96,1.96,0,"Center"
"19209","Marc Gasol","marc gasol",2019-05-29,2019,"2018-12-20","2019-06-13",34.3271731690623,83,255,2007,2,48,"2008-10-30",2008,FALSE,"C",205,33,1,"Injury/Illness - Left Hamstring; Strain","hamstring","strain",159,66,66,24.27,58.11,39.59,67.94,16.5,15.15,90.91,74.24,59.09,18.18,7.58,3.03,0,3.03,0,10.61,21.21,7.58,0,13.64,7.58,13.64,7.58,0,13.64,10.61,3.03,6.06,6.06,0,0,28.79,3.03,10.61,0,0,0,3.03,3.03,4.55,3.03,3.03,0,0,0,18.18,10.61,4.55,4.55,7.58,1.52,3.03,1.52,1.52,1.52,6.06,7.58,0,6.06,4.55,6.06,6.06,0,0,"Center"
"21104","Paul George","paul george",2021-06-30,2021,"2020-12-22","2021-07-20",31.1622176591376,80,220,2010,1,10,"2010-10-28",2010,TRUE,"F",161,24,1,"Injury/Illness - Right Elbow; Contusion","elbow","contusion",118,46,64,89.52,98.18,89.39,88.05,8,15.63,93.75,79.69,56.25,14.06,12.5,3.13,9.38,0,0,1.56,18.75,10.94,1.56,15.63,7.81,4.69,0,0,20.31,3.13,10.94,12.5,9.38,3.13,0,25,3.13,6.25,3.13,0,0,0,1.56,1.56,14.06,9.38,4.69,1.56,1.56,14.06,3.13,0,0,10.94,1.56,3.13,1.56,0,0,7.81,10.94,1.56,9.38,6.25,14.06,0,1.56,1.56,"Forward"
"21104","Paul George","paul george",2021-06-26,2021,"2020-12-22","2021-07-20",31.1512662559891,80,220,2010,1,10,"2010-10-28",2010,TRUE,"F",165,26,1,"Injury/Illness - Right Elbow; Contusion","elbow","contusion",114,44,77,74.7,86.82,8.03,99,8.56,20.78,92.21,72.73,53.25,11.69,7.79,1.3,6.49,0,0,3.9,19.48,12.99,1.3,9.09,10.39,6.49,1.3,0,14.29,10.39,6.49,10.39,6.49,2.6,2.6,27.27,0,14.29,1.3,2.6,3.9,1.3,3.9,2.6,7.79,7.79,0,1.3,1.3,6.49,0,0,0,6.49,0,5.19,5.19,0,2.6,9.09,6.49,1.3,2.6,5.19,6.49,1.3,1.3,1.3,"Forward"
"21104","Paul George","paul george",2021-06-24,2021,"2020-12-22","2021-07-20",31.1457905544148,80,220,2010,1,10,"2010-10-28",2010,TRUE,"F",167,27,1,"Injury/Illness - Right Elbow; Contusion","elbow","contusion",112,43,62,51.31,97.31,97.57,97.31,5.17,3.23,96.77,83.87,62.9,24.19,19.35,8.06,9.68,1.61,0,4.84,8.06,6.45,1.61,22.58,11.29,3.23,6.45,0,24.19,8.06,0,12.9,9.68,3.23,0,11.29,0,4.84,4.84,0,0,0,0,0,6.45,6.45,0,0,0,12.9,1.61,0,1.61,11.29,0,3.23,1.61,1.61,1.61,12.9,9.68,8.06,1.61,6.45,9.68,0,6.45,0,"Forward"
"21104","Paul George","paul george",2021-06-22,2021,"2020-12-22","2021-07-20",31.1403148528405,80,220,2010,1,10,"2010-10-28",2010,TRUE,"F",169,28,1,"Injury/Illness - Right Elbow; Contusion","elbow","contusion",110,42,55,50.6,1.58,99,76.62,11,12.73,96.36,69.09,54.55,16.36,9.09,9.09,0,0,0,7.27,14.55,9.09,0,12.73,10.91,9.09,0,1.82,20,5.45,1.82,7.27,0,7.27,1.82,27.27,3.64,9.09,1.82,3.64,0,0,1.82,1.82,10.91,7.27,3.64,1.82,1.82,1.82,1.82,0,0,0,0,9.09,9.09,0,0,1.82,14.55,3.64,10.91,5.45,10.91,3.64,3.64,1.82,"Forward"
"21104","Paul George","paul george",2021-06-20,2021,"2020-12-22","2021-07-20",31.1348391512663,80,220,2010,1,10,"2010-10-28",2010,TRUE,"F",171,29,1,"Injury/Illness - Right Elbow; Contusion","elbow","contusion",108,41,87,31.31,97.68,81.15,98.26,12.43,9.2,95.4,78.16,59.77,19.54,12.64,1.15,9.2,2.3,0,6.9,17.24,6.9,2.3,14.94,12.64,4.6,8.05,0,22.99,9.2,9.2,14.94,11.49,2.3,1.15,33.33,0,21.84,11.49,1.15,1.15,0,0,9.2,6.9,6.9,0,1.15,1.15,13.79,2.3,2.3,0,13.79,0,4.6,4.6,0,1.15,10.34,4.6,1.15,1.15,0,8.05,3.45,5.75,0,"Forward"
"21104","Paul George","paul george",2021-06-18,2021,"2020-12-22","2021-07-20",31.129363449692,80,220,2010,1,10,"2010-10-28",2010,TRUE,"F",173,30,1,"Injury/Illness - Right Elbow; Contusion","elbow","contusion",106,40,101,17.84,99,12.87,20.23,9.18,15.84,92.08,76.24,60.4,30.69,23.76,3.96,0.99,9.9,0,6.93,15.84,5.94,1.98,8.91,3.96,5.94,2.97,0,14.85,7.92,8.91,3.96,0.99,0,2.97,14.85,0.99,9.9,6.93,0,0,0,0.99,1.98,1.98,0.99,0.99,0,0,21.78,1.98,0,0,19.8,8.91,1.98,1.98,0,0,6.93,14.85,0,6.93,0.99,8.91,1.98,0,0,"Forward"
"21104","Paul George","paul george",2021-06-16,2021,"2020-12-22","2021-07-20",31.1238877481177,80,220,2010,1,10,"2010-10-28",2010,TRUE,"F",175,31,1,"Injury/Illness - Right Elbow; Contusion","elbow","contusion",104,39,66,8.29,49.07,99,86.79,11,12.12,98.48,81.82,59.09,24.24,19.7,12.12,4.55,3.03,0,4.55,10.61,1.52,1.52,10.61,7.58,6.06,6.06,3.03,27.27,7.58,4.55,9.09,9.09,0,0,22.73,3.03,7.58,7.58,0,0,0,0,0,4.55,4.55,0,0,0,15.15,7.58,1.52,0,9.09,0,4.55,1.52,0,1.52,10.61,15.15,4.55,12.12,4.55,15.15,0,1.52,0,"Forward"
"21104","Paul George","paul george",2021-06-14,2021,"2020-12-22","2021-07-20",31.1184120465435,80,220,2010,1,10,"2010-10-28",2010,TRUE,"F",177,32,1,"Injury/Illness - Right Elbow; Contusion","elbow","contusion",102,38,84,8.67,99,24.32,20.23,12,14.29,92.86,78.57,61.9,19.05,14.29,2.38,11.9,0,0,4.76,10.71,2.38,0,15.48,14.29,7.14,11.9,0,21.43,9.52,3.57,25,17.86,4.76,2.38,16.67,0,9.52,1.19,2.38,2.38,0,0,3.57,9.52,4.76,4.76,3.57,0,23.81,11.9,3.57,0,15.48,0,1.19,1.19,0,3.57,2.38,5.95,0,5.95,3.57,0,7.14,2.38,1.19,"Forward"
"21104","Paul George","paul george",2021-06-06,2021,"2020-12-22","2021-07-20",31.0965092402464,80,220,2010,1,10,"2010-10-28",2010,TRUE,"F",185,36,1,"Injury/Illness - Right Elbow; Contusion","elbow","contusion",94,34,69,10.19,99,97.53,99,4.93,11.59,97.1,85.51,56.52,33.33,30.43,1.45,17.39,4.35,7.25,2.9,7.25,2.9,1.45,8.7,1.45,7.25,2.9,0,20.29,10.14,2.9,24.64,20.29,4.35,0,23.19,0,11.59,5.8,0,0,0,2.9,2.9,15.94,15.94,0,0,0,33.33,2.9,2.9,0,33.33,0,5.8,5.8,0,1.45,8.7,17.39,2.9,11.59,4.35,13.04,1.45,0,0,"Forward"
"21104","Paul George","paul george",2021-06-02,2021,"2020-12-22","2021-07-20",31.0855578370979,80,220,2010,1,10,"2010-10-28",2010,TRUE,"F",189,38,1,"Injury/Illness - Right Elbow; Contusion","elbow","contusion",90,32,90,66.04,96.04,82.8,97.84,18,5.56,94.44,73.33,57.78,17.78,13.33,1.11,10,2.22,0,4.44,15.56,7.78,1.11,18.89,8.89,2.22,7.78,1.11,18.89,4.44,7.78,15.56,10,5.56,1.11,23.33,0,15.56,3.33,0,2.22,2.22,0,8.89,6.67,6.67,0,0,0,13.33,1.11,1.11,0,12.22,0,5.56,0,1.11,3.33,12.22,7.78,0,7.78,4.44,1.11,3.33,4.44,1.11,"Forward"
"21104","Paul George","paul george",2021-05-22,2021,"2020-12-22","2021-07-20",31.0554414784394,80,220,2010,1,10,"2010-10-28",2010,TRUE,"F",200,42,1,"Injury/Illness - Right Elbow; Contusion","elbow","contusion",79,28,65,11.64,99,95.87,43.1,16.25,9.23,90.77,73.85,56.92,26.15,18.46,3.08,10.77,0,4.62,7.69,10.77,3.08,1.54,9.23,7.69,4.62,6.15,0,20,4.62,3.08,12.31,10.77,1.54,0,27.69,0,13.85,3.08,4.62,0,4.62,0,3.08,4.62,3.08,1.54,1.54,1.54,16.92,1.54,0,0,15.38,0,1.54,1.54,0,4.62,7.69,10.77,7.69,3.08,7.69,9.23,0,0,0,"Forward"
"21104","Paul George","paul george",2020-09-15,2020,"2019-10-22","2020-10-11",30.3737166324435,80,220,2010,1,10,"2010-10-28",2010,TRUE,"F",143,20,1,"Injury/Illness - Right Bone; Edema","","swelling",206,26,64,19.03,99,9.63,69.4,5.82,9.38,96.88,85.94,65.63,23.44,15.63,1.56,12.5,1.56,0,7.81,20.31,6.25,3.13,12.5,14.06,3.13,1.56,4.69,26.56,6.25,17.19,20.31,17.19,3.13,0,25,4.69,9.38,3.13,1.56,4.69,0,0,1.56,3.13,3.13,0,0,0,17.19,3.13,0,3.13,14.06,0,0,0,0,4.69,15.63,6.25,1.56,1.56,6.25,3.13,4.69,3.13,0,"Forward"
"21104","Paul George","paul george",2020-09-11,2020,"2019-10-22","2020-10-11",30.362765229295,80,220,2010,1,10,"2010-10-28",2010,TRUE,"F",147,22,1,"Injury/Illness - Right Bone; Edema","","swelling",202,24,62,20.52,92.62,79.1,99,8.86,8.06,91.94,79.03,58.06,25.81,16.13,3.23,8.06,0,4.84,9.68,14.52,4.84,0,12.9,9.68,4.84,1.61,3.23,19.35,9.68,4.84,14.52,8.06,1.61,4.84,19.35,1.61,8.06,3.23,1.61,0,0,0,3.23,9.68,9.68,0,0,0,14.52,1.61,0,0,12.9,0,8.06,8.06,0,1.61,6.45,8.06,6.45,1.61,4.84,11.29,1.61,0,0,"Forward"
"21104","Paul George","paul george",2020-09-05,2020,"2019-10-22","2020-10-11",30.3463381245722,80,220,2010,1,10,"2010-10-28",2010,TRUE,"F",153,25,1,"Injury/Illness - Right Bone; Edema","","swelling",196,21,62,17.22,95.44,86.48,44.38,20.67,11.29,95.16,87.1,64.52,25.81,22.58,8.06,9.68,0,4.84,3.23,6.45,4.84,0,14.52,8.06,8.06,6.45,0,20.97,4.84,6.45,14.52,9.68,1.61,3.23,29.03,1.61,17.74,11.29,3.23,0,0,1.61,3.23,4.84,3.23,1.61,1.61,1.61,19.35,4.84,0,1.61,14.52,0,3.23,0,1.61,1.61,9.68,1.61,0,0,1.61,4.84,4.84,0,0,"Forward"
"21104","Paul George","paul george",2020-09-03,2020,"2019-10-22","2020-10-11",30.3408624229979,80,220,2010,1,10,"2010-10-28",2010,TRUE,"F",155,26,1,"Injury/Illness - Right Bone; Edema","","swelling",194,20,70,1.43,99,16.97,99,7,18.57,94.29,84.29,62.86,34.29,17.14,4.29,11.43,1.43,0,17.14,5.71,0,1.43,10,14.29,4.29,2.86,0,27.14,7.14,5.71,14.29,14.29,0,0,35.71,7.14,10,5.71,0,2.86,0,0,1.43,12.86,12.86,0,2.86,2.86,20,2.86,1.43,1.43,17.14,0,5.71,5.71,0,0,14.29,1.43,0,0,4.29,14.29,4.29,0,0,"Forward"
"21104","Paul George","paul george",2020-08-29,2020,"2019-10-22","2020-10-11",30.3271731690623,80,220,2010,1,10,"2010-10-28",2010,TRUE,"F",160,28,1,"Injury/Illness - Right Bone; Edema","","swelling",189,19,73,1.19,25.32,92.42,63.38,9.13,10.96,98.63,83.56,73.97,30.14,17.81,10.96,4.11,1.37,0,12.33,20.55,6.85,4.11,9.59,20.55,5.48,4.11,2.74,27.4,2.74,9.59,5.48,5.48,0,0,34.25,5.48,9.59,2.74,0,0,1.37,0,6.85,2.74,2.74,0,1.37,1.37,16.44,4.11,1.37,2.74,12.33,6.85,4.11,0,4.11,2.74,8.22,6.85,0,6.85,0,8.22,12.33,0,0,"Forward"
"21104","Paul George","paul george",2020-07-22,2020,"2019-10-22","2020-10-11",30.2231348391513,80,220,2010,1,10,"2010-10-28",2010,TRUE,"F",198,39,1,"Injury/Illness - Right Bone; Edema","","swelling",151,8,54,7.9,72.07,92.16,77.5,13.5,16.67,98.15,79.63,68.52,18.52,7.41,1.85,5.56,0,0,11.11,12.96,1.85,0,18.52,12.96,14.81,5.56,3.7,24.07,1.85,0,5.56,5.56,0,0,35.19,1.85,12.96,1.85,1.85,3.7,1.85,3.7,1.85,11.11,7.41,3.7,0,0,11.11,3.7,0,0,7.41,0,0,0,0,0,12.96,12.96,1.85,11.11,11.11,3.7,9.26,5.56,3.7,"Forward"
"21104","Paul George","paul george",2020-07-18,2020,"2019-10-22","2020-10-11",30.2121834360027,80,220,2010,1,10,"2010-10-28",2010,TRUE,"F",202,39,1,"Injury/Illness - Right Bone; Edema","","swelling",147,8,66,36.2,5.27,98.58,42.71,33,12.12,90.91,77.27,63.64,24.24,16.67,15.15,0,0,1.52,7.58,16.67,3.03,0,21.21,6.06,6.06,7.58,1.52,12.12,4.55,3.03,7.58,3.03,3.03,1.52,18.18,0,9.09,0,0,3.03,3.03,3.03,3.03,1.52,1.52,0,0,0,12.12,1.52,0,1.52,10.61,0,0,0,0,0,13.64,6.06,0,6.06,9.09,0,3.03,0,0,"Forward"
"Youtube/251.mp3","Paul George","paul george",2020-12-25,2021,"2020-12-22","2021-07-20",30.6502395619439,80,220,2010,1,10,"2010-10-28",2010,TRUE,"F",42,18,1,"Injury/Illness - Right Bone; Edema","","swelling",307,28,482,12.49,78.22,96.05,84.99,8.93,12.66,95.23,82.99,60.58,22.82,15.77,6.43,4.56,2.7,0,7.05,13.49,6.85,1.24,10.17,12.45,4.98,6.85,1.66,26.76,7.26,5.81,7.88,5.39,1.45,1.04,30.29,1.66,12.45,5.81,0.83,0.83,1.66,0.83,3.11,6.43,5.39,1.04,0.62,0.41,12.03,1.87,0.83,0.62,10.79,2.49,3.94,3.53,0.41,2.28,10.17,10.58,2.28,7.68,5.39,6.22,7.68,0.83,1.24,"Forward"
"Youtube/3386.mp3","Paul George","paul george",2020-12-25,2021,"2020-12-22","2021-07-20",30.6502395619439,80,220,2010,1,10,"2010-10-28",2010,TRUE,"F",42,18,1,"Injury/Illness - Right Bone; Edema","","swelling",307,28,482,12.49,78.22,96.05,84.99,8.93,12.66,95.23,82.99,60.58,22.82,15.77,6.43,4.56,2.7,0,7.05,13.49,6.85,1.24,10.17,12.45,4.98,6.85,1.66,26.76,7.26,5.81,7.88,5.39,1.45,1.04,30.29,1.66,12.45,5.81,0.83,0.83,1.66,0.83,3.11,6.43,5.39,1.04,0.62,0.41,12.03,1.87,0.83,0.62,10.79,2.49,3.94,3.53,0.41,2.28,10.17,10.58,2.28,7.68,5.39,6.22,7.68,0.83,1.24,"Forward"
"Youtube/3903.mp3","Paul George","paul george",2020-12-25,2021,"2020-12-22","2021-07-20",30.6502395619439,80,220,2010,1,10,"2010-10-28",2010,TRUE,"F",42,18,1,"Injury/Illness - Right Bone; Edema","","swelling",307,28,482,12.49,78.22,96.05,84.99,8.93,12.66,95.23,82.99,60.58,22.82,15.77,6.43,4.56,2.7,0,7.05,13.49,6.85,1.24,10.17,12.45,4.98,6.85,1.66,26.76,7.26,5.81,7.88,5.39,1.45,1.04,30.29,1.66,12.45,5.81,0.83,0.83,1.66,0.83,3.11,6.43,5.39,1.04,0.62,0.41,12.03,1.87,0.83,0.62,10.79,2.49,3.94,3.53,0.41,2.28,10.17,10.58,2.28,7.68,5.39,6.22,7.68,0.83,1.24,"Forward"
"Youtube/4331.mp3","Paul George","paul george",2020-12-22,2021,"2020-12-22","2021-07-20",30.6420260095825,80,220,2010,1,10,"2010-10-28",2010,TRUE,"F",45,19,1,"Injury/Illness - Right Bone; Edema","","swelling",304,27,575,25.57,69.43,90.1,55.41,10.45,10.96,94.26,77.91,58.61,18.61,12,4.87,2.61,3.48,0,6.61,12.87,6.78,2.43,12.17,10.26,6.78,6.78,1.74,23.13,6.26,6.43,6.96,3.65,1.74,1.74,28.17,1.04,14.09,5.39,2.61,0.7,2.09,0.7,3.48,5.57,3.83,1.57,1.74,0.52,11.65,3.3,1.22,0.17,9.04,1.22,5.04,3.3,1.39,1.57,13.04,9.91,2.61,5.57,4.87,4,6.61,1.57,1.39,"Forward"
"Youtube/4701.mp3","Paul George","paul george",2020-12-22,2021,"2020-12-22","2021-07-20",30.6420260095825,80,220,2010,1,10,"2010-10-28",2010,TRUE,"F",45,19,1,"Injury/Illness - Right Bone; Edema","","swelling",304,27,572,26.55,71.39,89.39,55.62,10.4,10.66,94.23,77.97,58.57,18.53,11.89,4.72,2.62,3.5,0,6.64,12.94,6.82,2.45,12.24,10.31,6.64,6.64,1.75,23.25,6.29,6.47,6.99,3.67,1.75,1.75,28.15,1.05,13.99,5.42,2.62,0.7,2.1,0.7,3.32,5.59,3.85,1.57,1.75,0.52,11.71,3.32,1.22,0.17,9.09,1.22,4.9,3.32,1.22,1.57,13.11,9.97,2.62,5.59,4.9,4.02,6.64,1.57,1.4,"Forward"
"Youtube/801.mp3","Paul George","paul george",2020-09-07,2020,"2019-10-22","2020-10-11",30.3518138261465,80,220,2010,1,10,"2010-10-28",2010,TRUE,"F",151,24,1,"Injury/Illness - Right Bone; Edema","","swelling",198,22,660,1.58,97.86,22.4,78.57,7.59,6.82,93.94,83.33,59.09,30.61,19.55,4.24,3.18,4.55,0.45,11.06,11.82,3.48,0.91,8.03,14.85,5.76,3.94,1.52,31.06,8.18,3.94,6.06,4.55,0.91,0.61,33.33,0.91,13.33,6.21,2.42,1.36,0.76,0.3,3.18,5.91,4.85,1.06,0.61,0.15,18.79,3.18,1.67,1.21,16.36,7.27,3.18,2.42,0.45,1.82,11.97,7.12,1.67,3.79,3.18,4.24,12.12,5,4.39,"Forward"
"25693","Rudy Gobert","rudy gobert",2021-06-18,2021,"2020-12-22","2021-07-20",28.9774127310062,85,258,2013,1,27,"2013-10-31",2013,TRUE,"C",220,42,1,"Injury/Illness - Left Calf; Strain","calf","strain",62,25,60,73.36,99,74.02,72.45,12,11.67,95,80,53.33,16.67,16.67,3.33,0,1.67,11.67,0,18.33,11.67,3.33,10,3.33,3.33,6.67,0,25,10,8.33,6.67,6.67,0,0,18.33,1.67,5,5,0,0,0,0,0,3.33,3.33,0,0,0,25,6.67,3.33,0,20,3.33,5,3.33,0,1.67,5,11.67,1.67,10,1.67,10,1.67,0,0,"Center"
"25693","Rudy Gobert","rudy gobert",2021-06-16,2021,"2020-12-22","2021-07-20",28.9719370294319,85,258,2013,1,27,"2013-10-31",2013,TRUE,"C",222,43,1,"Injury/Illness - Left Calf; Strain","calf","strain",60,24,101,29.24,91.75,84.71,90.14,25.25,12.87,96.04,78.22,63.37,19.8,12.87,2.97,6.93,1.98,0.99,6.93,13.86,7.92,0,13.86,10.89,5.94,6.93,1.98,22.77,3.96,0.99,10.89,7.92,0.99,1.98,23.76,0,15.84,3.96,0.99,4.95,0.99,0.99,3.96,4.95,4.95,0,0.99,0.99,11.88,1.98,0.99,0,10.89,0,5.94,4.95,0.99,0.99,8.91,14.85,3.96,9.9,3.96,6.93,3.96,0.99,0,"Center"
"25693","Rudy Gobert","rudy gobert",2021-06-12,2021,"2020-12-22","2021-07-20",28.9609856262834,85,258,2013,1,27,"2013-10-31",2013,TRUE,"C",226,45,1,"Injury/Illness - Left Calf; Strain","calf","strain",56,22,127,33.86,99,44.25,43.72,18.14,10.24,94.49,78.74,61.42,20.47,13.39,0.79,7.87,1.57,3.15,7.09,11.81,6.3,0.79,14.17,8.66,4.72,8.66,0,19.69,7.87,5.51,14.17,7.87,4.72,1.57,28.35,0.79,17.32,3.15,1.57,1.57,5.51,4.72,3.94,4.72,3.15,1.57,0.79,0,14.17,1.57,0,0.79,12.6,0,2.36,1.57,0.79,1.57,7.09,10.24,2.36,4.72,3.94,4.72,6.3,1.57,0,"Center"
"25693","Rudy Gobert","rudy gobert",2021-06-08,2021,"2020-12-22","2021-07-20",28.9500342231348,85,258,2013,1,27,"2013-10-31",2013,TRUE,"C",230,47,1,"Injury/Illness - Left Calf; Strain","calf","strain",52,20,72,45.49,56.63,2.15,40.61,36,4.17,88.89,75,63.89,15.28,13.89,6.94,2.78,0,1.39,1.39,13.89,6.94,4.17,16.67,6.94,8.33,11.11,0,18.06,2.78,5.56,8.33,4.17,2.78,1.39,20.83,0,12.5,2.78,1.39,4.17,2.78,1.39,0,4.17,2.78,1.39,0,0,9.72,2.78,1.39,0,6.94,2.78,5.56,4.17,1.39,4.17,5.56,4.17,2.78,1.39,0,9.72,2.78,2.78,0,"Center"
"26730","Aaron Gordon","aaron gordon",2022-04-27,2022,"2021-10-19","2022-06-16",26.611909650924,80,235,2014,1,4,"2014-10-29",2014,TRUE,"F",244,29,1,"Injury/Illness - Right Shoulder; Strain","shoulder","strain",82,32,62,56.16,99,47.26,44.38,10.33,8.06,98.39,82.26,66.13,22.58,12.9,0,9.68,3.23,0,9.68,24.19,11.29,6.45,16.13,12.9,3.23,1.61,1.61,22.58,3.23,6.45,9.68,9.68,0,0,19.35,0,9.68,1.61,0,4.84,0,0,4.84,1.61,1.61,0,0,0,16.13,3.23,0,1.61,12.9,0,3.23,3.23,0,0,9.68,12.9,1.61,11.29,3.23,6.45,6.45,0,0,"Forward"
"26730","Aaron Gordon","aaron gordon",2020-02-15,2020,"2019-10-22","2020-10-11",24.4161533196441,80,235,2014,1,4,"2014-10-29",2014,TRUE,"F",16,5,1,"Injury/Illness - Right Knee; Inflammation","knee","inflammation",36,16,52,74.95,20.31,19.9,1,10.4,9.62,94.23,67.31,50,15.38,15.38,7.69,0,0,3.85,0,15.38,9.62,3.85,11.54,5.77,3.85,1.92,1.92,15.38,7.69,5.77,7.69,0,7.69,0,23.08,1.92,13.46,3.85,0,0,5.77,3.85,3.85,23.08,3.85,19.23,0,0,28.85,19.23,0,3.85,9.62,5.77,5.77,3.85,0,1.92,15.38,0,0,0,1.92,3.85,3.85,0,0,"Forward"
"26730","Aaron Gordon","aaron gordon",2023-06-01,2023,"2022-10-18","2023-06-12",27.7070499657769,80,235,2014,1,4,"2014-10-29",2014,TRUE,"F",178,20,1,"Injury/Illness - Right Heel; Strain","foot","strain",53,15,99,39.11,79.2,50.45,98.54,16.5,5.05,93.94,70.71,50.51,10.1,7.07,1.01,2.02,2.02,0,3.03,17.17,14.14,0,5.05,10.1,7.07,12.12,0,22.22,10.1,5.05,3.03,2.02,1.01,0,22.22,0,13.13,3.03,5.05,0,3.03,0,6.06,7.07,7.07,0,1.01,1.01,10.1,0,0,0,10.1,6.06,6.06,6.06,0,0,16.16,10.1,2.02,8.08,0,0,12.12,3.03,1.01,"Forward"
"26730","Aaron Gordon","aaron gordon",2023-05-30,2023,"2022-10-18","2023-06-12",27.7015742642026,80,235,2014,1,4,"2014-10-29",2014,TRUE,"F",180,21,1,"Injury/Illness - Right Heel; Strain","foot","strain",51,15,57,36.67,90.88,22.93,92.27,28.5,15.79,84.21,75.44,63.16,19.3,10.53,1.75,3.51,0,5.26,8.77,12.28,5.26,0,15.79,7.02,8.77,7.02,0,12.28,5.26,5.26,7.02,3.51,1.75,1.75,14.04,0,7.02,1.75,1.75,1.75,3.51,0,0,5.26,5.26,0,0,0,8.77,0,0,0,8.77,0,3.51,0,1.75,1.75,10.53,3.51,3.51,3.51,5.26,0,5.26,0,0,"Forward"
"26730","Aaron Gordon","aaron gordon",2023-05-22,2023,"2022-10-18","2023-06-12",27.6796714579055,80,235,2014,1,4,"2014-10-29",2014,TRUE,"F",188,21,1,"Injury/Illness - Right Heel; Strain","foot","strain",43,14,60,69.05,89.5,63.35,20.23,12,11.67,85,73.33,55,16.67,10,1.67,0,0,1.67,6.67,10,6.67,0,16.67,6.67,5,5,0,18.33,6.67,3.33,1.67,1.67,0,0,15,3.33,6.67,1.67,0,3.33,1.67,0,0,3.33,1.67,1.67,0,0,15,3.33,0,0,11.67,6.67,3.33,0,1.67,3.33,11.67,25,1.67,23.33,1.67,6.67,0,0,0,"Forward"
"26730","Aaron Gordon","aaron gordon",2023-06-12,2023,"2022-10-18","2023-06-12",27.7371663244353,80,235,2014,1,4,"2014-10-29",2014,TRUE,"F",167,16,1,"Injury/Illness - Right Heel; Strain","foot","strain",64,19,72,6.92,94.84,22.12,20.23,9,5.56,91.67,76.39,65.28,16.67,12.5,0,2.78,2.78,0,4.17,18.06,9.72,1.39,11.11,18.06,9.72,8.33,4.17,26.39,5.56,1.39,4.17,2.78,0,1.39,29.17,4.17,9.72,0,1.39,1.39,2.78,0,2.78,2.78,1.39,1.39,0,0,15.28,1.39,0,0,13.89,8.33,0,0,0,0,8.33,15.28,1.39,8.33,9.72,5.56,9.72,6.94,0,"Forward"
"26730","Aaron Gordon","aaron gordon",2023-06-09,2023,"2022-10-18","2023-06-12",27.7289527720739,80,235,2014,1,4,"2014-10-29",2014,TRUE,"F",170,17,1,"Injury/Illness - Right Heel; Strain","foot","strain",61,18,56,67.11,86.29,15.38,75.77,11.2,19.64,94.64,75,60.71,8.93,8.93,0,0,0,0,0,25,16.07,0,8.93,8.93,8.93,8.93,0,16.07,7.14,1.79,3.57,0,0,3.57,21.43,0,7.14,1.79,1.79,0,1.79,1.79,1.79,7.14,5.36,1.79,0,0,10.71,0,0,0,10.71,8.93,7.14,7.14,0,1.79,3.57,12.5,3.57,7.14,7.14,0,12.5,1.79,1.79,"Forward"
"18439","Danny Green","danny green",2020-10-01,2020,"2019-10-22","2020-10-11",33.2785763175907,78,215,2009,2,46,"2009-10-27",2009,FALSE,"F",256,82,1,"Injury/Illness - Right Calf; Strain","calf","strain",650,155,64,15.97,75.49,23.08,88.05,16,12.5,96.88,75,59.38,18.75,12.5,4.69,6.25,1.56,0,6.25,18.75,6.25,1.56,6.25,9.38,4.69,4.69,4.69,23.44,6.25,9.38,12.5,7.81,1.56,3.13,15.63,1.56,9.38,1.56,1.56,3.13,0,0,4.69,4.69,4.69,0,0,0,17.19,4.69,0,0,12.5,0,1.56,0,1.56,6.25,17.19,17.19,0,6.25,0,3.13,3.13,9.38,0,"Forward"
"18439","Danny Green","danny green",2020-09-23,2020,"2019-10-22","2020-10-11",33.2566735112936,78,215,2009,2,46,"2009-10-27",2009,FALSE,"F",264,85,1,"Injury/Illness - Right Calf; Strain","calf","strain",642,152,118,21.16,69.65,47.65,20.23,16.86,15.25,95.76,79.66,69.49,20.34,12.71,5.08,7.63,0,0,7.63,16.95,6.78,0,14.41,11.02,5.08,7.63,4.24,20.34,4.24,6.78,9.32,9.32,0,0,23.73,0.85,11.02,2.54,1.69,0,2.54,1.69,3.39,1.69,0.85,0.85,1.69,0.85,16.1,6.78,0.85,5.93,10.17,0.85,5.08,2.54,1.69,3.39,0,7.63,0,5.08,1.69,14.41,0,0,0,"Forward"
"18439","Danny Green","danny green",2019-06-12,2019,"2018-12-20","2019-06-13",31.9726214921287,78,215,2009,2,46,"2009-10-27",2009,FALSE,"F",733,167,1,"Injury/Illness - Right Calf; Strain","calf","strain",173,70,67,25.19,98.61,4.83,95.78,16.75,8.96,89.55,76.12,61.19,19.4,14.93,0,0,4.48,0,4.48,17.91,8.96,0,10.45,8.96,5.97,8.96,1.49,17.91,5.97,2.99,2.99,0,0,2.99,23.88,0,14.93,5.97,4.48,1.49,2.99,2.99,2.99,5.97,5.97,0,1.49,1.49,17.91,1.49,0,1.49,16.42,11.94,1.49,1.49,0,2.99,8.96,10.45,2.99,7.46,1.49,0,10.45,0,0,"Forward"
"18439","Danny Green","danny green",2019-06-04,2019,"2018-12-20","2019-06-13",31.9507186858316,78,215,2009,2,46,"2009-10-27",2009,FALSE,"F",741,170,1,"Injury/Illness - Right Calf; Strain","calf","strain",165,67,56,7.34,97.11,72.58,47.3,14,10.71,98.21,69.64,57.14,23.21,17.86,3.57,8.93,1.79,3.57,5.36,14.29,3.57,0,8.93,10.71,7.14,5.36,1.79,17.86,7.14,5.36,16.07,10.71,0,5.36,26.79,0,21.43,3.57,3.57,5.36,3.57,1.79,7.14,12.5,7.14,5.36,3.57,1.79,23.21,7.14,1.79,0,16.07,1.79,3.57,3.57,0,0,7.14,7.14,1.79,5.36,5.36,1.79,1.79,8.93,0,"Forward"
"18439","Danny Green","danny green",2019-06-01,2019,"2018-12-20","2019-06-13",31.9425051334702,78,215,2009,2,46,"2009-10-27",2009,FALSE,"F",744,171,1,"Injury/Illness - Right Calf; Strain","calf","strain",162,66,92,14.64,22.89,67.7,99,13.14,14.13,94.57,83.7,65.22,16.3,7.61,3.26,0,4.35,0,8.7,16.3,5.43,0,13.04,10.87,7.61,11.96,2.17,19.57,11.96,8.7,6.52,3.26,3.26,1.09,34.78,4.35,20.65,2.17,1.09,3.26,3.26,2.17,9.78,8.7,8.7,0,2.17,2.17,8.7,3.26,3.26,0,7.61,1.09,2.17,2.17,0,3.26,7.61,7.61,0,5.43,3.26,2.17,8.7,0,0,"Forward"
"18439","Danny Green","danny green",2019-05-20,2019,"2018-12-20","2019-06-13",31.9096509240246,78,215,2009,2,46,"2009-10-27",2009,FALSE,"F",756,175,1,"Injury/Illness - Right Calf; Strain","calf","strain",150,62,121,40.19,40.06,62.23,97.7,13.44,12.4,89.26,70.25,52.89,14.05,6.61,3.31,0.83,0,1.65,7.44,14.88,5.79,0,14.05,6.61,7.44,10.74,0.83,21.49,5.79,6.61,2.48,1.65,0,0.83,27.27,2.48,9.92,2.48,0,2.48,2.48,0,3.31,6.61,6.61,0,0.83,0.83,8.26,1.65,1.65,0,6.61,1.65,4.13,4.13,0,4.13,7.44,4.96,0.83,3.31,9.09,1.65,7.44,6.61,0,"Forward"
"18439","Danny Green","danny green",2019-05-16,2019,"2018-12-20","2019-06-13",31.8986995208761,78,215,2009,2,46,"2009-10-27",2009,FALSE,"F",760,177,1,"Injury/Illness - Right Calf; Strain","calf","strain",146,60,134,57.17,27.81,81.87,30.38,16.75,13.43,94.03,75.37,58.96,18.66,11.94,6.72,2.99,0.75,1.49,6.72,14.18,8.21,0,15.67,8.21,2.99,7.46,0.75,17.91,9.7,2.99,9.7,3.73,2.24,3.73,24.63,0,12.69,2.24,0.75,1.49,2.99,0,6.72,5.22,2.99,2.24,2.99,0.75,11.94,3.73,0.75,0.75,8.21,1.49,5.22,2.24,2.99,2.99,7.46,4.48,0,4.48,4.48,2.24,5.97,2.24,0,"Forward"
"20678","Draymond Green","draymond green",2022-06-15,2022,"2021-10-19","2022-06-16",32.2819986310746,78,230,2012,2,35,"2012-11-01",2012,TRUE,"F",175,24,1,"Injury/Illness - Left Hip; Tightness","hip","tightness",150,33,72,14.43,99,98.75,2.17,12,5.56,97.22,83.33,68.06,25,13.89,1.39,0,12.5,0,11.11,12.5,5.56,0,22.22,11.11,12.5,5.56,4.17,23.61,1.39,4.17,1.39,0,0,1.39,34.72,0,22.22,11.11,1.39,0,8.33,1.39,1.39,2.78,0,2.78,2.78,0,13.89,1.39,0,0,12.5,0,0,0,0,0,8.33,12.5,2.78,8.33,5.56,0,15.28,0,0,"Forward"
"20678","Draymond Green","draymond green",2022-06-10,2022,"2021-10-19","2022-06-16",32.2683093771389,78,230,2012,2,35,"2012-11-01",2012,TRUE,"F",180,25,1,"Injury/Illness - Left Hip; Tightness","hip","tightness",145,31,54,16.08,99,5.41,99,7.71,12.96,94.44,74.07,59.26,20.37,14.81,0,5.56,3.7,0,5.56,11.11,1.85,1.85,14.81,11.11,9.26,5.56,0,20.37,7.41,3.7,14.81,5.56,9.26,0,18.52,1.85,9.26,3.7,3.7,0,0,1.85,0,11.11,11.11,0,0,0,14.81,0,0,0,14.81,5.56,7.41,5.56,1.85,0,11.11,11.11,5.56,3.7,1.85,9.26,5.56,0,1.85,"Forward"
"20678","Draymond Green","draymond green",2022-06-07,2022,"2021-10-19","2022-06-16",32.2600958247776,78,230,2012,2,35,"2012-11-01",2012,TRUE,"F",183,27,1,"Injury/Illness - Left Hip; Tightness","hip","tightness",142,30,55,50.6,61.66,99,76.62,11,18.18,85.45,69.09,54.55,12.73,3.64,1.82,0,1.82,0,9.09,10.91,9.09,0,12.73,7.27,9.09,9.09,0,18.18,1.82,3.64,0,0,0,0,25.45,1.82,12.73,3.64,3.64,3.64,3.64,0,1.82,3.64,3.64,0,1.82,1.82,5.45,0,0,0,5.45,0,3.64,3.64,0,5.45,10.91,20,1.82,18.18,9.09,0,14.55,1.82,0,"Forward"
"20678","Draymond Green","draymond green",2022-06-05,2022,"2021-10-19","2022-06-16",32.2546201232033,78,230,2012,2,35,"2012-11-01",2012,TRUE,"F",185,27,1,"Injury/Illness - Left Hip; Tightness","hip","tightness",140,29,63,8.2,88.15,3.25,70.15,9,17.46,93.65,85.71,66.67,26.98,20.63,3.17,1.59,1.59,0,6.35,19.05,6.35,4.76,7.94,7.94,4.76,6.35,3.17,22.22,6.35,9.52,3.17,1.59,0,1.59,25.4,1.59,14.29,6.35,0,0,4.76,0,4.76,3.17,3.17,0,0,0,19.05,1.59,0,0,17.46,14.29,3.17,3.17,0,3.17,7.94,4.76,3.17,3.17,1.59,11.11,1.59,0,0,"Forward"
"20678","Draymond Green","draymond green",2022-06-01,2022,"2021-10-19","2022-06-16",32.2436687200548,78,230,2012,2,35,"2012-11-01",2012,TRUE,"F",189,29,1,"Injury/Illness - Left Hip; Tightness","hip","tightness",136,28,54,10.19,13.82,96.01,48.44,27,9.26,94.44,74.07,57.41,25.93,12.96,9.26,0,3.7,0,12.96,14.81,1.85,0,12.96,11.11,0,11.11,0,25.93,3.7,9.26,1.85,1.85,0,0,22.22,0,18.52,5.56,0,3.7,5.56,0,9.26,1.85,1.85,0,0,0,9.26,1.85,1.85,0,9.26,3.7,0,0,0,7.41,9.26,11.11,0,7.41,0,0,3.7,0,1.85,"Forward"
"20678","Draymond Green","draymond green",2022-05-26,2022,"2021-10-19","2022-06-16",32.227241615332,78,230,2012,2,35,"2012-11-01",2012,TRUE,"F",195,29,1,"Injury/Illness - Left Hip; Tightness","hip","tightness",130,27,51,46.7,88.96,46.57,99,8.5,17.65,98.04,78.43,62.75,23.53,7.84,1.96,3.92,1.96,0,15.69,9.8,5.88,0,21.57,11.76,3.92,5.88,0,17.65,9.8,3.92,11.76,5.88,7.84,0,19.61,1.96,3.92,3.92,0,0,0,0,0,7.84,7.84,0,1.96,1.96,5.88,0,0,0,5.88,0,7.84,0,5.88,1.96,15.69,11.76,0,7.84,3.92,1.96,11.76,0,0,"Forward"
"20678","Draymond Green","draymond green",2022-05-09,2022,"2021-10-19","2022-06-16",32.1806981519507,78,230,2012,2,35,"2012-11-01",2012,TRUE,"F",212,36,1,"Injury/Illness - Left Hip; Tightness","hip","tightness",113,20,58,32.86,1,92,1,14.5,6.9,98.28,74.14,60.34,15.52,12.07,12.07,0,0,0,3.45,13.79,5.17,0,17.24,8.62,6.9,12.07,1.72,24.14,0,1.72,1.72,0,1.72,0,24.14,1.72,13.79,0,1.72,3.45,8.62,0,1.72,10.34,0,6.9,8.62,0,8.62,6.9,0,6.9,1.72,0,6.9,5.17,0,0,12.07,12.07,1.72,12.07,1.72,0,10.34,3.45,0,"Forward"
"20678","Draymond Green","draymond green",2019-06-13,2019,"2018-12-20","2019-06-13",29.2758384668036,78,230,2012,2,35,"2012-11-01",2012,TRUE,"F",142,5,1,"Injury/Illness - Left Index Finger Sprain","finger","sprain",173,69,96,28.74,80.13,75.23,96.74,16,10.42,98.96,86.46,66.67,21.88,9.38,3.13,3.13,1.04,2.08,12.5,19.79,4.17,5.21,15.63,10.42,6.25,3.13,2.08,18.75,6.25,13.54,8.33,4.17,3.13,2.08,33.33,5.21,5.21,2.08,0,1.04,0,1.04,1.04,10.42,8.33,2.08,2.08,2.08,13.54,5.21,2.08,0,9.38,2.08,1.04,1.04,0,0,15.63,7.29,3.13,3.13,10.42,14.58,6.25,0,1.04,"Forward"
"20678","Draymond Green","draymond green",2019-06-12,2019,"2018-12-20","2019-06-13",29.2731006160164,78,230,2012,2,35,"2012-11-01",2012,TRUE,"F",143,6,1,"Injury/Illness - Left Index Finger Sprain","finger","sprain",172,69,101,69.32,29.11,84.71,80.65,20.2,14.85,97.03,80.2,62.38,14.85,2.97,1.98,0.99,0,0,11.88,18.81,11.88,1.98,16.83,8.91,10.89,3.96,0,12.87,10.89,5.94,2.97,0.99,1.98,0,25.74,0.99,8.91,0.99,0,0,3.96,0.99,1.98,7.92,5.94,1.98,0,0,1.98,0.99,0,0.99,0.99,0,2.97,1.98,0.99,0,15.84,7.92,0,6.93,11.88,1.98,4.95,0.99,0,"Forward"
"20678","Draymond Green","draymond green",2019-06-09,2019,"2018-12-20","2019-06-13",29.264887063655,78,230,2012,2,35,"2012-11-01",2012,TRUE,"F",146,7,1,"Injury/Illness - Left Index Finger Sprain","finger","sprain",169,68,55,45.12,97.34,97.64,76.62,13.75,7.27,96.36,80,67.27,18.18,12.73,1.82,1.82,9.09,0,5.45,10.91,5.45,5.45,20,9.09,7.27,9.09,0,21.82,0,3.64,5.45,3.64,1.82,0,21.82,0,12.73,1.82,1.82,0,0,1.82,5.45,3.64,3.64,0,0,0,10.91,0,0,0,10.91,0,3.64,3.64,0,5.45,10.91,14.55,3.64,12.73,3.64,1.82,5.45,3.64,0,"Forward"
"20678","Draymond Green","draymond green",2019-06-07,2019,"2018-12-20","2019-06-13",29.2594113620808,78,230,2012,2,35,"2012-11-01",2012,TRUE,"F",148,7,1,"Injury/Illness - Left Index Finger Sprain","finger","sprain",167,67,70,18.12,97.11,42.95,65.27,11.67,7.14,98.57,81.43,64.29,20,12.86,1.43,8.57,1.43,1.43,7.14,14.29,4.29,5.71,15.71,12.86,7.14,7.14,1.43,24.29,5.71,4.29,17.14,8.57,5.71,2.86,22.86,0,8.57,0,2.86,0,1.43,0,5.71,8.57,5.71,2.86,2.86,1.43,14.29,1.43,0,0,12.86,1.43,5.71,2.86,1.43,7.14,11.43,2.86,0,2.86,7.14,7.14,2.86,1.43,0,"Forward"
"20678","Draymond Green","draymond green",2019-06-06,2019,"2018-12-20","2019-06-13",29.2566735112936,78,230,2012,2,35,"2012-11-01",2012,TRUE,"F",149,8,1,"Injury/Illness - Left Index Finger Sprain","finger","sprain",166,67,106,11.97,96.99,74.21,10.8,17.67,11.32,96.23,79.25,64.15,18.87,12.26,1.89,0,6.6,0.94,6.6,15.09,4.72,1.89,15.09,9.43,8.49,15.09,0,16.04,5.66,7.55,1.89,0.94,0.94,0,27.36,0.94,10.38,2.83,0.94,1.89,2.83,0.94,3.77,6.6,2.83,3.77,0.94,0,14.15,0.94,0,0.94,13.21,2.83,2.83,0.94,1.89,0,14.15,7.55,0.94,6.6,10.38,3.77,3.77,1.89,0.94,"Forward"
"20678","Draymond Green","draymond green",2019-06-05,2019,"2018-12-20","2019-06-13",29.2539356605065,78,230,2012,2,35,"2012-11-01",2012,TRUE,"F",150,8,1,"Injury/Illness - Left Index Finger Sprain","finger","sprain",165,66,62,2.75,83.23,97.57,70.91,12.4,6.45,93.55,79.03,59.68,24.19,17.74,3.23,8.06,1.61,4.84,6.45,3.23,0,1.61,12.9,8.06,6.45,11.29,4.84,27.42,4.84,1.61,9.68,8.06,1.61,0,27.42,0,16.13,3.23,0,1.61,6.45,0,9.68,11.29,6.45,3.23,1.61,0,19.35,3.23,0,0,16.13,0,9.68,8.06,0,1.61,6.45,16.13,4.84,9.68,0,8.06,8.06,6.45,0,"Forward"
"20678","Draymond Green","draymond green",2019-06-04,2019,"2018-12-20","2019-06-13",29.2511978097194,78,230,2012,2,35,"2012-11-01",2012,TRUE,"F",151,9,1,"Injury/Illness - Left Index Finger Sprain","finger","sprain",164,66,57,8.01,50.51,70.28,92.27,19,10.53,96.49,77.19,64.91,17.54,10.53,1.75,5.26,0,0,7.02,12.28,0,1.75,17.54,14.04,5.26,12.28,3.51,22.81,8.77,7.02,8.77,5.26,3.51,0,24.56,0,12.28,1.75,0,0,1.75,1.75,8.77,5.26,5.26,0,0,0,10.53,0,0,0,10.53,5.26,5.26,3.51,1.75,0,0,10.53,3.51,5.26,3.51,3.51,5.26,14.04,0,"Forward"
"20678","Draymond Green","draymond green",2019-06-02,2019,"2018-12-20","2019-06-13",29.2457221081451,78,230,2012,2,35,"2012-11-01",2012,TRUE,"F",153,9,1,"Injury/Illness - Left Index Finger Sprain","finger","sprain",162,65,87,25.4,22.04,75.03,56.07,14.5,13.79,93.1,80.46,62.07,19.54,16.09,6.9,1.15,0,1.15,3.45,11.49,3.45,0,16.09,9.2,5.75,8.05,2.3,20.69,8.05,4.6,8.05,3.45,2.3,2.3,22.99,1.15,10.34,1.15,0,1.15,1.15,0,6.9,4.6,3.45,1.15,1.15,0,16.09,4.6,2.3,1.15,11.49,8.05,4.6,0,4.6,2.3,4.6,11.49,3.45,8.05,3.45,10.34,2.3,0,1.15,"Forward"
"20678","Draymond Green","draymond green",2019-06-01,2019,"2018-12-20","2019-06-13",29.242984257358,78,230,2012,2,35,"2012-11-01",2012,TRUE,"F",154,10,1,"Injury/Illness - Left Index Finger Sprain","finger","sprain",161,65,77,67.99,97.11,50.45,97.41,15.4,10.39,90.91,70.13,54.55,18.18,11.69,1.3,7.79,1.3,1.3,6.49,18.18,10.39,1.3,14.29,5.19,5.19,5.19,1.3,11.69,6.49,7.79,15.58,7.79,5.19,2.6,14.29,0,7.79,1.3,1.3,1.3,1.3,0,2.6,6.49,6.49,0,1.3,1.3,11.69,1.3,0,0,10.39,0,3.9,1.3,2.6,0,6.49,14.29,2.6,10.39,1.3,5.19,2.6,1.3,1.3,"Forward"
"20678","Draymond Green","draymond green",2019-05-31,2019,"2018-12-20","2019-06-13",29.2402464065708,78,230,2012,2,35,"2012-11-01",2012,TRUE,"F",155,10,1,"Injury/Illness - Left Index Finger Sprain","finger","sprain",160,65,63,37.85,99,16.25,97.05,10.5,6.35,92.06,76.19,58.73,19.05,12.7,0,3.17,6.35,3.17,6.35,17.46,7.94,0,14.29,7.94,7.94,6.35,1.59,17.46,7.94,4.76,4.76,4.76,0,0,28.57,7.94,11.11,0,1.59,3.17,3.17,0,1.59,6.35,6.35,0,3.17,3.17,19.05,1.59,1.59,0,19.05,0,0,0,0,1.59,11.11,14.29,1.59,9.52,3.17,0,7.94,0,1.59,"Forward"
"20678","Draymond Green","draymond green",2019-05-23,2019,"2018-12-20","2019-06-13",29.2183436002738,78,230,2012,2,35,"2012-11-01",2012,TRUE,"F",163,11,1,"Injury/Illness - Left Index Finger Sprain","finger","sprain",152,64,80,75.4,97.73,84.66,90.5,13.33,7.5,97.5,85,62.5,15,10,1.25,7.5,1.25,0,5,13.75,10,0,22.5,7.5,7.5,10,0,21.25,10,2.5,8.75,7.5,1.25,0,21.25,0,13.75,1.25,0,1.25,6.25,1.25,2.5,7.5,6.25,1.25,2.5,1.25,10,0,0,0,10,1.25,1.25,0,1.25,3.75,12.5,11.25,5,10,5,2.5,5,1.25,0,"Forward"
"20678","Draymond Green","draymond green",2019-05-20,2019,"2018-12-20","2019-06-13",29.2101300479124,78,230,2012,2,35,"2012-11-01",2012,TRUE,"F",166,11,1,"Injury/Illness - Left Index Finger Sprain","finger","sprain",149,63,119,14.95,98.83,34.78,45.52,19.83,10.92,96.64,79.83,65.55,22.69,13.45,0.84,7.56,0.84,4.2,9.24,11.76,5.04,0.84,14.29,11.76,5.04,9.24,0.84,24.37,3.36,4.2,12.61,7.56,4.2,1.68,28.57,2.52,15.97,2.52,1.68,4.2,4.2,0,4.2,1.68,1.68,0,0,0,15.13,0.84,0,0,14.29,0,3.36,3.36,0,2.52,6.72,9.24,2.52,7.56,2.52,9.24,3.36,5.04,0,"Forward"
"20678","Draymond Green","draymond green",2019-05-18,2019,"2018-12-20","2019-06-13",29.2046543463381,78,230,2012,2,35,"2012-11-01",2012,TRUE,"F",168,12,1,"Injury/Illness - Left Index Finger Sprain","finger","sprain",147,62,102,22.63,1,83.69,33.97,34,7.84,93.14,83.33,66.67,17.65,9.8,8.82,0,0,0.98,7.84,15.69,5.88,0,15.69,6.86,9.8,10.78,2.94,21.57,7.84,4.9,4.9,0,2.94,1.96,23.53,0,16.67,3.92,1.96,4.9,0,0.98,5.88,4.9,2.94,1.96,0.98,0,4.9,1.96,0,0,2.94,1.96,0.98,0.98,0,2.94,6.86,6.86,2.94,3.92,2.94,0,4.9,1.96,0,"Forward"
"20678","Draymond Green","draymond green",2019-05-16,2019,"2018-12-20","2019-06-13",29.1991786447639,78,230,2012,2,35,"2012-11-01",2012,TRUE,"F",170,13,1,"Injury/Illness - Left Index Finger Sprain","finger","sprain",145,61,98,30.01,83.6,99,20.23,24.5,4.08,96.94,84.69,67.35,21.43,17.35,8.16,2.04,7.14,0,4.08,13.27,6.12,2.04,19.39,9.18,9.18,8.16,1.02,25.51,3.06,2.04,5.1,2.04,2.04,2.04,26.53,2.04,15.31,5.1,1.02,2.04,5.1,0,2.04,6.12,3.06,3.06,0,0,13.27,3.06,0,0,10.2,0,4.08,3.06,0,3.06,14.29,18.37,5.1,16.33,4.08,2.04,7.14,5.1,0,"Forward"
"20678","Draymond Green","draymond green",2019-05-14,2019,"2018-12-20","2019-06-13",29.1937029431896,78,230,2012,2,35,"2012-11-01",2012,TRUE,"F",172,14,1,"Injury/Illness - Left Index Finger Sprain","finger","sprain",143,60,104,31.07,97.23,11.63,49.66,34.67,9.62,93.27,74.04,62.5,20.19,13.46,0.96,6.73,1.92,2.88,6.73,13.46,6.73,0,14.42,12.5,3.85,5.77,1.92,22.12,2.88,1.92,13.46,7.69,2.88,2.88,25,0,19.23,4.81,0.96,3.85,0,2.88,4.81,1.92,1.92,0,0.96,0.96,13.46,0.96,0.96,0,13.46,0.96,5.77,4.81,0.96,0.96,7.69,6.73,1.92,2.88,0.96,1.92,5.77,10.58,0,"Forward"
"20678","Draymond Green","draymond green",2019-04-13,2019,"2018-12-20","2019-06-13",29.1088295687885,78,230,2012,2,35,"2012-11-01",2012,TRUE,"F",203,26,1,"Injury/Illness - Left Index Finger Sprain","finger","sprain",112,48,60,64.48,40.06,98.38,20.23,30,10,93.33,80,63.33,15,10,6.67,0,1.67,1.67,5,15,8.33,0,15,6.67,5,8.33,0,18.33,3.33,6.67,8.33,1.67,1.67,5,15,1.67,5,3.33,0,1.67,0,0,0,3.33,1.67,1.67,0,0,6.67,1.67,1.67,0,5,1.67,0,0,0,1.67,10,15,5,11.67,5,3.33,1.67,0,0,"Forward"
"20678","Draymond Green","draymond green",2023-05-10,2023,"2022-10-18","2023-06-12",33.1827515400411,78,230,2012,2,35,"2012-11-01",2012,TRUE,"F",167,1,1,"Injury/Illness - Left Ankle; Sprain","ankle","sprain",73,30,72,41.36,99,96.01,98.34,10.29,11.11,95.83,79.17,61.11,26.39,15.28,2.78,2.78,5.56,0,11.11,15.28,4.17,2.78,15.28,4.17,4.17,4.17,0,15.28,5.56,4.17,6.94,2.78,2.78,1.39,22.22,2.78,11.11,5.56,0,0,4.17,0,0,6.94,6.94,0,2.78,2.78,13.89,0,0,0,13.89,2.78,2.78,0,2.78,0,6.94,16.67,2.78,12.5,6.94,2.78,8.33,0,0,"Forward"
"20678","Draymond Green","draymond green",2023-05-04,2023,"2022-10-18","2023-06-12",33.1663244353183,78,230,2012,2,35,"2012-11-01",2012,TRUE,"F",173,4,1,"Injury/Illness - Left Ankle; Sprain","ankle","sprain",67,27,50,28.63,89.5,63.35,50.98,16.67,8,96,86,66,20,16,2,4,0,0,4,12,2,2,20,10,10,6,0,24,6,4,6,4,2,0,30,2,8,4,0,0,0,2,2,10,6,4,4,0,14,0,0,0,14,10,6,4,2,2,12,12,2,10,10,12,8,0,0,"Forward"
"20678","Draymond Green","draymond green",2025-05-12,2025,"2024-10-22","2025-06-22",35.1895961670089,78,230,2012,2,35,"2012-11-01",2012,TRUE,"F",177,9,1,"Injury/Illness - Right Rib; Contusion","rib","contusion",101,45,73,9,1,99,1,14.6,8.22,97.26,87.67,67.12,23.29,19.18,15.07,0,4.11,0,4.11,12.33,5.48,0,13.7,6.85,6.85,12.33,4.11,23.29,2.74,5.48,5.48,0,1.37,4.11,28.77,2.74,16.44,1.37,1.37,4.11,4.11,0,6.85,4.11,0,4.11,1.37,0,12.33,8.22,2.74,4.11,4.11,0,1.37,0,0,1.37,12.33,9.59,2.74,5.48,6.85,10.96,1.37,0,0,"Forward"
"19495","JaMychal Green","jamychal green",2020-08-24,2020,"2019-10-22","2020-10-11",30.17659137577,81,227,NA,NA,NA,"2015-01-19",2014,FALSE,"F",121,9,1,"Injury/Illness - Left Calf; Strain","calf","strain",247,45,76,71.14,90.88,77.97,39.38,15.2,6.58,85.53,78.95,63.16,15.79,13.16,1.32,2.63,0,5.26,2.63,6.58,6.58,0,25,6.58,7.89,10.53,0,17.11,5.26,1.32,3.95,2.63,0,1.32,15.79,0,6.58,1.32,1.32,0,0,0,2.63,1.32,1.32,0,0,0,11.84,0,0,0,11.84,3.95,1.32,1.32,0,2.63,9.21,19.74,3.95,13.16,3.95,6.58,2.63,0,0,"Forward"
"19495","JaMychal Green","jamychal green",2023-05-04,2023,"2022-10-18","2023-06-12",32.8678986995209,81,227,NA,NA,NA,"2015-01-19",2014,FALSE,"F",4,2,0,NA,NA,NA,400,71,67,28.93,1,90.58,86.16,11.17,10.45,98.51,94.03,73.13,25.37,13.43,11.94,0,1.49,0,11.94,11.94,4.48,1.49,22.39,14.93,1.49,5.97,2.99,29.85,2.99,4.48,1.49,0,1.49,0,28.36,1.49,14.93,5.97,0,4.48,2.99,0,2.99,7.46,5.97,1.49,1.49,1.49,2.99,1.49,1.49,1.49,1.49,0,1.49,0,0,2.99,17.91,7.46,0,1.49,7.46,4.48,10.45,0,0,"Forward"
"18196","Blake Griffin","blake griffin",2019-02-16,2019,"2018-12-20","2019-06-13",29.9219712525667,81,250,2009,1,1,"2009-10-28",2009,FALSE,"PF",327,42,1,"Injury/Illness - Left Knee; Surgery","knee","surgery",57,26,55,91.82,40.06,63.35,98.85,11,3.64,96.36,80,65.45,12.73,1.82,0,0,0,1.82,10.91,20,12.73,0,25.45,18.18,3.64,1.82,0,21.82,9.09,5.45,3.64,0,3.64,0,16.36,0,1.82,0,0,0,0,0,1.82,7.27,7.27,0,3.64,3.64,1.82,0,0,0,1.82,0,5.45,5.45,0,0,14.55,14.55,3.64,10.91,3.64,0,10.91,0,0,"Forward"
"Youtube/2881.mp3","Quentin Grimes","quentin grimes",2022-12-07,2023,"2022-10-18","2023-06-12",22.5817932922656,76,210,2021,1,25,"2021-10-20",2021,TRUE,"G",14,6,1,"Injury/Illness - Right Ankle; sprained","ankle","sprain",266,20,582,23.04,61.5,88.52,71.47,9.86,8.42,95.36,79.38,60.48,21.31,18.21,8.93,2.75,1.55,0.69,3.09,14.78,4.98,3.26,13.06,8.76,7.04,6.19,1.03,20.62,5.33,8.08,8.76,4.3,2.92,1.72,24.23,2.23,9.45,3.09,1.03,1.2,1.72,1.37,1.89,3.95,3.61,0.34,1.37,1.37,13.23,2.06,0,0.69,11.17,4.3,3.78,1.89,1.37,3.61,14.43,9.62,4.12,5.15,6.19,2.92,7.04,2.06,3.44,"Guard"
"Youtube/3416.mp3","Quentin Grimes","quentin grimes",2022-12-07,2023,"2022-10-18","2023-06-12",22.5817932922656,76,210,2021,1,25,"2021-10-20",2021,TRUE,"G",14,6,1,"Injury/Illness - Right Ankle; sprained","ankle","sprain",266,20,579,23.92,62.58,88.96,71.71,9.98,8.46,95.34,79.27,60.28,21.42,18.31,8.98,2.76,1.55,0.69,3.11,14.51,5.01,3.11,13.3,8.81,7.08,5.87,1.04,20.73,5.18,7.77,8.81,4.49,2.76,1.73,24.18,2.07,9.5,3.11,1.04,1.21,1.73,1.38,1.9,3.97,3.63,0.35,1.38,1.38,13.47,2.07,0,0.69,11.4,4.32,3.8,1.9,1.38,3.45,14.51,9.67,4.15,5.18,6.22,2.94,7.08,2.07,3.45,"Guard"
"Youtube/5001.mp3","Quentin Grimes","quentin grimes",2022-12-07,2023,"2022-10-18","2023-06-12",22.5817932922656,76,210,2021,1,25,"2021-10-20",2021,TRUE,"G",14,6,1,"Injury/Illness - Right Ankle; sprained","ankle","sprain",266,20,580,22.83,62.55,88.81,71.63,9.83,8.45,95.34,79.31,60.34,21.38,18.28,8.97,2.76,1.55,0.69,3.1,14.48,5,3.1,13.1,8.79,7.07,6.21,1.03,20.69,5.17,7.76,8.79,4.48,2.76,1.72,24.14,2.07,9.48,3.1,1.03,1.21,1.72,1.38,1.9,3.97,3.62,0.34,1.38,1.38,13.45,2.07,0,0.69,11.38,4.31,3.79,1.9,1.38,3.45,14.48,9.66,4.14,5.17,6.21,2.93,7.07,2.07,3.45,"Guard"
"Youtube/6022.mp3","Quentin Grimes","quentin grimes",2022-12-07,2023,"2022-10-18","2023-06-12",22.5817932922656,76,210,2021,1,25,"2021-10-20",2021,TRUE,"G",14,6,1,"Injury/Illness - Right Ankle; sprained","ankle","sprain",266,20,582,23.04,61.5,88.52,71.47,9.86,8.42,95.36,79.38,60.48,21.31,18.21,8.93,2.75,1.55,0.69,3.09,14.78,4.98,3.26,13.06,8.76,7.04,6.19,1.03,20.62,5.33,8.08,8.76,4.3,2.92,1.72,24.23,2.23,9.45,3.09,1.03,1.2,1.72,1.37,1.89,3.95,3.61,0.34,1.37,1.37,13.23,2.06,0,0.69,11.17,4.3,3.78,1.89,1.37,3.61,14.43,9.62,4.12,5.15,6.19,2.92,7.04,2.06,3.44,"Guard"
"36250","Rui Hachimura","rui hachimura",2020-02-14,2020,"2019-10-22","2020-10-11",22.0150581793292,80,230,2019,1,9,"2019-10-24",2019,TRUE,"F",313,18,1,"Injury/Illness - Bilateral Eye; Bi-lateral epidemic keratoconjunctivitis","eye","",13,5,55,56.07,14.16,90.83,98.85,18.33,21.82,92.73,72.73,58.18,12.73,10.91,9.09,0,1.82,0,1.82,14.55,7.27,0,20,10.91,9.09,9.09,0,21.82,0,7.27,0,0,0,0,21.82,1.82,5.45,0,0,1.82,0,0,0,7.27,7.27,0,3.64,3.64,3.64,0,0,0,1.82,0,9.09,9.09,0,0,18.18,12.73,1.82,10.91,5.45,1.82,10.91,0,0,"Forward"
"36250","Rui Hachimura","rui hachimura",2023-05-18,2023,"2022-10-18","2023-06-12",25.2703627652293,80,230,2019,1,9,"2019-10-24",2019,TRUE,"F",165,5,1,"Injury/Illness - Left Eye; Contusion","eye","contusion",456,102,55,8.65,21.2,16.38,5.35,13.75,5.45,98.18,89.09,65.45,20,10.91,7.27,1.82,0,1.82,9.09,14.55,3.64,3.64,12.73,12.73,7.27,10.91,0,21.82,10.91,9.09,5.45,1.82,1.82,1.82,20,0,7.27,1.82,0,1.82,0,0,1.82,5.45,1.82,3.64,1.82,0,7.27,3.64,0,1.82,3.64,0,1.82,1.82,0,0,5.45,0,0,0,3.64,7.27,3.64,3.64,3.64,"Forward"
"36250","Rui Hachimura","rui hachimura",2023-05-16,2023,"2022-10-18","2023-06-12",25.264887063655,80,230,2019,1,9,"2019-10-24",2019,TRUE,"F",167,6,1,"Injury/Illness - Left Eye; Contusion","eye","contusion",454,101,91,2.35,94.16,38.31,54.36,22.75,7.69,95.6,82.42,65.93,21.98,12.09,2.2,4.4,3.3,2.2,9.89,10.99,3.3,4.4,12.09,12.09,12.09,12.09,0,20.88,5.49,6.59,5.49,4.4,0,1.1,28.57,2.2,10.99,5.49,0,0,1.1,0,4.4,2.2,2.2,0,1.1,1.1,12.09,1.1,0,1.1,10.99,0,3.3,3.3,0,1.1,8.79,4.4,0,1.1,3.3,3.3,9.89,2.2,1.1,"Forward"
"19593","James Harden","james harden",2021-03-07,2021,"2020-12-22","2021-07-20",31.5290896646133,77,220,2009,1,3,"2009-10-29",2009,TRUE,"G",25,10,1,"Injury/Illness - Right Hamstring; Tightness","hamstring","tightness",35,15,64,34.33,67.52,83.28,96.74,32,10.94,98.44,78.12,62.5,21.88,12.5,1.56,0,0,10.94,9.38,20.31,10.94,0,12.5,7.81,4.69,7.81,3.13,14.06,7.81,7.81,4.69,3.13,0,1.56,21.88,0,15.63,4.69,0,0,6.25,3.13,3.13,6.25,6.25,0,0,0,14.06,0,0,0,12.5,0,0,0,0,3.13,9.38,12.5,0,12.5,1.56,1.56,4.69,0,0,"Guard"
"19593","James Harden","james harden",2019-04-28,2019,"2018-12-20","2019-06-13",29.6700889801506,77,220,2009,1,3,"2009-10-29",2009,TRUE,"G",245,37,1,"Injury/Illness - Right Toe; Sprain","toe","sprain",64,28,51,7.78,4.22,12.44,50.31,8.5,5.88,100,86.27,68.63,23.53,9.8,9.8,0,0,0,13.73,17.65,11.76,1.96,7.84,17.65,7.84,5.88,0,25.49,9.8,9.8,0,0,0,0,33.33,0,19.61,3.92,3.92,7.84,3.92,0,1.96,1.96,1.96,0,0,0,7.84,5.88,0,5.88,1.96,1.96,1.96,1.96,0,0,5.88,3.92,0,3.92,0,5.88,7.84,5.88,0,"Guard"
"Youtube/1879.mp3","James Harden","james harden",2026-05-09,2026,"2025-10-21","2026-06-13",36.7008898015058,77,220,2009,1,3,"2009-10-29",2009,TRUE,"G",16,8,0,NA,NA,NA,71,28,1641,8.86,96.41,84.47,50.12,11.72,9.08,95,84.83,64.41,25.11,16.82,4.45,1.22,7.98,1.58,8.29,13.83,6.4,1.89,10.91,9.87,7.5,7.74,1.46,23.22,5.91,6.46,4.39,1.83,2.13,0.49,27.85,0.61,15.78,8.47,0.67,1.52,1.83,1.16,2.8,3.47,2.68,0.73,0.98,0.55,15.11,2.19,0.73,1.1,13.16,1.52,2.13,0.98,0.85,1.46,14.5,8.1,2.13,4.88,3.9,3.35,6.46,1.83,1.83,"Guard"
"Youtube/2030.mp3","James Harden","james harden",2026-05-09,2026,"2025-10-21","2026-06-13",36.7008898015058,77,220,2009,1,3,"2009-10-29",2009,TRUE,"G",16,8,0,NA,NA,NA,71,28,1640,8.76,96.49,84.27,50.14,11.71,9.09,95,84.76,64.33,25.12,16.83,4.45,1.22,7.99,1.59,8.29,13.78,6.34,1.89,10.91,9.94,7.44,7.74,1.46,23.29,5.91,6.46,4.39,1.83,2.13,0.49,27.87,0.61,15.73,8.41,0.61,1.52,1.83,1.16,2.8,3.48,2.68,0.73,0.98,0.55,15.18,2.2,0.73,1.1,13.23,1.59,2.13,0.98,0.85,1.46,14.51,8.11,2.13,4.88,3.9,3.35,6.52,1.83,1.83,"Guard"
"Youtube/5275.mp3","James Harden","james harden",2026-05-09,2026,"2025-10-21","2026-06-13",36.7008898015058,77,220,2009,1,3,"2009-10-29",2009,TRUE,"G",16,8,0,NA,NA,NA,71,28,1640,8.76,96.42,84.27,50.14,11.71,9.09,95,84.82,64.39,25.18,16.83,4.45,1.22,7.99,1.59,8.35,13.84,6.4,1.89,10.85,9.88,7.44,7.74,1.46,23.23,5.91,6.46,4.39,1.83,2.13,0.49,27.8,0.61,15.73,8.41,0.61,1.52,1.83,1.16,2.8,3.48,2.68,0.73,0.98,0.55,15.12,2.2,0.73,1.1,13.17,1.52,2.13,0.98,0.85,1.46,14.51,8.11,2.13,4.88,3.9,3.35,6.46,1.83,1.83,"Guard"
"Youtube/5344.mp3","James Harden","james harden",2026-05-09,2026,"2025-10-21","2026-06-13",36.7008898015058,77,220,2009,1,3,"2009-10-29",2009,TRUE,"G",16,8,0,NA,NA,NA,71,28,1641,8.71,96.48,84.47,50.12,11.64,9.08,95,84.77,64.35,25.11,16.82,4.45,1.22,7.98,1.58,8.29,13.77,6.34,1.89,10.91,9.93,7.5,7.74,1.46,23.28,5.91,6.46,4.39,1.83,2.13,0.49,27.91,0.61,15.78,8.47,0.67,1.52,1.83,1.16,2.8,3.47,2.68,0.73,0.98,0.55,15.17,2.19,0.73,1.1,13.22,1.58,2.13,0.98,0.85,1.46,14.5,8.1,2.13,4.88,3.9,3.35,6.52,1.83,1.83,"Guard"
"Youtube/6092.mp3","James Harden","james harden",2026-05-09,2026,"2025-10-21","2026-06-13",36.7008898015058,77,220,2009,1,3,"2009-10-29",2009,TRUE,"G",16,8,0,NA,NA,NA,71,28,1641,8.78,96.41,84.47,50.12,11.72,9.08,95,84.83,64.41,25.11,16.82,4.45,1.22,7.98,1.58,8.29,13.83,6.4,1.89,10.91,9.93,7.5,7.74,1.46,23.28,5.91,6.46,4.39,1.83,2.13,0.49,27.91,0.61,15.78,8.47,0.67,1.52,1.83,1.16,2.8,3.47,2.68,0.73,0.98,0.55,15.11,2.19,0.73,1.1,13.16,1.52,2.13,0.98,0.85,1.46,14.5,8.1,2.13,4.88,3.9,3.35,6.52,1.83,1.83,"Guard"
"25059","Joe Harris","joe harris",2019-02-16,2019,"2018-12-20","2019-06-13",27.4469541409993,78,220,2014,2,33,"2014-10-31",2014,FALSE,"SF",535,92,1,"Injury/Illness - Right Hamstring/Lower Back; Tightness","hamstring","tightness",40,16,84,32.31,21.49,92.84,8.95,21,15.48,95.24,76.19,59.52,15.48,10.71,7.14,0,3.57,0,4.76,7.14,4.76,1.19,17.86,11.9,8.33,7.14,2.38,21.43,5.95,2.38,2.38,0,2.38,0,35.71,2.38,21.43,2.38,2.38,2.38,7.14,7.14,2.38,3.57,1.19,2.38,1.19,0,4.76,0,0,0,4.76,1.19,1.19,1.19,0,1.19,7.14,14.29,4.76,8.33,3.57,3.57,5.95,1.19,0,"Forward"
"36904","Sam Hauser","sam hauser",2024-06-08,2024,"2023-10-24","2024-06-17",26.4996577686516,79,217,NA,NA,NA,"2021-10-20",2021,TRUE,"F",138,5,1,"Injury/Illness - Low Back; Pain","back","pain",80,28,71,11.51,99,1,83.63,11.83,9.86,91.55,74.65,60.56,15.49,11.27,0,1.41,5.63,0,4.23,9.86,2.82,0,16.9,16.9,11.27,8.45,0,26.76,7.04,2.82,7.04,1.41,2.82,2.82,25.35,1.41,15.49,1.41,2.82,2.82,4.23,2.82,1.41,4.23,4.23,0,2.82,2.82,12.68,0,0,0,12.68,5.63,1.41,1.41,0,0,14.08,4.23,0,1.41,0,0,9.86,11.27,1.41,"Forward"
"36904","Sam Hauser","sam hauser",2024-06-05,2024,"2023-10-24","2024-06-17",26.4914442162902,79,217,NA,NA,NA,"2021-10-20",2021,TRUE,"F",141,6,1,"Injury/Illness - Low Back; Pain","back","pain",77,27,60,8.11,10.48,28.56,90.5,7.5,10,98.33,86.67,66.67,18.33,3.33,1.67,0,1.67,0,15,11.67,5,0,15,15,13.33,3.33,5,28.33,10,5,8.33,1.67,6.67,0,43.33,5,20,3.33,3.33,5,3.33,0,5,5,5,0,1.67,1.67,3.33,0,0,0,3.33,0,0,0,0,3.33,11.67,6.67,1.67,3.33,5,6.67,8.33,3.33,1.67,"Forward"
"36361","Tyler Herro","tyler herro",2020-10-08,2020,"2019-10-22","2020-10-11",20.7173169062286,77,205,2019,1,13,"2019-10-23",2019,TRUE,"G",100,12,1,"Injury/Illness - Neck; Spasms","neck","spasm",265,36,61,27.14,99,92.94,44.83,20.33,8.2,98.36,80.33,60.66,24.59,16.39,0,11.48,3.28,1.64,8.2,11.48,6.56,3.28,14.75,8.2,6.56,4.92,1.64,21.31,4.92,4.92,13.11,11.48,0,1.64,26.23,0,19.67,4.92,1.64,1.64,3.28,0,9.84,4.92,3.28,1.64,1.64,0,18.03,1.64,0,0,16.39,0,6.56,6.56,0,3.28,8.2,11.48,1.64,9.84,1.64,9.84,0,6.56,1.64,"Guard"
"36361","Tyler Herro","tyler herro",2020-10-04,2020,"2019-10-22","2020-10-11",20.7063655030801,77,205,2019,1,13,"2019-10-23",2019,TRUE,"G",104,13,1,"Injury/Illness - Neck; Spasms","neck","spasm",261,34,83,19.91,97.26,3.95,76.34,13.83,14.46,92.77,79.52,65.06,19.28,13.25,1.2,4.82,0,0,6.02,13.25,6.02,1.2,13.25,9.64,7.23,8.43,2.41,20.48,4.82,3.61,9.64,4.82,1.2,3.61,26.51,4.82,10.84,2.41,3.61,1.2,0,2.41,1.2,4.82,3.61,0,1.2,0,14.46,0,0,0,14.46,8.43,4.82,3.61,1.2,0,4.82,9.64,1.2,6.02,4.82,8.43,4.82,2.41,0,"Guard"
"36361","Tyler Herro","tyler herro",2020-10-01,2020,"2019-10-22","2020-10-11",20.6981519507187,77,205,2019,1,13,"2019-10-23",2019,TRUE,"G",107,15,1,"Injury/Illness - Neck; Spasms","neck","spasm",258,33,91,18.12,99,1,99,11.38,16.48,95.6,82.42,59.34,19.78,14.29,2.2,7.69,3.3,1.1,5.49,15.38,7.69,0,12.09,12.09,8.79,7.69,0,26.37,9.89,2.2,10.99,9.89,1.1,0,29.67,1.1,17.58,3.3,1.1,5.49,1.1,3.3,2.2,8.79,8.79,0,0,0,16.48,3.3,2.2,1.1,14.29,0,9.89,7.69,2.2,3.3,13.19,2.2,0,1.1,1.1,5.49,4.4,0,0,"Guard"
"36361","Tyler Herro","tyler herro",2020-09-23,2020,"2019-10-22","2020-10-11",20.6762491444216,77,205,2019,1,13,"2019-10-23",2019,TRUE,"G",115,18,1,"Injury/Illness - Neck; Spasms","neck","spasm",250,29,91,18.12,5.77,95.49,35.85,15.17,15.38,96.7,76.92,67.03,23.08,15.38,13.19,0,0,1.1,7.69,13.19,7.69,0,15.38,13.19,7.69,6.59,1.1,16.48,6.59,3.3,9.89,5.49,0,4.4,31.87,3.3,14.29,3.3,2.2,1.1,1.1,3.3,2.2,1.1,1.1,0,0,0,14.29,8.79,3.3,1.1,7.69,3.3,1.1,0,1.1,0,6.59,7.69,0,5.49,5.49,4.4,7.69,0,0,"Guard"
"36361","Tyler Herro","tyler herro",2020-09-16,2020,"2019-10-22","2020-10-11",20.6570841889117,77,205,2019,1,13,"2019-10-23",2019,TRUE,"G",122,21,1,"Injury/Illness - Neck; Spasms","neck","spasm",243,27,77,49.02,20.1,99,20.23,38.5,3.9,97.4,79.22,68.83,12.99,7.79,3.9,0,1.3,0,5.19,15.58,10.39,0,18.18,14.29,9.09,6.49,2.6,19.48,9.09,6.49,1.3,0,1.3,0,27.27,0,10.39,3.9,0,1.3,0,2.6,2.6,2.6,1.3,1.3,1.3,0,3.9,0,0,0,3.9,2.6,0,0,0,3.9,7.79,14.29,2.6,11.69,10.39,1.3,7.79,0,0,"Guard"
"Youtube/3919.mp3","Tyler Herro","tyler herro",2025-02-16,2025,"2024-10-22","2025-06-22",25.0759753593429,77,205,2019,1,13,"2019-10-23",2019,TRUE,"G",48,23,1,"Injury/Illness - Right Thigh; Contusion","thigh","contusion",26,10,569,20.53,75.03,73.72,69.98,9.98,10.72,92.97,81.2,63.44,21.79,13.71,5.45,3.87,2.11,0.18,8.08,16.87,8.08,2.99,12.13,12.83,5.98,5.98,1.05,21.27,8.61,7.73,5.62,4.39,0.88,0.35,28.65,1.58,12.13,3.87,0.53,1.76,2.11,1.93,2.99,5.45,4.22,1.05,2.11,1.93,11.25,1.76,0.53,0.53,9.67,1.76,2.11,1.93,0.18,1.05,10.9,9.14,2.46,5.45,5.27,4.92,7.38,2.28,2.28,"Guard"
"25432","George Hill","george hill",2019-05-19,2019,"2018-12-20","2019-06-13",33.0403832991102,76,188,2008,1,26,"2008-10-30",2008,FALSE,"PG",257,47,1,"Injury/Illness - Left Hamstring; Strain","hamstring","strain",68,24,93,5.52,59.25,88.48,53.56,9.3,9.68,95.7,77.42,58.06,23.66,13.98,2.15,4.3,0,7.53,9.68,9.68,3.23,3.23,12.9,12.9,5.38,6.45,5.38,25.81,8.6,1.08,6.45,4.3,1.08,2.15,33.33,0,20.43,3.23,2.15,0,7.53,3.23,6.45,8.6,5.38,3.23,3.23,0,13.98,1.08,1.08,0,12.9,1.08,5.38,4.3,1.08,0,9.68,7.53,3.23,6.45,3.23,2.15,10.75,4.3,0,"Guard"
"25432","George Hill","george hill",2019-05-17,2019,"2018-12-20","2019-06-13",33.0349075975359,76,188,2008,1,26,"2008-10-30",2008,FALSE,"PG",259,48,1,"Injury/Illness - Left Hamstring; Strain","hamstring","strain",66,23,57,19.15,85.76,87.88,46.76,11.4,8.77,100,85.96,64.91,26.32,15.79,5.26,10.53,0,0,10.53,15.79,8.77,1.75,12.28,10.53,3.51,5.26,3.51,21.05,7.02,5.26,14.04,10.53,3.51,0,29.82,0,19.3,10.53,0,3.51,1.75,0,3.51,8.77,5.26,3.51,5.26,5.26,10.53,0,0,0,10.53,0,5.26,3.51,1.75,3.51,7.02,5.26,0,3.51,5.26,0,8.77,1.75,0,"Guard"
"25432","George Hill","george hill",2019-05-17,2019,"2018-12-20","2019-06-13",33.0349075975359,76,188,2008,1,26,"2008-10-30",2008,FALSE,"PG",259,48,1,"Injury/Illness - Left Hamstring; Strain","hamstring","strain",66,23,58,16.68,85.25,86.26,46.24,19.33,8.62,100,86.21,65.52,25.86,15.52,5.17,10.34,0,0,10.34,15.52,8.62,1.72,12.07,10.34,3.45,6.9,3.45,20.69,6.9,5.17,13.79,10.34,3.45,0,29.31,0,18.97,10.34,0,3.45,1.72,0,3.45,8.62,5.17,3.45,5.17,5.17,10.34,0,0,0,10.34,0,5.17,3.45,1.72,3.45,6.9,5.17,0,3.45,5.17,0,8.62,1.72,0,"Guard"
"22127","Solomon Hill","solomon hill",2021-06-24,2021,"2020-12-22","2021-07-20",30.2696783025325,78,226,2013,1,23,"2013-10-29",2013,FALSE,"SF",165,17,1,"Injury/Illness - Right Hamstring; Injury","hamstring","injury",916,171,81,36.86,99,10.18,99,13.5,12.35,92.59,70.37,59.26,20.99,16.05,1.23,7.41,4.94,0,4.94,9.88,7.41,0,14.81,8.64,8.64,4.94,0,16.05,3.7,0,13.58,7.41,6.17,0,16.05,0,7.41,1.23,3.7,1.23,1.23,0,1.23,9.88,9.88,0,0,0,18.52,2.47,0,1.23,16.05,3.7,7.41,7.41,0,1.23,3.7,8.64,3.7,4.94,2.47,2.47,6.17,1.23,0,"Forward"
"19659","Jrue Holiday","jrue holiday",2021-07-20,2021,"2020-12-22","2021-07-20",31.1047227926078,76,220,2009,1,17,"2009-10-28",2009,TRUE,"G",93,1,1,"Injury/Illness - Right Heel; Contusion","foot","contusion",102,41,68,16.49,3.61,99,85.53,17,5.88,89.71,75,57.35,29.41,20.59,14.71,0,0,5.88,8.82,8.82,1.47,1.47,13.24,4.41,1.47,7.35,1.47,20.59,2.94,4.41,1.47,1.47,0,0,26.47,1.47,14.71,10.29,0,1.47,0,0,2.94,4.41,4.41,0,4.41,4.41,14.71,7.35,2.94,2.94,8.82,1.47,1.47,0,1.47,0,7.35,8.82,2.94,2.94,4.41,7.35,7.35,2.94,1.47,"Guard"
"19659","Jrue Holiday","jrue holiday",2021-07-11,2021,"2020-12-22","2021-07-20",31.0800821355236,76,220,2009,1,17,"2009-10-28",2009,TRUE,"G",102,4,1,"Injury/Illness - Right Heel; Contusion","foot","contusion",93,38,58,8.72,60.57,56.1,1.05,19.33,15.52,93.1,82.76,65.52,22.41,12.07,6.9,1.72,1.72,0,10.34,10.34,5.17,0,13.79,18.97,6.9,5.17,0,29.31,8.62,1.72,5.17,3.45,1.72,0,27.59,0,12.07,1.72,1.72,1.72,3.45,0,3.45,3.45,0,3.45,3.45,0,17.24,8.62,1.72,3.45,10.34,1.72,1.72,0,0,0,6.9,5.17,1.72,3.45,3.45,1.72,12.07,5.17,0,"Guard"
"19659","Jrue Holiday","jrue holiday",2021-07-10,2021,"2020-12-22","2021-07-20",31.0773442847365,76,220,2009,1,17,"2009-10-28",2009,TRUE,"G",103,5,1,"Injury/Illness - Right Heel; Contusion","foot","contusion",92,38,57,62.72,94.48,8.42,99,14.25,10.53,91.23,73.68,61.4,17.54,12.28,1.75,5.26,0,5.26,5.26,14.04,10.53,1.75,14.04,7.02,8.77,3.51,0,15.79,3.51,1.75,8.77,5.26,3.51,0,14.04,0,10.53,1.75,1.75,1.75,1.75,1.75,1.75,10.53,10.53,0,1.75,1.75,10.53,0,0,0,10.53,0,10.53,7.02,3.51,5.26,5.26,5.26,0,5.26,1.75,1.75,3.51,3.51,0,"Guard"
"19659","Jrue Holiday","jrue holiday",2021-07-07,2021,"2020-12-22","2021-07-20",31.0691307323751,76,220,2009,1,17,"2009-10-28",2009,TRUE,"G",106,6,1,"Injury/Illness - Right Heel; Contusion","foot","contusion",89,37,52,26.1,73.15,89.39,49.66,10.4,11.54,90.38,69.23,53.85,21.15,17.31,7.69,3.85,0,5.77,3.85,11.54,5.77,5.77,9.62,9.62,3.85,5.77,0,21.15,3.85,7.69,5.77,3.85,0,1.92,19.23,0,7.69,5.77,0,0,3.85,0,0,1.92,1.92,0,0,0,11.54,1.92,0,0,9.62,0,11.54,11.54,0,1.92,7.69,7.69,1.92,7.69,1.92,7.69,1.92,1.92,0,"Guard"
"19659","Jrue Holiday","jrue holiday",2021-07-06,2021,"2020-12-22","2021-07-20",31.066392881588,76,220,2009,1,17,"2009-10-28",2009,TRUE,"G",107,6,1,"Injury/Illness - Right Heel; Contusion","foot","contusion",88,36,55,39.7,71.57,5.07,1,13.75,5.45,92.73,76.36,52.73,20,12.73,3.64,1.82,1.82,0,7.27,7.27,3.64,1.82,16.36,10.91,5.45,3.64,0,29.09,5.45,0,3.64,1.82,1.82,0,25.45,0,18.18,3.64,3.64,1.82,7.27,0,3.64,3.64,0,3.64,3.64,0,12.73,3.64,0,0,9.09,5.45,1.82,1.82,0,3.64,12.73,5.45,1.82,1.82,1.82,5.45,3.64,7.27,1.82,"Guard"
"19659","Jrue Holiday","jrue holiday",2021-07-03,2021,"2020-12-22","2021-07-20",31.0581793292266,76,220,2009,1,17,"2009-10-28",2009,TRUE,"G",110,7,1,"Injury/Illness - Right Heel; Contusion","foot","contusion",85,35,58,58.3,6.07,99,74.09,14.5,10.34,98.28,77.59,63.79,17.24,10.34,10.34,0,0,0,6.9,17.24,8.62,1.72,18.97,13.79,5.17,3.45,1.72,20.69,5.17,5.17,5.17,0,3.45,1.72,18.97,0,1.72,1.72,0,0,0,0,0,3.45,3.45,0,0,0,6.9,3.45,0,0,3.45,3.45,6.9,0,1.72,0,10.34,17.24,5.17,13.79,5.17,8.62,3.45,1.72,0,"Guard"
"19659","Jrue Holiday","jrue holiday",2021-07-01,2021,"2020-12-22","2021-07-20",31.0527036276523,76,220,2009,1,17,"2009-10-28",2009,TRUE,"G",112,8,1,"Injury/Illness - Right Heel; Contusion","foot","contusion",83,34,68,37.99,80.39,57.19,1,13.6,14.71,94.12,85.29,70.59,14.71,8.82,0,5.88,0,2.94,5.88,14.71,7.35,4.41,16.18,11.76,4.41,11.76,1.47,20.59,10.29,5.88,7.35,5.88,0,1.47,23.53,0,16.18,1.47,0,2.94,4.41,1.47,7.35,7.35,1.47,5.88,4.41,0,14.71,4.41,0,0,10.29,0,0,0,0,1.47,5.88,11.76,2.94,8.82,1.47,11.76,0,0,0,"Guard"
"19659","Jrue Holiday","jrue holiday",2021-06-29,2021,"2020-12-22","2021-07-20",31.047227926078,76,220,2009,1,17,"2009-10-28",2009,TRUE,"G",114,9,1,"Injury/Illness - Right Heel; Contusion","foot","contusion",81,33,79,57.92,81.39,97.66,1,15.8,6.33,97.47,79.75,58.23,18.99,8.86,0,5.06,1.27,2.53,10.13,16.46,7.59,2.53,17.72,7.59,3.8,6.33,2.53,20.25,7.59,3.8,6.33,5.06,1.27,0,21.52,1.27,8.86,1.27,0,1.27,0,1.27,5.06,5.06,0,5.06,3.8,0,10.13,1.27,0,0,8.86,0,6.33,6.33,0,2.53,12.66,18.99,6.33,12.66,5.06,7.59,3.8,0,1.27,"Guard"
"19659","Jrue Holiday","jrue holiday",2021-06-25,2021,"2020-12-22","2021-07-20",31.0362765229295,76,220,2009,1,17,"2009-10-28",2009,TRUE,"G",118,11,1,"Injury/Illness - Right Heel; Contusion","foot","contusion",77,31,92,31.75,88.9,37.09,93.28,15.33,10.87,88.04,70.65,57.61,15.22,11.96,2.17,2.17,0,1.09,3.26,11.96,6.52,1.09,11.96,7.61,7.61,10.87,0,11.96,8.7,4.35,4.35,3.26,0,1.09,22.83,2.17,8.7,1.09,0,0,7.61,0,2.17,5.43,5.43,0,0,0,11.96,0,0,0,11.96,6.52,2.17,1.09,1.09,0,11.96,11.96,4.35,6.52,6.52,9.78,2.17,0,0,"Guard"
"19659","Jrue Holiday","jrue holiday",2021-06-23,2021,"2020-12-22","2021-07-20",31.0308008213552,76,220,2009,1,17,"2009-10-28",2009,TRUE,"G",120,12,1,"Injury/Illness - Right Heel; Contusion","foot","contusion",75,30,54,3.37,80.61,27.44,20.23,18,11.11,90.74,87.04,66.67,24.07,16.67,3.7,3.7,0,0,7.41,7.41,3.7,0,9.26,11.11,9.26,7.41,1.85,25.93,7.41,0,5.56,3.7,1.85,0,31.48,1.85,18.52,5.56,5.56,1.85,1.85,0,3.7,3.7,1.85,1.85,1.85,1.85,12.96,0,0,0,12.96,9.26,0,0,0,3.7,9.26,11.11,3.7,7.41,1.85,7.41,3.7,3.7,0,"Guard"
"19659","Jrue Holiday","jrue holiday",2024-06-12,2024,"2023-10-24","2024-06-17",34.0013689253936,76,220,2009,1,17,"2009-10-28",2009,TRUE,"G",157,15,1,"Injury/Illness - Left Knee; Tendinopathy","knee","tendinopathy",59,16,56,51.48,97.11,82.24,92.84,18.67,1.79,92.86,76.79,51.79,17.86,14.29,3.57,5.36,3.57,1.79,3.57,12.5,8.93,0,8.93,3.57,5.36,7.14,0,21.43,7.14,3.57,10.71,5.36,5.36,0,21.43,1.79,12.5,7.14,3.57,1.79,0,0,1.79,8.93,7.14,1.79,0,0,14.29,3.57,0,0,10.71,0,5.36,5.36,0,5.36,17.86,12.5,0,7.14,5.36,8.93,1.79,0,0,"Guard"
"19659","Jrue Holiday","jrue holiday",2024-06-09,2024,"2023-10-24","2024-06-17",33.9931553730322,76,220,2009,1,17,"2009-10-28",2009,TRUE,"G",160,16,1,"Injury/Illness - Left Knee; Tendinopathy","knee","tendinopathy",56,15,73,6.08,1.8,97.3,93.52,12.17,12.33,94.52,79.45,67.12,31.51,19.18,16.44,1.37,0,1.37,12.33,13.7,1.37,0,17.81,13.7,2.74,6.85,1.37,24.66,1.37,0,8.22,4.11,4.11,0,31.51,0,15.07,4.11,1.37,4.11,5.48,0,2.74,5.48,5.48,0,0,0,12.33,8.22,5.48,5.48,6.85,0,1.37,1.37,0,1.37,12.33,9.59,1.37,4.11,4.11,10.96,6.85,0,0,"Guard"
"19659","Jrue Holiday","jrue holiday",2024-06-08,2024,"2023-10-24","2024-06-17",33.990417522245,76,220,2009,1,17,"2009-10-28",2009,TRUE,"G",161,17,1,"Injury/Illness - Left Knee; Tendinopathy","knee","tendinopathy",55,15,68,26.1,95.91,98.96,85.53,17,7.35,91.18,79.41,60.29,20.59,16.18,4.41,8.82,0,2.94,4.41,11.76,2.94,4.41,13.24,4.41,8.82,7.35,0,20.59,5.88,4.41,10.29,8.82,0,1.47,19.12,0,11.76,4.41,0,0,4.41,0,2.94,7.35,5.88,1.47,4.41,2.94,14.71,2.94,0,0,11.76,0,4.41,1.47,2.94,0,11.76,14.71,5.88,10.29,2.94,10.29,0,0,1.47,"Guard"
"Youtube/1242.mp3","Jrue Holiday","jrue holiday",2026-03-31,2026,"2025-10-21","2026-06-13",35.8001368925394,76,220,2009,1,17,"2009-10-28",2009,TRUE,"G",28,11,0,NA,NA,NA,81,35,693,16.17,40.06,80.93,87.44,11.95,9.81,91.77,78.64,63.35,18.18,12.12,6.78,1.59,0.72,0.14,6.06,12.84,6.64,1.3,13.42,11.69,9.38,9.67,0.72,20.06,6.78,3.9,4.62,3.32,0.87,0.43,24.24,1.88,11.98,4.47,1.01,0.72,2.45,2.02,2.16,6.06,5.19,0.58,1.88,1.73,10.82,3.46,1.15,0.72,7.65,2.89,4.76,2.02,1.3,1.59,9.81,9.81,1.3,7.5,4.18,3.32,6.35,1.59,2.6,"Guard"
"Youtube/296.mp3","Jrue Holiday","jrue holiday",2026-03-31,2026,"2025-10-21","2026-06-13",35.8001368925394,76,220,2009,1,17,"2009-10-28",2009,TRUE,"G",28,11,0,NA,NA,NA,81,35,693,16.17,40.06,80.93,87.44,11.95,9.81,91.77,78.64,63.35,18.18,12.12,6.78,1.59,0.72,0.14,6.06,12.84,6.64,1.3,13.42,11.69,9.38,9.67,0.72,20.06,6.78,3.9,4.62,3.32,0.87,0.43,24.24,1.88,11.98,4.47,1.01,0.72,2.45,2.02,2.16,6.06,5.19,0.58,1.88,1.73,10.82,3.46,1.15,0.72,7.65,2.89,4.76,2.02,1.3,1.59,9.81,9.81,1.3,7.5,4.18,3.32,6.35,1.59,2.6,"Guard"
"Youtube/3618.mp3","Jrue Holiday","jrue holiday",2021-07-19,2021,"2020-12-22","2021-07-20",31.1019849418207,76,220,2009,1,17,"2009-10-28",2009,TRUE,"G",94,2,1,"Injury/Illness - Right Heel; Contusion","foot","contusion",101,41,415,14.76,42.89,89.59,98.79,11.86,10.6,94.94,77.11,63.61,19.76,14.7,7.71,3.61,0.96,0,5.06,12.29,7.23,1.2,12.77,9.4,9.64,9.88,1.69,19.52,3.61,2.89,6.99,4.82,2.17,0.48,23.13,0.96,11.57,4.34,0.96,0.96,1.93,1.2,3.61,7.71,7.47,0.24,0.96,0.72,10.36,1.45,0.72,0.48,8.92,1.45,5.3,4.1,0.96,1.69,11.08,10.6,1.93,6.02,3.86,4.58,5.3,0.96,1.69,"Guard"
"Youtube/3652.mp3","Jrue Holiday","jrue holiday",2026-03-31,2026,"2025-10-21","2026-06-13",35.8001368925394,76,220,2009,1,17,"2009-10-28",2009,TRUE,"G",28,11,0,NA,NA,NA,81,35,693,16.17,40.06,80.93,87.44,11.95,9.81,91.77,78.64,63.35,18.18,12.12,6.78,1.59,0.72,0.14,6.06,12.84,6.64,1.3,13.42,11.69,9.38,9.67,0.72,20.06,6.78,3.9,4.62,3.32,0.87,0.43,24.24,1.88,11.98,4.47,1.01,0.72,2.45,2.02,2.16,6.06,5.19,0.58,1.88,1.73,10.82,3.46,1.15,0.72,7.65,2.89,4.76,2.02,1.3,1.59,9.81,9.81,1.3,7.5,4.18,3.32,6.35,1.59,2.6,"Guard"
"Youtube/4676.mp3","Jrue Holiday","jrue holiday",2026-03-31,2026,"2025-10-21","2026-06-13",35.8001368925394,76,220,2009,1,17,"2009-10-28",2009,TRUE,"G",28,11,0,NA,NA,NA,81,35,693,16.17,40.06,80.93,87.44,11.55,9.81,91.77,78.64,63.35,18.18,12.12,6.78,1.59,0.72,0.14,6.06,12.84,6.64,1.3,13.42,11.69,9.38,9.67,0.72,20.06,6.78,3.9,4.62,3.32,0.87,0.43,24.24,1.88,11.98,4.47,1.01,0.72,2.45,2.02,2.16,6.06,5.19,0.58,1.88,1.73,10.82,3.46,1.15,0.72,7.65,2.89,4.76,2.02,1.3,1.59,9.81,9.81,1.3,7.5,4.18,3.32,6.35,1.59,2.6,"Guard"
"41721","Chet Holmgren","chet holmgren",2024-02-16,2024,"2023-10-24","2024-06-17",21.7960301163587,85,208,2022,1,2,"2023-10-26",2023,TRUE,"C",269,48,1,"Injury/Illness - Right Iliac Wing; Fracture","pelvis","fracture",308,54,68,46.7,93.56,26.78,99,11.33,8.82,95.59,76.47,58.82,17.65,13.24,2.94,0,2.94,2.94,4.41,14.71,10.29,0,14.71,11.76,4.41,5.88,2.94,19.12,7.35,2.94,1.47,0,1.47,0,20.59,0,8.82,2.94,0,0,4.41,1.47,0,8.82,8.82,0,2.94,2.94,17.65,2.94,0,1.47,14.71,7.35,4.41,1.47,1.47,2.94,13.24,10.29,1.47,7.35,2.94,1.47,7.35,0,2.94,"Center"
"41721","Chet Holmgren","chet holmgren",2025-06-22,2025,"2024-10-22","2025-06-22",23.1430527036277,85,208,2022,1,2,"2023-10-26",2023,TRUE,"C",133,4,1,"Injury/Illness - Low Back; Sprain","back","sprain",70,22,75,35.86,91.22,72.01,62.2,18.75,10.67,92,72,64,16,12,4,5.33,1.33,1.33,4,14.67,5.33,0,20,12,10.67,6.67,1.33,17.33,4,5.33,14.67,6.67,4,4,17.33,1.33,8,0,0,1.33,4,2.67,0,2.67,2.67,0,0,0,12,2.67,1.33,1.33,9.33,0,2.67,1.33,1.33,0,9.33,16,5.33,10.67,2.67,0,5.33,0,0,"Center"
"41721","Chet Holmgren","chet holmgren",2025-06-18,2025,"2024-10-22","2025-06-22",23.1321013004791,85,208,2022,1,2,"2023-10-26",2023,TRUE,"C",137,6,1,"Injury/Illness - Low Back; Sprain","back","sprain",66,21,51,69.58,51.75,12.44,99,17,13.73,94.12,78.43,60.78,13.73,5.88,3.92,1.96,0,0,7.84,13.73,7.84,0,19.61,9.8,11.76,1.96,0,19.61,5.88,0,17.65,3.92,11.76,1.96,21.57,7.84,13.73,1.96,1.96,5.88,0,3.92,1.96,7.84,7.84,0,0,0,5.88,1.96,1.96,0,5.88,0,5.88,0,5.88,1.96,11.76,13.73,0,7.84,1.96,0,3.92,0,0,"Center"
"41721","Chet Holmgren","chet holmgren",2025-06-15,2025,"2024-10-22","2025-06-22",23.1238877481177,85,208,2022,1,2,"2023-10-26",2023,TRUE,"C",140,7,1,"Injury/Illness - Low Back; Sprain","back","sprain",63,20,61,60.32,93.01,1,44.83,20.33,6.56,93.44,67.21,57.38,14.75,6.56,0,0,6.56,0,8.2,13.11,8.2,3.28,18.03,13.11,3.28,6.56,1.64,22.95,0,3.28,4.92,0,4.92,1.64,18.03,0,11.48,0,3.28,3.28,3.28,0,0,1.64,1.64,0,0,0,6.56,0,0,0,6.56,0,4.92,4.92,0,1.64,9.84,8.2,1.64,3.28,1.64,0,6.56,9.84,0,"Center"
"41721","Chet Holmgren","chet holmgren",2025-06-12,2025,"2024-10-22","2025-06-22",23.1156741957563,85,208,2022,1,2,"2023-10-26",2023,TRUE,"C",143,8,1,"Injury/Illness - Low Back; Sprain","back","sprain",60,19,51,79.1,99,60.65,50.31,17,11.76,96.08,78.43,62.75,17.65,15.69,1.96,11.76,0,0,1.96,13.73,7.84,0,21.57,11.76,1.96,3.92,0,21.57,9.8,1.96,15.69,11.76,0,3.92,11.76,0,5.88,1.96,0,0,0,0,1.96,1.96,1.96,0,0,0,17.65,1.96,1.96,0,13.73,0,1.96,0,1.96,3.92,13.73,13.73,0,11.76,1.96,0,3.92,13.73,0,"Center"
"41721","Chet Holmgren","chet holmgren",2025-06-11,2025,"2024-10-22","2025-06-22",23.1129363449692,85,208,2022,1,2,"2023-10-26",2023,TRUE,"C",144,8,1,"Injury/Illness - Low Back; Sprain","back","sprain",59,18,58,20.17,50.33,56.1,98.26,9.67,15.52,93.1,86.21,65.52,18.97,12.07,6.9,1.72,0,1.72,6.9,8.62,6.9,0,15.52,18.97,8.62,1.72,1.72,32.76,6.9,1.72,6.9,1.72,5.17,0,20.69,3.45,13.79,1.72,0,10.34,1.72,0,0,6.9,6.9,0,0,0,10.34,1.72,0,1.72,8.62,0,0,0,0,3.45,12.07,22.41,1.72,15.52,3.45,1.72,10.34,0,0,"Center"
"41721","Chet Holmgren","chet holmgren",2025-06-08,2025,"2024-10-22","2025-06-22",23.1047227926078,85,208,2022,1,2,"2023-10-26",2023,TRUE,"C",147,9,1,"Injury/Illness - Low Back; Sprain","back","sprain",56,17,70,43.94,32.05,80.49,94.7,14,8.57,91.43,77.14,62.86,15.71,10,2.86,0,4.29,2.86,5.71,10,7.14,0,18.57,12.86,4.29,5.71,5.71,24.29,5.71,1.43,2.86,0,2.86,0,37.14,0,18.57,4.29,2.86,5.71,2.86,1.43,4.29,5.71,5.71,0,0,0,7.14,0,0,0,7.14,0,1.43,1.43,0,1.43,7.14,8.57,2.86,4.29,10,0,11.43,2.86,0,"Center"
"41721","Chet Holmgren","chet holmgren",2025-06-07,2025,"2024-10-22","2025-06-22",23.1019849418207,85,208,2022,1,2,"2023-10-26",2023,TRUE,"C",148,10,1,"Injury/Illness - Low Back; Sprain","back","sprain",55,17,54,91.86,51.1,52.89,93.93,27,5.56,98.15,74.07,64.81,11.11,1.85,0,1.85,0,0,9.26,22.22,11.11,3.7,24.07,7.41,5.56,7.41,1.85,9.26,11.11,7.41,3.7,1.85,1.85,0,18.52,1.85,7.41,1.85,1.85,0,0,3.7,0,5.56,5.56,0,0,0,1.85,0,0,0,1.85,0,5.56,5.56,0,0,3.7,9.26,1.85,3.7,11.11,0,5.56,3.7,0,"Center"
"41721","Chet Holmgren","chet holmgren",2025-06-04,2025,"2024-10-22","2025-06-22",23.0937713894593,85,208,2022,1,2,"2023-10-26",2023,TRUE,"C",151,11,1,"Injury/Illness - Low Back; Sprain","back","sprain",52,16,111,51.04,98,55.76,47.58,18.5,8.11,94.59,85.59,68.47,18.92,9.91,0,1.8,3.6,0,9.01,16.22,8.11,0.9,18.02,8.11,8.11,7.21,0,20.72,5.41,8.11,4.5,1.8,0.9,1.8,18.02,0,9.91,1.8,1.8,2.7,1.8,1.8,0,1.8,1.8,0,0,0,10.81,0.9,0,0.9,9.91,4.5,4.5,0.9,2.7,0,9.91,19.82,5.41,17.12,1.8,2.7,6.31,0.9,0,"Center"
"Youtube/1989.mp3","Chet Holmgren","chet holmgren",2026-04-27,2026,"2025-10-21","2026-06-13",23.9890485968515,85,208,2022,1,2,"2023-10-26",2023,TRUE,"C",33,11,0,NA,NA,NA,15,3,985,14.78,98.97,79.4,81.83,16.15,10.66,96.24,85.79,64.06,23.65,15.94,2.44,2.54,6.9,1.83,7.72,11.37,5.58,0.51,14.21,11.98,4.97,8.12,1.42,27.72,6.8,3.35,6.29,3.55,1.52,1.42,30.66,0.81,16.85,8.73,1.52,1.73,2.13,0.2,3.65,4.87,4.47,0.41,1.52,1.42,18.07,3.15,0.81,1.52,15.13,2.44,2.03,1.42,0.61,1.12,13.3,9.54,1.93,6.19,3.55,5.58,6.8,2.34,2.34,"Center"
"Youtube/2325.mp3","Chet Holmgren","chet holmgren",2026-04-19,2026,"2025-10-21","2026-06-13",23.9671457905544,85,208,2022,1,2,"2023-10-26",2023,TRUE,"C",41,14,0,NA,NA,NA,7,0,1272,16.36,97.13,60.98,83,16.52,8.41,95.05,79.87,62.5,22.8,15.49,3.22,2.2,6.29,1.26,7.31,14.23,6.68,1.18,12.03,9.51,5.74,8.96,1.18,21.93,5.03,3.93,6.29,2.99,2.83,0.63,27.04,1.73,16.12,7.08,1.42,1.89,2.44,0.79,3.62,5.27,4.64,0.47,1.42,1.34,15.8,2.12,0.55,0.63,13.99,2.67,4.4,2.75,1.1,1.1,12.58,8.18,1.34,5.58,3.14,3.22,6.21,1.02,1.49,"Center"
"Youtube/2370.mp3","Chet Holmgren","chet holmgren",2026-01-07,2026,"2025-10-21","2026-06-13",23.6878850102669,85,208,2022,1,2,"2023-10-26",2023,TRUE,"C",28,12,1,"Injury/Illness - Low Back; Spasms","back","spasm",63,27,501,24.77,94.3,91.11,64.27,16.7,9.18,95.81,80.44,62.08,18.56,12.97,2,2.2,5.79,1.2,5.59,11.78,5.99,0.6,13.97,9.58,7.19,8.58,1.6,21.36,4.39,6.19,6.59,3.19,2.59,0.8,27.35,1,15.37,6.39,0.8,0.8,2.59,1.8,3.99,4.79,3.79,1,1,0.6,11.98,0.8,0.6,0,11.78,1.8,5.39,3.99,1,1.4,11.38,11.78,2.99,8.18,4.59,3.59,4.99,3.19,1.6,"Center"
"Youtube/2478.mp3","Chet Holmgren","chet holmgren",2026-05-26,2026,"2025-10-21","2026-06-13",24.0684462696783,85,208,2022,1,2,"2023-10-26",2023,TRUE,"C",4,2,0,NA,NA,NA,44,12,780,7.69,97.95,71.7,58.36,13.22,8.33,96.54,84.23,64.62,25.26,15.77,3.33,2.05,5.38,0.77,9.49,13.33,5.26,0.51,13.08,11.28,8.97,6.92,1.28,24.49,5.64,2.82,6.15,3.21,2.31,0.77,29.62,1.28,17.44,8.72,1.92,2.18,2.31,0.64,3.21,4.49,3.46,1.03,1.03,0.64,17.95,3.21,0.77,1.15,15.64,4.36,3.85,2.18,1.67,0.64,12.95,11.03,1.41,8.08,2.82,2.95,8.85,1.41,2.82,"Center"
"Youtube/307.mp3","Chet Holmgren","chet holmgren",2026-04-25,2026,"2025-10-21","2026-06-13",23.9835728952772,85,208,2022,1,2,"2023-10-26",2023,TRUE,"C",35,12,0,NA,NA,NA,13,2,780,4.95,99,47.83,83.69,12.58,8.72,96.92,85,63.85,26.15,18.85,2.31,3.59,7.31,1.03,7.31,12.56,5.64,1.41,10.77,11.41,7.31,8.33,1.54,26.54,5,2.95,7.44,4.49,2.05,1.28,31.79,2.31,17.82,8.33,1.92,1.67,2.05,1.41,3.08,5.13,4.62,0.38,2.05,1.79,19.62,2.05,0.64,0.9,17.95,4.1,3.08,1.92,0.9,1.28,15,9.62,1.41,5.51,2.95,4.23,7.56,2.31,2.56,"Center"
"Youtube/3673.mp3","Chet Holmgren","chet holmgren",2026-04-22,2026,"2025-10-21","2026-06-13",23.9753593429158,85,208,2022,1,2,"2023-10-26",2023,TRUE,"C",38,13,0,NA,NA,NA,10,1,567,5.43,93.32,87.71,79.69,13.83,12.17,96.3,82.36,64.02,25.57,18.87,5.64,2.12,7.05,1.06,6.7,11.11,3.35,0.88,12.35,9.35,8.11,7.76,2.65,22.57,4.76,3.53,5.11,2.82,2.12,0.18,34.04,1.23,20.81,9.52,1.06,1.59,3.53,2.29,3.7,4.41,4.06,0.18,2.29,1.94,17.11,2.29,0.88,0.53,14.46,3,3.35,1.76,1.41,0.88,15.87,7.58,0.53,4.94,4.76,3.88,6,1.94,3,"Center"
"Youtube/3888.mp3","Chet Holmgren","chet holmgren",2026-04-05,2026,"2025-10-21","2026-06-13",23.9288158795346,85,208,2022,1,2,"2023-10-26",2023,TRUE,"C",5,2,1,"Injury/Illness - Low Back; Spasms","back","spasm",9,3,625,9.83,97.77,60.04,70.53,16.45,9.44,94.56,78.88,60.64,21.76,14.24,2.08,1.76,6.4,0.64,7.52,12.48,6.56,0.16,11.84,11.36,8.32,9.12,1.44,24.64,4.96,4,4.64,2.4,1.76,0.64,27.36,1.12,15.36,7.52,1.6,1.6,0.96,0.96,3.36,5.6,4.32,1.12,1.6,1.28,14.72,0.96,0.32,0.64,13.76,3.84,2.24,0.96,0.64,1.92,14.56,8,0.96,6.24,4.32,2.24,7.68,1.12,1.44,"Center"
"Youtube/4297.mp3","Chet Holmgren","chet holmgren",2026-05-05,2026,"2025-10-21","2026-06-13",24.0109514031485,85,208,2022,1,2,"2023-10-26",2023,TRUE,"C",25,10,0,NA,NA,NA,23,4,1129,9.3,98.5,76.25,72.91,14.11,10.54,96.9,82.91,64.39,24.8,18.42,3.72,3.19,7.35,1.42,6.38,11.07,4.61,0.97,13.37,11.34,6.64,6.82,2.39,25.42,3.28,4.34,7.44,3.37,3.45,0.8,30.65,1.33,17.98,7.97,1.51,3.1,1.15,0.71,3.45,4.34,3.72,0.35,1.51,1.15,16.83,1.68,0.18,0.89,15.23,2.83,3.1,2.3,0.71,1.06,15.59,11.07,1.15,7,4.43,3.28,6.47,2.04,2.13,"Center"
"Youtube/4432.mp3","Chet Holmgren","chet holmgren",2026-01-15,2026,"2025-10-21","2026-06-13",23.709787816564,85,208,2022,1,2,"2023-10-26",2023,TRUE,"C",20,9,1,"Injury/Illness - Low Back; Spasms","back","spasm",71,30,895,15.1,96.78,70.69,75.82,13.98,9.16,94.75,81.79,62.23,23.24,16.31,4.25,1.34,6.26,1.45,6.93,11.84,4.47,1.45,14.41,10.84,6.93,6.26,1.79,25.92,4.8,3.35,4.8,2.91,1.45,0.45,28.04,2.79,14.75,7.04,1.56,1.79,1.45,0.89,2.01,4.36,3.91,0.34,1.12,0.89,15.42,1.45,1.01,0.22,14.41,3.24,2.23,1.01,0.45,1.23,15.2,11.96,1.9,7.71,2.79,2.68,7.15,2.79,3.58,"Center"
"Youtube/5644.mp3","Chet Holmgren","chet holmgren",2026-04-07,2026,"2025-10-21","2026-06-13",23.9342915811088,85,208,2022,1,2,"2023-10-26",2023,TRUE,"C",3,1,1,"Injury/Illness - Low Back; Spasms","back","spasm",11,4,1123,26.27,95.83,71.16,91.05,19.03,8.73,95.46,80.41,62.87,21.99,15.23,4.1,2.58,6.06,0.53,6.77,13,5.79,0.45,14.78,9.26,5.79,7.48,0.98,21.19,4.54,3.74,8.19,3.65,4.01,0.53,26.27,1.42,16.65,8.1,1.25,2.14,2.67,1.16,2.67,6.32,5.61,0.53,1.51,1.34,14.69,2.4,0.71,0.89,12.47,1.78,4.99,2.49,2.23,0.45,14.25,8.73,1.78,5.34,3.03,2.32,5.61,2.4,2.14,"Center"
"Youtube/5800.mp3","Chet Holmgren","chet holmgren",2026-02-27,2026,"2025-10-21","2026-06-13",23.8275154004107,85,208,2022,1,2,"2023-10-26",2023,TRUE,"C",28,10,1,"Injury/Illness - Right Hip; Contusion","hip","contusion",2,0,842,10.3,88.77,87.08,70.62,14.27,9.38,95.25,82.3,64.25,21.97,15.8,4.87,2.38,4.75,1.54,6.18,12.47,4.63,1.54,12.83,10.57,7.72,8.67,1.78,23.63,4.51,4.04,5.7,3.09,1.9,0.71,27.91,1.19,15.44,5.94,1.9,2.49,1.66,1.31,2.97,4.39,3.68,0.48,1.07,0.83,14.37,2.61,0.83,1.66,12.23,2.73,4.04,1.9,1.43,1.19,11.88,11.52,2.14,8.19,4.99,5.94,4.87,1.66,2.73,"Center"
"16469","Al Horford","al horford",2022-06-15,2022,"2021-10-19","2022-06-16",36.0328542094456,80,240,2007,1,3,"2007-11-02",2007,TRUE,"C",129,3,1,"Injury/Illness - Low Back; Stiffness","back","stiffness",193,71,81,7.24,96.33,69.87,38.04,16.2,9.88,97.53,85.19,69.14,27.16,14.81,2.47,6.17,2.47,3.7,12.35,12.35,6.17,0,12.35,12.35,4.94,9.88,0,22.22,6.17,3.7,9.88,7.41,2.47,0,19.75,1.23,12.35,3.7,0,1.23,2.47,0,6.17,1.23,1.23,0,0,0,14.81,2.47,1.23,1.23,13.58,0,0,0,0,2.47,8.64,9.88,1.23,4.94,3.7,0,4.94,0,1.23,"Center"
"16469","Al Horford","al horford",2022-06-12,2022,"2021-10-19","2022-06-16",36.0246406570842,80,240,2007,1,3,"2007-11-02",2007,TRUE,"C",132,4,1,"Injury/Illness - Low Back; Stiffness","back","stiffness",190,70,69,27.02,93.24,7.4,65.92,17.25,15.94,92.75,75.36,60.87,15.94,13.04,0,1.45,0,5.8,2.9,8.7,5.8,0,14.49,11.59,11.59,4.35,1.45,20.29,7.25,2.9,7.25,1.45,1.45,4.35,21.74,0,8.7,0,0,0,2.9,5.8,2.9,2.9,2.9,0,0,0,18.84,4.35,1.45,1.45,14.49,4.35,1.45,0,0,1.45,7.25,10.14,0,7.25,2.9,2.9,8.7,2.9,0,"Center"
"16469","Al Horford","al horford",2022-06-05,2022,"2021-10-19","2022-06-16",36.0054757015743,80,240,2007,1,3,"2007-11-02",2007,TRUE,"C",139,6,1,"Injury/Illness - Low Back; Stiffness","back","stiffness",183,67,51,29.85,29.21,95.46,99,10.2,1.96,96.08,80.39,58.82,23.53,17.65,11.76,3.92,0,1.96,5.88,9.8,5.88,0,17.65,17.65,1.96,3.92,0,27.45,9.8,1.96,11.76,3.92,5.88,1.96,17.65,0,3.92,3.92,0,0,0,0,0,7.84,7.84,0,0,0,9.8,3.92,0,0,5.88,0,3.92,3.92,0,0,15.69,15.69,0,9.8,1.96,5.88,0,11.76,1.96,"Center"
"16469","Al Horford","al horford",2022-05-21,2022,"2021-10-19","2022-06-16",35.9644079397673,80,240,2007,1,3,"2007-11-02",2007,TRUE,"C",154,12,1,"Injury/Illness - Low Back; Stiffness","back","stiffness",168,61,51,35.2,99,95.46,4.72,17,19.61,94.12,78.43,60.78,31.37,17.65,0,13.73,1.96,1.96,13.73,15.69,7.84,0,13.73,5.88,0,3.92,1.96,19.61,0,3.92,13.73,13.73,0,0,27.45,1.96,11.76,5.88,1.96,0,3.92,0,1.96,1.96,0,1.96,0,0,23.53,5.88,0,1.96,17.65,0,0,0,0,0,9.8,13.73,5.88,5.88,7.84,9.8,3.92,0,1.96,"Center"
"16469","Al Horford","al horford",2024-06-05,2024,"2023-10-24","2024-06-17",38.0068446269678,80,240,2007,1,3,"2007-11-02",2007,TRUE,"C",161,16,1,"Injury/Illness - Left Big Toe; Sprain","toe","sprain",54,14,54,49.68,40.06,77.17,99,9,14.81,92.59,77.78,64.81,14.81,5.56,3.7,1.85,0,0,9.26,16.67,7.41,0,20.37,12.96,16.67,0,0,18.52,5.56,3.7,3.7,1.85,1.85,0,25.93,1.85,3.7,0,0,1.85,0,1.85,0,9.26,9.26,0,9.26,9.26,3.7,1.85,0,1.85,1.85,0,3.7,3.7,0,1.85,14.81,9.26,0,9.26,11.11,3.7,7.41,0,0,"Center"
"16366","Dwight Howard","dwight howard",2020-09-29,2020,"2019-10-22","2020-10-11",34.8090349075975,82,265,2004,1,1,"2004-11-04",2004,FALSE,"C",397,93,1,"Injury/Illness - Neck; Stiffness","neck","stiffness",203,19,50,28.63,19.67,75.94,99,25,12,98,78,68,14,6,6,0,0,0,8,18,6,0,18,12,12,10,0,12,10,4,6,2,2,2,14,0,4,0,2,0,0,0,2,8,8,0,6,6,8,4,0,0,4,4,0,0,0,0,6,10,0,10,4,2,4,0,2,"Center"
"16366","Dwight Howard","dwight howard",2020-09-25,2020,"2019-10-22","2020-10-11",34.798083504449,82,265,2004,1,1,"2004-11-04",2004,FALSE,"C",401,94,1,"Injury/Illness - Neck; Stiffness","neck","stiffness",199,18,66,95.66,49.07,39.59,86.79,66,9.09,90.91,71.21,56.06,6.06,6.06,3.03,1.52,0,1.52,0,16.67,10.61,1.52,19.7,4.55,4.55,9.09,0,15.15,6.06,6.06,9.09,1.52,1.52,6.06,16.67,1.52,10.61,0,3.03,3.03,1.52,0,3.03,4.55,4.55,0,0,0,6.06,0,0,0,6.06,1.52,1.52,1.52,0,4.55,10.61,13.64,1.52,7.58,4.55,0,1.52,3.03,0,"Center"
"32972","Kevin Huerter","kevin huerter",2021-06-29,2021,"2020-12-22","2021-07-20",22.839151266256,78,198,2018,1,19,"2018-10-17",2018,TRUE,"G",627,149,1,"Injury/Illness - Right Popliteus; Strain","knee","strain",60,22,69,34.72,99,1,41.62,11.5,10.14,89.86,73.91,56.52,21.74,13.04,0,4.35,0,0,8.7,15.94,8.7,0,14.49,10.14,7.25,5.8,0,20.29,5.8,7.25,7.25,5.8,1.45,0,31.88,0,13.04,2.9,2.9,1.45,1.45,2.9,1.45,1.45,1.45,0,0,0,17.39,2.9,1.45,0,15.94,10.14,2.9,2.9,0,2.9,5.8,5.8,1.45,4.35,4.35,2.9,11.59,1.45,0,"Guard"
"32972","Kevin Huerter","kevin huerter",2021-06-27,2021,"2020-12-22","2021-07-20",22.8336755646817,78,198,2018,1,19,"2018-10-17",2018,TRUE,"G",629,150,1,"Injury/Illness - Right Popliteus; Strain","knee","strain",58,21,69,27.02,85.5,55.19,0,13.8,10.14,89.86,79.71,63.77,15.94,11.59,0,5.8,1.45,0,4.35,13.04,10.14,0,13.04,10.14,11.59,5.8,4.35,18.84,2.9,7.25,7.25,5.8,0,1.45,26.09,0,15.94,0,2.9,1.45,2.9,2.9,5.8,0,0,0,0,0,11.59,0,0,0,11.59,4.35,0,0,0,2.9,4.35,14.49,4.35,10.14,4.35,4.35,4.35,0,1.45,"Guard"
"32972","Kevin Huerter","kevin huerter",2021-06-23,2021,"2020-12-22","2021-07-20",22.8227241615332,78,198,2018,1,19,"2018-10-17",2018,TRUE,"G",633,152,1,"Injury/Illness - Right Popliteus; Strain","knee","strain",54,19,87,79.38,99,7.91,3.47,12.43,3.45,91.95,73.56,56.32,17.24,13.79,1.15,10.34,0,2.3,3.45,17.24,8.05,1.15,14.94,6.9,0,4.6,0,19.54,6.9,11.49,12.64,10.34,2.3,0,21.84,1.15,11.49,2.3,1.15,3.45,3.45,0,1.15,4.6,1.15,3.45,1.15,0,14.94,2.3,0,0,12.64,0,4.6,4.6,0,2.3,9.2,5.75,1.15,4.6,3.45,12.64,1.15,0,0,"Guard"
"18661","Serge Ibaka","serge ibaka",2021-11-17,2022,"2021-10-19","2022-06-16",32.1642710472279,82,235,2008,1,24,"2009-10-29",2009,FALSE,"F",410,74,0,NA,NA,NA,140,2,75,25.29,7.28,63.35,99,15,9.33,96,78.67,65.33,20,13.33,10.67,0,2.67,0,6.67,13.33,8,2.67,16,18.67,5.33,4,1.33,22.67,10.67,8,2.67,0,1.33,1.33,30.67,2.67,10.67,2.67,4,2.67,0,1.33,1.33,8,8,0,0,0,4,1.33,0,0,2.67,0,8,6.67,1.33,1.33,9.33,6.67,0,4,4,10.67,5.33,5.33,0,"Forward"
"18661","Serge Ibaka","serge ibaka",2019-05-16,2019,"2018-12-20","2019-06-13",29.6563997262149,82,235,2008,1,24,"2009-10-29",2009,FALSE,"F",178,19,1,"Injury/Illness - Right ankle sprain","ankle","sprain",145,56,103,67.21,5.86,90.18,49.98,11.44,15.53,94.17,79.61,58.25,16.5,8.74,7.77,0,0,0.97,7.77,15.53,11.65,0,14.56,8.74,5.83,5.83,0,17.48,9.71,7.77,3.88,0,1.94,1.94,27.18,3.88,12.62,2.91,0,2.91,3.88,1.94,1.94,3.88,2.91,0.97,0.97,0,3.88,2.91,0,0,0.97,0,3.88,3.88,0,0.97,6.8,10.68,1.94,6.8,6.8,0,4.85,3.88,0,"Forward"
"Youtube/3156.mp3","Serge Ibaka","serge ibaka",2020-09-05,2020,"2019-10-22","2020-10-11",30.9650924024641,82,235,2008,1,24,"2009-10-29",2009,FALSE,"F",191,42,1,"Injury/Illness - Lower Back; Tightness","back","tightness",22,7,363,9.47,99,74.59,67.94,9.31,8.26,96.69,81.27,60.88,25.07,20.66,2.2,8.26,6.06,0.28,4.41,10.47,5.51,0.55,10.47,9.37,7.16,7.16,1.1,23.42,5.51,2.75,11.85,8.26,3.03,0.55,30.3,2.48,13.22,6.89,1.1,2.2,1.38,0,2.2,5.23,4.13,1.1,1.1,1.1,22.31,3.03,0.55,1.1,19.28,4.13,4.13,2.48,1.65,0.28,15.98,8.82,2.48,4.68,9.37,2.2,7.71,1.38,2.75,"Forward"
"13873","Andre Iguodala","andre iguodala",2022-06-16,2022,"2021-10-19","2022-06-16",38.3819301848049,78,215,2004,1,9,"2004-11-04",2004,FALSE,"F",228,3,1,"Injury/Illness - Right Hip; Strain","hip","strain",11,2,109,61.1,80.33,95.58,63.58,109,12.84,92.66,74.31,56.88,12.84,8.26,0.92,0.92,3.67,2.75,4.59,13.76,7.34,3.67,12.84,4.59,2.75,11.93,0.92,14.68,5.5,7.34,9.17,2.75,5.5,1.83,15.6,1.83,8.26,1.83,0.92,0.92,0.92,0,4.59,4.59,3.67,0.92,0.92,0.92,11.01,2.75,0.92,0.92,9.17,0,1.83,0.92,0.92,0.92,10.09,12.84,5.5,10.09,5.5,4.59,0,0,0,"Forward"
"13873","Andre Iguodala","andre iguodala",2022-06-15,2022,"2021-10-19","2022-06-16",38.3791923340178,78,215,2004,1,9,"2004-11-04",2004,FALSE,"F",229,4,1,"Injury/Illness - Right Hip; Strain","hip","strain",10,2,58,63.33,15.13,99,20.23,11.6,17.24,100,62.07,50,13.79,10.34,10.34,0,0,0,3.45,13.79,10.34,0,12.07,10.34,6.9,3.45,0,18.97,6.9,0,10.34,6.9,1.72,1.72,25.86,1.72,6.9,0,1.72,0,3.45,0,1.72,3.45,1.72,1.72,0,0,8.62,1.72,0,0,6.9,1.72,8.62,6.9,1.72,1.72,10.34,18.97,3.45,13.79,13.79,1.72,8.62,3.45,1.72,"Forward"
"13873","Andre Iguodala","andre iguodala",2022-06-01,2022,"2021-10-19","2022-06-16",38.3408624229979,78,215,2004,1,9,"2004-11-04",2004,FALSE,"F",4,1,1,"Injury/Illness - Right Knee; Inflammation","knee","inflammation",6,0,82,4.45,98.98,4.11,0,16.4,10.98,82.93,76.83,59.76,30.49,24.39,4.88,0,6.1,3.66,6.1,15.85,4.88,0,8.54,9.76,2.44,7.32,2.44,24.39,4.88,3.66,1.22,0,1.22,0,21.95,0,12.2,7.32,1.22,1.22,0,0,2.44,0,0,0,0,0,24.39,3.66,0,1.22,20.73,9.76,1.22,0,1.22,3.66,3.66,4.88,0,2.44,1.22,2.44,9.76,0,0,"Forward"
"13873","Andre Iguodala","andre iguodala",2019-06-12,2019,"2018-12-20","2019-06-13",35.3702943189596,78,215,2004,1,9,"2004-11-04",2004,FALSE,"F",596,59,1,"Injury/Illness - Neck; Spasms","neck","spasm",23,5,74,24.47,83.39,5.81,20.23,10.57,9.46,91.89,72.97,62.16,14.86,6.76,0,4.05,2.7,0,8.11,13.51,8.11,1.35,12.16,13.51,9.46,5.41,2.7,20.27,1.35,8.11,8.11,4.05,4.05,0,31.08,2.7,17.57,2.7,0,2.7,5.41,4.05,2.7,5.41,2.7,2.7,0,0,6.76,0,0,0,6.76,0,2.7,1.35,1.35,2.7,8.11,8.11,0,5.41,1.35,6.76,4.05,0,0,"Forward"
"13873","Andre Iguodala","andre iguodala",2019-06-06,2019,"2018-12-20","2019-06-13",35.3538672142368,78,215,2004,1,9,"2004-11-04",2004,FALSE,"F",602,61,1,"Injury/Illness - Neck; Spasms","neck","spasm",17,3,63,42.52,7.41,56.69,43.94,15.75,9.52,93.65,74.6,57.14,19.05,6.35,6.35,0,0,0,12.7,15.87,9.52,0,12.7,7.94,6.35,4.76,3.17,23.81,1.59,0,0,0,0,0,31.75,3.17,20.63,4.76,1.59,3.17,7.94,3.17,0,4.76,3.17,1.59,3.17,3.17,1.59,0,0,0,1.59,1.59,1.59,0,1.59,4.76,11.11,9.52,3.17,6.35,1.59,1.59,7.94,6.35,0,"Forward"
"13873","Andre Iguodala","andre iguodala",2019-06-04,2019,"2018-12-20","2019-06-13",35.3483915126626,78,215,2004,1,9,"2004-11-04",2004,FALSE,"F",604,62,1,"Injury/Illness - Neck; Spasms","neck","spasm",15,2,53,98.75,51.31,79.41,0,26.5,11.32,98.11,79.25,54.72,7.55,5.66,1.89,3.77,0,0,1.89,18.87,11.32,3.77,22.64,3.77,3.77,5.66,0,16.98,7.55,7.55,11.32,3.77,7.55,1.89,32.08,0,18.87,3.77,3.77,5.66,1.89,0,3.77,0,0,0,0,0,5.66,1.89,0,0,3.77,0,5.66,5.66,0,0,9.43,13.21,0,11.32,7.55,0,3.77,1.89,0,"Forward"
"13873","Andre Iguodala","andre iguodala",2019-06-01,2019,"2018-12-20","2019-06-13",35.3401779603012,78,215,2004,1,9,"2004-11-04",2004,FALSE,"F",607,63,1,"Injury/Illness - Neck; Spasms","neck","spasm",12,1,53,18.67,99,29.13,49.04,13.25,26.42,94.34,83.02,62.26,18.87,15.09,1.89,7.55,3.77,1.89,3.77,11.32,3.77,0,13.21,13.21,9.43,1.89,1.89,30.19,3.77,1.89,15.09,7.55,7.55,1.89,32.08,0,20.75,5.66,3.77,5.66,3.77,1.89,1.89,1.89,1.89,0,1.89,1.89,18.87,3.77,0,1.89,15.09,1.89,1.89,0,1.89,1.89,7.55,9.43,3.77,3.77,3.77,11.32,5.66,1.89,0,"Forward"
"13873","Andre Iguodala","andre iguodala",2019-05-29,2019,"2018-12-20","2019-06-13",35.3319644079398,78,215,2004,1,9,"2004-11-04",2004,FALSE,"F",610,64,1,"Injury/Illness - Neck; Spasms","neck","spasm",9,0,81,51.55,99,43.97,20.23,11.57,18.52,93.83,75.31,62.96,14.81,8.64,0,8.64,0,0,6.17,18.52,8.64,0,14.81,6.17,11.11,7.41,0,12.35,9.88,8.64,9.88,9.88,0,0,19.75,2.47,8.64,2.47,1.23,0,1.23,0,2.47,4.94,2.47,2.47,0,0,11.11,1.23,1.23,0,11.11,0,0,0,0,3.7,4.94,13.58,2.47,6.17,3.7,0,6.17,2.47,0,"Forward"
"13873","Andre Iguodala","andre iguodala",2019-05-15,2019,"2018-12-20","2019-06-13",35.2936344969199,78,215,2004,1,9,"2004-11-04",2004,FALSE,"F",5,2,1,"Injury/Illness - Left Calf Tightness","calf","tightness",91,31,86,9.68,95.28,8.25,95.15,21.5,9.3,91.86,79.07,68.6,17.44,10.47,0,4.65,1.16,3.49,6.98,17.44,4.65,4.65,16.28,9.3,10.47,16.28,1.16,13.95,2.33,6.98,11.63,6.98,2.33,3.49,18.6,0,12.79,0,2.33,2.33,2.33,2.33,4.65,5.81,5.81,0,2.33,2.33,13.95,3.49,2.33,1.16,12.79,1.16,0,0,0,0,5.81,6.98,0,6.98,2.33,0,5.81,0,0,"Forward"
"31851","Ersan Ilyasova","ersan ilyasova",2019-05-17,2019,"2018-12-20","2019-06-13",32.0054757015743,81,235,2005,2,36,"2005-11-02",2005,FALSE,"PF",454,67,1,"Injury/Illness - Right Elbow; Sprain","elbow","sprain",136,53,112,40.77,86.29,77.71,75.77,28,6.25,91.07,76.79,64.29,18.75,11.61,4.46,7.14,0,0,7.14,18.75,11.61,2.68,11.61,8.93,7.14,7.14,0.89,16.96,5.36,3.57,8.93,8.04,0.89,0,24.11,2.68,14.29,3.57,0.89,1.79,3.57,0.89,3.57,3.57,3.57,0,0,0,13.39,3.57,0.89,0.89,10.71,0,4.46,2.68,0.89,0,6.25,9.82,1.79,8.04,2.68,1.79,3.57,1.79,0,"Forward"
"33385","Joe Ingles","joe ingles",2021-06-12,2021,"2020-12-22","2021-07-20",33.6947296372348,80,220,NA,NA,NA,"2014-10-30",2014,FALSE,"F",202,37,1,"Injury/Illness - Left Low Back; Strain","back","strain",904,208,87,71.18,40.06,75.03,36.68,17.4,10.34,96.55,82.76,62.07,16.09,12.64,4.6,2.3,0,2.3,3.45,22.99,11.49,1.15,12.64,9.2,2.3,5.75,0,20.69,11.49,13.79,4.6,3.45,1.15,0,29.89,0,18.39,4.6,2.3,0,2.3,2.3,6.9,1.15,1.15,0,0,0,10.34,2.3,1.15,0,9.2,3.45,5.75,5.75,0,0,3.45,8.05,1.15,5.75,2.3,10.34,4.6,0,0,"Forward"
"33385","Joe Ingles","joe ingles",2021-06-10,2021,"2020-12-22","2021-07-20",33.6892539356605,80,220,NA,NA,NA,"2014-10-30",2014,FALSE,"F",204,38,1,"Injury/Illness - Left Low Back; Strain","back","strain",902,207,160,17.76,72.42,32.54,28.59,26.67,11.25,91.25,81.25,64.37,19.38,11.88,3.75,4.38,0,0,7.5,12.5,5.62,1.88,13.12,7.5,8.75,10.63,1.25,20,2.5,3.75,6.88,5.63,0.63,0.63,28.13,0.63,17.5,4.38,1.25,3.13,3.13,1.88,3.75,3.13,1.88,1.25,1.25,0.63,12.5,3.75,1.25,0.63,10,1.88,1.25,1.25,0,2.5,10,4.38,1.88,2.5,3.75,2.5,5,0.63,1.88,"Forward"
"22420","Kyrie Irving","kyrie irving",2019-02-16,2019,"2018-12-20","2019-06-13",26.90212183436,74,195,2011,1,1,"2011-12-27",2011,TRUE,"G",18,8,1,"Injury/Illness - Left Thigh Contusion","thigh","contusion",3,0,122,31.41,40.06,87.98,82.25,17.43,11.48,90.98,73.77,59.84,18.03,12.3,5.74,0,0,0.82,5.74,11.48,5.74,0,15.57,12.3,6.56,7.38,0,19.67,6.56,2.46,3.28,0.82,2.46,0,27.87,0.82,11.48,3.28,0.82,0,0.82,0.82,4.1,4.1,4.1,0,2.46,2.46,9.84,0,0,0,9.84,8.2,4.92,1.64,2.46,1.64,0.82,12.3,3.28,6.56,7.38,4.1,5.74,4.1,0,"Guard"
"22420","Kyrie Irving","kyrie irving",2023-02-18,2023,"2022-10-18","2023-06-12",30.9075975359343,74,195,2011,1,1,"2011-12-27",2011,TRUE,"G",254,19,1,"Injury/Illness - Left Foot; Sprain","foot","sprain",3,0,74,63.05,40.06,91.47,62.77,14.8,18.92,85.14,72.97,56.76,12.16,10.81,5.41,1.35,2.7,0,1.35,12.16,9.46,1.35,14.86,6.76,12.16,4.05,1.35,16.22,2.7,2.7,1.35,1.35,0,0,21.62,1.35,12.16,4.05,1.35,2.7,0,1.35,2.7,4.05,2.7,0,2.7,1.35,9.46,1.35,0,1.35,5.41,1.35,0,0,0,1.35,6.76,10.81,4.05,8.11,5.41,4.05,0,2.7,2.7,"Guard"
"22420","Kyrie Irving","kyrie irving",2024-06-17,2024,"2023-10-24","2024-06-17",32.2354551676934,74,195,2011,1,1,"2011-12-27",2011,TRUE,"G",150,11,1,"Injury/Illness - Right Shoulder; Strain","shoulder","strain",135,52,89,19.11,82.46,78.52,72.98,22.25,10.11,98.88,85.39,66.29,21.35,11.24,5.62,5.62,0,0,10.11,20.22,6.74,2.25,12.36,11.24,8.99,5.62,0,17.98,8.99,10.11,11.24,6.74,4.49,1.12,32.58,1.12,15.73,7.87,3.37,2.25,2.25,2.25,0,3.37,3.37,0,1.12,1.12,10.11,3.37,1.12,2.25,7.87,1.12,0,0,0,1.12,7.87,2.25,0,2.25,8.99,7.87,5.62,0,0,"Guard"
"22420","Kyrie Irving","kyrie irving",2024-06-16,2024,"2023-10-24","2024-06-17",32.2327173169062,74,195,2011,1,1,"2011-12-27",2011,TRUE,"G",151,12,1,"Injury/Illness - Right Shoulder; Strain","shoulder","strain",134,52,54,12.89,92.24,52.89,20.23,27,11.11,96.3,85.19,70.37,20.37,16.67,3.7,9.26,3.7,0,3.7,12.96,1.85,1.85,16.67,9.26,7.41,9.26,3.7,20.37,5.56,1.85,14.81,9.26,3.7,1.85,25.93,0,18.52,3.7,0,5.56,3.7,0,7.41,7.41,3.7,3.7,1.85,1.85,16.67,3.7,0,0,12.96,0,5.56,3.7,1.85,1.85,3.7,9.26,0,9.26,0,1.85,5.56,0,1.85,"Guard"
"22420","Kyrie Irving","kyrie irving",2024-06-06,2024,"2023-10-24","2024-06-17",32.2053388090349,74,195,2011,1,1,"2011-12-27",2011,TRUE,"G",161,15,1,"Injury/Illness - Right Shoulder; Strain","shoulder","strain",124,48,50,97.77,94.01,75.94,95.9,10,18,96,76,56,10,6,0,2,4,0,4,14,10,4,24,2,10,2,0,18,4,4,8,4,4,2,8,0,6,4,0,0,0,0,2,8,6,0,4,2,8,2,2,0,8,0,2,2,0,6,16,14,4,10,2,0,0,8,0,"Guard"
"Youtube/2446.mp3","Kyrie Irving","kyrie irving",2024-04-10,2024,"2023-10-24","2024-06-17",32.0492813141684,74,195,2011,1,1,"2011-12-27",2011,TRUE,"G",218,33,1,"Injury/Illness - Right Shoulder; Strain","shoulder","strain",67,30,1406,18.66,97.3,73.32,60.46,16.94,13.3,94.81,79.94,64.37,20.55,13.23,2.63,4.98,3.77,0.64,7.33,15.08,6.05,1.42,14.44,10.74,7.33,9.03,1.14,20.27,5.83,4.91,9.53,6.26,2.77,0.78,23.97,0.92,10.67,3.84,1.35,1.14,1.28,0.57,3.13,3.7,3.06,0.5,0.92,0.64,15.01,2.49,0.64,1.07,12.66,1.78,3.49,1.49,1.49,1.07,8.53,10.53,1.49,7.25,5.41,4.48,5.76,2.42,1.56,"Guard"
"Youtube/5328.mp3","Kyrie Irving","kyrie irving",2024-03-31,2024,"2023-10-24","2024-06-17",32.0219028062971,74,195,2011,1,1,"2011-12-27",2011,TRUE,"G",228,39,1,"Injury/Illness - Right Shoulder; Strain","shoulder","strain",57,24,1455,12.79,90.85,72.26,69.96,19.66,12.03,94.64,79.45,63.44,21.31,13.61,4.4,2.47,4.19,0.69,7.7,15.26,5.98,1.37,12.65,11.34,7.35,9.14,1.03,21.99,6.53,4.74,6.46,3.51,1.58,1.65,26.25,1.03,13.88,5.91,1.58,1.92,1.92,0.48,2.75,4.47,3.78,0.62,0.96,0.69,15.6,3.78,1.44,1.79,12.03,2.2,2.68,0.96,1.44,1.24,9,7.84,2.13,5.22,4.6,3.57,5.29,3.02,1.99,"Guard"
"40907","Jaden Ivey","jaden ivey",2023-02-18,2023,"2022-10-18","2023-06-12",21.0130047912389,75,195,2022,1,5,"2022-10-19",2022,FALSE,"G",634,108,1,"Injury/Illness - Right Great Toe; Sprain","toe","sprain",122,55,53,75.29,40.06,93.37,49.04,26.5,13.21,86.79,64.15,49.06,11.32,7.55,5.66,0,0,1.89,3.77,15.09,9.43,1.89,9.43,7.55,0,7.55,0,16.98,3.77,5.66,7.55,0,5.66,1.89,26.42,7.55,11.32,5.66,0,0,5.66,0,0,5.66,3.77,1.89,1.89,0,7.55,1.89,0,1.89,5.66,0,0,0,0,0,7.55,13.21,3.77,5.66,5.66,9.43,0,1.89,0,"Guard"
"Youtube/2364.mp3","Isaiah Jackson","isaiah jackson",2023-04-10,2023,"2022-10-18","2023-06-12",21.2457221081451,80,205,2021,1,22,"2021-10-20",2021,TRUE,"F",284,34,1,"Injury/Illness - Not Available; Concussion","head","concussion",138,47,1232,25.51,30.13,94.03,67.53,13.25,8.85,96.1,80.44,65.42,22.73,13.88,9.09,1.62,1.14,0.41,8.85,14.29,6.82,0.73,15.67,8.36,8.36,7.71,0.57,17.45,4.55,4.06,6.82,2.92,2.76,1.38,25.73,1.14,13.23,5.76,0.89,1.79,2.27,0.89,1.14,3.81,3.33,0.32,0.89,0.73,8.93,3,1.06,1.3,6.33,2.11,2.03,0.97,0.89,0.73,14.04,9.25,1.87,6.66,5.6,3.33,6.25,1.79,1.79,"Forward"
"Youtube/5706.mp3","Isaiah Jackson","isaiah jackson",2023-04-10,2023,"2022-10-18","2023-06-12",21.2457221081451,80,205,2021,1,22,"2021-10-20",2021,TRUE,"F",284,34,1,"Injury/Illness - Not Available; Concussion","head","concussion",138,47,1232,25.51,30.13,94.03,67.53,13.11,8.85,96.1,80.44,65.42,22.73,13.88,9.09,1.62,1.14,0.41,8.85,14.29,6.82,0.73,15.67,8.36,8.36,7.71,0.57,17.45,4.55,4.06,6.82,2.92,2.76,1.38,25.73,1.14,13.23,5.76,0.89,1.79,2.27,0.89,1.14,3.81,3.33,0.32,0.89,0.73,8.93,3,1.06,1.3,6.33,2.11,2.03,0.97,0.89,0.73,14.04,9.25,1.87,6.66,5.6,3.33,6.25,1.79,1.79,"Forward"
"26402","Reggie Jackson","reggie jackson",2021-06-30,2021,"2020-12-22","2021-07-20",31.2060232717317,74,208,2011,1,24,"2011-12-26",2011,FALSE,"PG",533,106,1,"Injury/Illness - Left Achilles; Inflammation","achilles","inflammation",527,126,103,30.46,78,31.95,66.14,10.3,23.3,93.2,71.84,55.34,16.5,6.8,1.94,3.88,0.97,0,9.71,14.56,5.83,0,11.65,7.77,6.8,4.85,4.85,15.53,5.83,5.83,14.56,5.83,7.77,1.94,33.01,6.8,15.53,2.91,2.91,2.91,3.88,0.97,0.97,10.68,6.8,3.88,4.85,3.88,14.56,6.8,1.94,1.94,9.71,0.97,2.91,0,2.91,0.97,5.83,7.77,1.94,4.85,5.83,5.83,2.91,0,0,"Guard"
"26402","Reggie Jackson","reggie jackson",2021-06-26,2021,"2020-12-22","2021-07-20",31.1950718685832,74,208,2011,1,24,"2011-12-26",2011,FALSE,"PG",537,108,1,"Injury/Illness - Left Achilles; Inflammation","achilles","inflammation",523,124,54,71.02,72.07,52.89,99,10.8,14.81,96.3,77.78,61.11,12.96,9.26,3.7,5.56,0,0,3.7,16.67,3.7,1.85,18.52,11.11,5.56,1.85,0,22.22,12.96,11.11,12.96,5.56,5.56,1.85,22.22,0,16.67,9.26,1.85,3.7,0,1.85,1.85,14.81,11.11,3.7,3.7,0,9.26,3.7,0,0,5.56,0,7.41,7.41,0,1.85,9.26,12.96,1.85,5.56,0,1.85,7.41,5.56,0,"Guard"
"26402","Reggie Jackson","reggie jackson",2021-06-24,2021,"2020-12-22","2021-07-20",31.1895961670089,74,208,2011,1,24,"2011-12-26",2011,FALSE,"PG",539,109,1,"Injury/Illness - Left Achilles; Inflammation","achilles","inflammation",521,123,86,76.62,99,29.27,99,12.29,8.14,91.86,79.07,55.81,15.12,12.79,0,5.81,0,6.98,2.33,15.12,9.3,0,13.95,6.98,2.33,4.65,1.16,23.26,5.81,3.49,10.47,8.14,2.33,0,19.77,0,10.47,3.49,2.33,2.33,3.49,0,1.16,10.47,10.47,0,1.16,1.16,19.77,6.98,4.65,0,15.12,0,0,0,0,4.65,13.95,6.98,2.33,6.98,3.49,8.14,6.98,0,0,"Guard"
"26402","Reggie Jackson","reggie jackson",2021-06-20,2021,"2020-12-22","2021-07-20",31.1786447638604,74,208,2011,1,24,"2011-12-26",2011,FALSE,"PG",543,111,1,"Injury/Illness - Left Achilles; Inflammation","achilles","inflammation",517,121,130,29.02,96.64,63.35,93.01,10,10,96.15,76.92,53.08,17.69,12.31,0,7.69,0.77,3.85,5.38,13.85,3.85,2.31,13.08,8.46,6.15,6.15,2.31,27.69,7.69,6.15,10.77,9.23,0.77,0.77,21.54,1.54,11.54,0.77,3.08,0.77,0.77,0.77,6.15,8.46,6.92,1.54,0.77,0,16.15,3.85,1.54,0,13.85,0,6.15,5.38,0.77,5.38,11.54,14.62,2.31,10,1.54,3.08,6.15,10.77,0.77,"Guard"
"26402","Reggie Jackson","reggie jackson",2021-06-18,2021,"2020-12-22","2021-07-20",31.1731690622861,74,208,2011,1,24,"2011-12-26",2011,FALSE,"PG",545,112,1,"Injury/Illness - Left Achilles; Inflammation","achilles","inflammation",515,120,55,2.01,99,25.81,47.86,5.5,18.18,94.55,72.73,60,21.82,10.91,1.82,9.09,0,0,10.91,20,3.64,0,5.45,12.73,10.91,3.64,3.64,18.18,7.27,3.64,25.45,21.82,1.82,1.82,36.36,7.27,12.73,3.64,0,0,0,5.45,3.64,5.45,3.64,1.82,1.82,1.82,25.45,10.91,9.09,0,23.64,3.64,0,0,0,0,5.45,1.82,0,1.82,3.64,1.82,10.91,0,3.64,"Guard"
"26402","Reggie Jackson","reggie jackson",2021-06-16,2021,"2020-12-22","2021-07-20",31.1676933607118,74,208,2011,1,24,"2011-12-26",2011,FALSE,"PG",547,113,1,"Injury/Illness - Left Achilles; Inflammation","achilles","inflammation",513,119,55,6.68,80.05,37.49,76.62,27.5,23.64,92.73,80,58.18,18.18,10.91,0,0,0,0,7.27,14.55,1.82,1.82,10.91,12.73,7.27,9.09,1.82,23.64,7.27,9.09,1.82,0,0,1.82,30.91,3.64,10.91,1.82,0,0,1.82,1.82,3.64,7.27,5.45,1.82,1.82,0,16.36,3.64,0,1.82,12.73,10.91,5.45,3.64,1.82,0,10.91,12.73,3.64,9.09,9.09,5.45,12.73,3.64,0,"Guard"
"26402","Reggie Jackson","reggie jackson",2021-06-12,2021,"2020-12-22","2021-07-20",31.1567419575633,74,208,2011,1,24,"2011-12-26",2011,FALSE,"PG",551,115,1,"Injury/Illness - Left Achilles; Inflammation","achilles","inflammation",509,117,56,35.59,99,97.09,47.3,28,7.14,96.43,83.93,62.5,16.07,10.71,0,8.93,1.79,0,5.36,8.93,3.57,0,17.86,7.14,5.36,14.29,0,25,3.57,1.79,21.43,8.93,8.93,3.57,17.86,1.79,12.5,7.14,0,1.79,1.79,1.79,1.79,1.79,1.79,0,0,0,10.71,0,0,0,10.71,0,8.93,3.57,5.36,1.79,17.86,19.64,7.14,14.29,0,5.36,1.79,7.14,0,"Guard"
"26402","Reggie Jackson","reggie jackson",2021-06-10,2021,"2020-12-22","2021-07-20",31.1512662559891,74,208,2011,1,24,"2011-12-26",2011,FALSE,"PG",553,116,1,"Injury/Illness - Left Achilles; Inflammation","achilles","inflammation",507,116,61,69.49,99,37.69,44.83,12.2,11.48,93.44,80.33,54.1,24.59,18.03,1.64,11.48,0,1.64,6.56,8.2,4.92,0,16.39,3.28,0,3.28,0,19.67,6.56,8.2,19.67,13.11,3.28,3.28,19.67,0,14.75,3.28,4.92,1.64,1.64,0,3.28,4.92,3.28,1.64,0,0,21.31,4.92,1.64,0,16.39,3.28,3.28,1.64,1.64,3.28,8.2,11.48,3.28,9.84,0,6.56,1.64,0,0,"Guard"
"26402","Reggie Jackson","reggie jackson",2021-06-06,2021,"2020-12-22","2021-07-20",31.1403148528405,74,208,2011,1,24,"2011-12-26",2011,FALSE,"PG",557,118,1,"Injury/Illness - Left Achilles; Inflammation","achilles","inflammation",503,114,108,44.1,40.06,52.89,93.93,18,7.41,95.37,80.56,61.11,22.22,18.52,9.26,0.93,0,0,3.7,9.26,5.56,0,19.44,8.33,3.7,8.33,0.93,20.37,8.33,1.85,8.33,4.63,4.63,0,16.67,0,5.56,1.85,0.93,0,0.93,0,1.85,9.26,7.41,1.85,3.7,2.78,16.67,5.56,1.85,0.93,11.11,9.26,0.93,0.93,0,2.78,11.11,12.96,2.78,8.33,2.78,4.63,8.33,0,0,"Guard"
"26402","Reggie Jackson","reggie jackson",2021-06-04,2021,"2020-12-22","2021-07-20",31.1348391512663,74,208,2011,1,24,"2011-12-26",2011,FALSE,"PG",559,119,1,"Injury/Illness - Left Achilles; Inflammation","achilles","inflammation",501,113,103,50.17,99,8.85,99,17.17,9.71,94.17,77.67,65.05,20.39,13.59,0,5.83,0.97,0,6.8,16.5,9.71,1.94,14.56,11.65,4.85,3.88,0,18.45,3.88,8.74,11.65,8.74,2.91,0,17.48,1.94,3.88,0.97,0,0.97,0,0,0.97,8.74,8.74,0,0.97,0.97,17.48,3.88,2.91,0,14.56,6.8,3.88,0,2.91,2.91,9.71,18.45,1.94,10.68,3.88,4.85,3.88,0,0,"Guard"
"26402","Reggie Jackson","reggie jackson",2021-06-01,2021,"2020-12-22","2021-07-20",31.1266255989049,74,208,2011,1,24,"2011-12-26",2011,FALSE,"PG",562,121,1,"Injury/Illness - Left Achilles; Inflammation","achilles","inflammation",498,112,65,78.5,96.64,95.87,96.43,21.67,18.46,96.92,75.38,55.38,18.46,10.77,1.54,7.69,0,1.54,7.69,20,12.31,3.08,13.85,6.15,4.62,3.08,0,20,3.08,6.15,9.23,7.69,1.54,0,27.69,0,15.38,3.08,1.54,3.08,4.62,0,3.08,6.15,6.15,0,1.54,1.54,13.85,3.08,0,0,10.77,0,3.08,0,0,1.54,13.85,21.54,6.15,12.31,4.62,1.54,7.69,7.69,0,"Guard"
"26402","Reggie Jackson","reggie jackson",2021-05-25,2021,"2020-12-22","2021-07-20",31.1074606433949,74,208,2011,1,24,"2011-12-26",2011,FALSE,"PG",569,123,1,"Injury/Illness - Left Achilles; Inflammation","achilles","inflammation",491,109,159,21.33,97.81,91.79,59.71,17.67,9.43,94.97,73.58,59.12,18.24,14.47,1.89,6.92,0,4.4,3.77,10.06,6.29,0,14.47,12.58,7.55,7.55,1.89,22.64,6.29,3.14,13.21,7.55,1.89,3.77,24.53,0.63,11.32,5.03,1.89,0,0.63,0,4.4,6.29,4.4,1.89,2.52,1.89,18.24,1.89,0.63,0,16.35,3.77,3.77,2.52,0.63,1.89,10.69,10.06,3.77,6.92,5.03,1.26,4.4,7.55,0,"Guard"
"26402","Reggie Jackson","reggie jackson",2020-07-17,2020,"2019-10-22","2020-10-11",30.2532511978097,74,208,2011,1,24,"2011-12-26",2011,FALSE,"PG",881,212,1,"Injury/Illness - Left Achilles; Inflammation","achilles","inflammation",179,21,151,6.62,99,53.07,61.92,18.88,15.89,92.05,82.78,67.55,24.5,12.58,1.32,7.95,1.32,1.99,11.92,11.26,7.28,0,15.23,15.89,8.61,8.61,1.32,26.49,5.96,1.99,10.6,8.61,1.99,0,32.45,1.99,14.57,3.31,3.31,0.66,1.99,1.99,3.31,2.65,2.65,0,0,0,15.23,1.32,0,0.66,13.91,0.66,2.65,0.66,1.32,0.66,9.27,10.6,1.32,6.62,3.31,3.31,9.93,5.3,0,"Guard"
"38228","Trayce Jackson-Davis","trayce jacksondavis",2025-05-15,2025,"2024-10-22","2025-06-22",25.2265571526352,81,245,2023,2,57,"2023-10-25",2023,TRUE,"F",201,12,1,"Injury/Illness - Right Knee; Patellar Tendonitis","knee","inflammation",566,141,62,51.31,59.25,69.74,44.38,15.5,12.9,95.16,79.03,59.68,19.35,12.9,6.45,4.84,1.61,0,6.45,20.97,14.52,0,9.68,6.45,6.45,6.45,1.61,20.97,3.23,4.84,9.68,4.84,3.23,1.61,25.81,0,12.9,3.23,1.61,0,4.84,1.61,1.61,4.84,3.23,1.61,3.23,1.61,11.29,3.23,0,1.61,6.45,0,4.84,1.61,3.23,3.23,9.68,4.84,1.61,1.61,6.45,16.13,1.61,0,0,"Forward"
"13888","LeBron James","lebron james",2022-02-20,2022,"2021-10-19","2022-06-16",37.1416837782341,81,250,2003,1,1,"2003-10-30",2003,FALSE,"F",37,14,1,"Injury/Illness - Left Ankle; Sprain","ankle","sprain",95,35,112,62.1,34.96,98.61,75.77,28,16.96,91.96,73.21,60.71,16.07,12.5,7.14,3.57,0.89,0.89,3.57,16.07,7.14,4.46,16.07,6.25,6.25,5.36,1.79,15.18,3.57,5.36,5.36,3.57,1.79,0,20.54,0.89,12.5,4.46,1.79,2.68,2.68,0,2.68,5.36,4.46,0.89,0.89,0.89,8.93,2.68,0,2.68,6.25,0.89,3.57,3.57,0,0,12.5,15.18,0.89,13.39,4.46,6.25,0.89,0.89,0,"Forward"
"13888","LeBron James","lebron james",2022-02-19,2022,"2021-10-19","2022-06-16",37.138945927447,81,250,2003,1,1,"2003-10-30",2003,FALSE,"F",38,15,1,"Injury/Illness - Left Ankle; Sprain","ankle","sprain",94,35,73,38.1,40.06,99,93.52,24.33,17.81,97.26,72.6,61.64,13.7,9.59,8.22,0,0,1.37,4.11,15.07,5.48,1.37,16.44,8.22,15.07,5.48,0,10.96,6.85,5.48,6.85,5.48,1.37,0,19.18,0,2.74,0,0,0,0,2.74,0,5.48,5.48,0,4.11,4.11,9.59,0,0,0,8.22,1.37,6.85,2.74,2.74,0,16.44,15.07,0,15.07,9.59,4.11,5.48,0,0,"Forward"
"13888","LeBron James","lebron james",2021-03-07,2021,"2020-12-22","2021-07-20",36.1834360027378,81,250,2003,1,1,"2003-10-30",2003,FALSE,"F",14,5,1,"Injury/Illness - Right Ankle; Sprain","ankle","sprain",441,96,82,24.62,47.29,59.99,76.91,11.71,10.98,91.46,73.17,69.51,20.73,9.76,6.1,0,0,1.22,10.98,17.07,8.54,1.22,15.85,13.41,8.54,7.32,0,15.85,2.44,2.44,3.66,1.22,2.44,1.22,23.17,0,9.76,0,2.44,0,0,2.44,3.66,3.66,3.66,0,1.22,1.22,12.2,2.44,1.22,0,10.98,8.54,0,0,0,0,6.1,8.54,1.22,7.32,3.66,4.88,7.32,0,1.22,"Forward"
"13888","LeBron James","lebron james",2020-10-11,2020,"2019-10-22","2020-10-11",35.7809719370294,81,250,2003,1,1,"2003-10-30",2003,FALSE,"F",161,42,1,"Injury/Illness - Right Ankle; Sprain","ankle","sprain",294,59,63,8.2,1,97.09,6.51,21,11.11,90.48,79.37,68.25,28.57,15.87,12.7,0,0,0,12.7,15.87,6.35,0,12.7,12.7,3.17,7.94,1.59,19.05,3.17,4.76,0,0,0,0,31.75,1.59,15.87,4.76,3.17,0,4.76,1.59,3.17,1.59,0,1.59,0,0,3.17,0,0,0,3.17,3.17,3.17,1.59,1.59,0,6.35,4.76,0,4.76,6.35,7.94,4.76,0,0,"Forward"
"13888","LeBron James","lebron james",2020-10-09,2020,"2019-10-22","2020-10-11",35.7754962354552,81,250,2003,1,1,"2003-10-30",2003,FALSE,"F",163,43,1,"Injury/Illness - Right Ankle; Sprain","ankle","sprain",292,58,73,23.64,97.79,99,63.38,18.25,16.44,93.15,75.34,61.64,20.55,17.81,5.48,8.22,4.11,0,2.74,10.96,8.22,0,10.96,6.85,8.22,9.59,0,17.81,2.74,0,12.33,9.59,2.74,0,28.77,1.37,15.07,8.22,4.11,1.37,0,0,4.11,2.74,2.74,0,0,0,13.7,1.37,0,0,12.33,0,2.74,1.37,1.37,2.74,13.7,10.96,0,9.59,8.22,2.74,2.74,4.11,0,"Forward"
"13888","LeBron James","lebron james",2020-10-08,2020,"2019-10-22","2020-10-11",35.772758384668,81,250,2003,1,1,"2003-10-30",2003,FALSE,"F",164,44,1,"Injury/Illness - Right Ankle; Sprain","ankle","sprain",291,58,83,2.12,6.42,95.9,37.57,11.86,19.28,91.57,75.9,66.27,26.51,13.25,9.64,0,1.2,0,13.25,20.48,7.23,0,8.43,14.46,8.43,8.43,1.2,20.48,3.61,0,2.41,0,2.41,1.2,27.71,0,9.64,3.61,1.2,0,0,0,3.61,6.02,3.61,2.41,2.41,0,4.82,0,0,0,4.82,1.2,1.2,1.2,0,1.2,0,7.23,1.2,6.02,3.61,4.82,7.23,3.61,0,"Forward"
"13888","LeBron James","lebron james",2020-10-06,2020,"2019-10-22","2020-10-11",35.7672826830938,81,250,2003,1,1,"2003-10-30",2003,FALSE,"F",166,44,1,"Injury/Illness - Right Ankle; Sprain","ankle","sprain",289,57,92,95.21,85.5,89.39,71.41,18.4,8.7,90.22,76.09,63.04,14.13,11.96,3.26,1.09,3.26,1.09,2.17,19.57,10.87,4.35,21.74,6.52,2.17,4.35,0,14.13,4.35,8.7,3.26,2.17,1.09,0,23.91,0,8.7,2.17,1.09,2.17,1.09,1.09,2.17,3.26,3.26,0,0,0,10.87,2.17,1.09,1.09,9.78,2.17,3.26,2.17,1.09,0,8.7,11.96,1.09,10.87,9.78,5.43,5.43,0,0,"Forward"
"13888","LeBron James","lebron james",2020-10-04,2020,"2019-10-22","2020-10-11",35.7618069815195,81,250,2003,1,1,"2003-10-30",2003,FALSE,"F",168,45,1,"Injury/Illness - Right Ankle; Sprain","ankle","sprain",287,56,79,12.64,75.86,29.73,20.23,13.17,13.92,91.14,77.22,64.56,21.52,12.66,2.53,5.06,1.27,3.8,8.86,17.72,6.33,2.53,11.39,11.39,7.59,3.8,5.06,20.25,5.06,6.33,13.92,8.86,0,5.06,22.78,0,15.19,1.27,3.8,3.8,0,3.8,6.33,2.53,1.27,1.27,2.53,1.27,16.46,6.33,3.8,0,13.92,0,2.53,1.27,1.27,1.27,6.33,6.33,2.53,3.8,2.53,0,10.13,0,0,"Forward"
"13888","LeBron James","lebron james",2020-10-02,2020,"2019-10-22","2020-10-11",35.7563312799452,81,250,2003,1,1,"2003-10-30",2003,FALSE,"F",170,46,1,"Injury/Illness - Right Ankle; Sprain","ankle","sprain",285,55,151,42.06,47.92,62.45,72.13,18.88,15.89,90.07,72.85,62.25,17.88,10.6,6.62,1.32,0.66,1.32,7.28,17.22,8.61,0.66,13.91,7.95,7.95,7.95,0,16.56,1.99,1.99,7.28,1.32,0.66,5.3,16.56,0,9.27,2.65,2.65,0.66,0,2.65,0.66,4.64,3.97,0.66,1.32,1.32,11.26,3.97,1.32,1.32,6.62,1.99,4.64,1.99,2.65,0.66,4.64,11.26,1.32,8.61,1.32,7.28,2.65,1.32,0,"Forward"
"13888","LeBron James","lebron james",2020-10-01,2020,"2019-10-22","2020-10-11",35.7535934291581,81,250,2003,1,1,"2003-10-30",2003,FALSE,"F",171,47,1,"Injury/Illness - Right Ankle; Sprain","ankle","sprain",284,55,128,55.16,99,48.9,6.65,16,9.38,96.09,76.56,67.97,17.97,13.28,0,6.25,2.34,2.34,4.69,16.41,9.38,2.34,21.09,13.28,3.91,7.03,3.13,18.75,3.13,3.13,8.59,6.25,2.34,0,26.56,3.91,13.28,3.91,2.34,2.34,0,0,3.13,4.69,1.56,3.13,1.56,0,16.41,0.78,0,0,15.63,0.78,3.13,2.34,0.78,0,9.38,10.94,2.34,9.38,1.56,0,10.16,5.47,0,"Forward"
"13888","LeBron James","lebron james",2020-09-30,2020,"2019-10-22","2020-10-11",35.750855578371,81,250,2003,1,1,"2003-10-30",2003,FALSE,"F",172,47,1,"Injury/Illness - Right Ankle; Sprain","ankle","sprain",283,54,61,45.55,99,49.37,71.67,12.2,6.56,96.72,78.69,59.02,21.31,16.39,3.28,9.84,1.64,1.64,4.92,13.11,8.2,0,14.75,6.56,4.92,6.56,1.64,21.31,6.56,1.64,11.48,9.84,1.64,0,24.59,0,19.67,11.48,4.92,3.28,1.64,0,1.64,3.28,3.28,0,0,0,13.11,0,0,0,13.11,0,6.56,4.92,0,3.28,4.92,11.48,0,3.28,1.64,8.2,3.28,3.28,0,"Forward"
"13888","LeBron James","lebron james",2020-09-26,2020,"2019-10-22","2020-10-11",35.7399041752224,81,250,2003,1,1,"2003-10-30",2003,FALSE,"F",176,48,1,"Injury/Illness - Right Ankle; Sprain","ankle","sprain",279,53,63,29.12,23.28,90.66,99,12.6,19.05,92.06,74.6,61.9,17.46,14.29,9.52,0,1.59,0,3.17,20.63,6.35,4.76,14.29,9.52,12.7,4.76,0,17.46,6.35,11.11,6.35,4.76,0,1.59,28.57,1.59,14.29,6.35,4.76,0,0,1.59,4.76,11.11,9.52,0,3.17,3.17,14.29,7.94,6.35,0,11.11,4.76,3.17,3.17,0,1.59,6.35,4.76,0,4.76,3.17,7.94,4.76,0,1.59,"Forward"
"13888","LeBron James","lebron james",2020-09-18,2020,"2019-10-22","2020-10-11",35.7180013689254,81,250,2003,1,1,"2003-10-30",2003,FALSE,"F",184,52,1,"Injury/Illness - Right Ankle; Sprain","ankle","sprain",271,49,92,50.78,99,17.84,20.23,23,5.43,90.22,76.09,59.78,16.3,10.87,1.09,9.78,0,0,5.43,16.3,6.52,1.09,14.13,8.7,3.26,7.61,1.09,17.39,5.43,9.78,19.57,13.04,6.52,0,13.04,1.09,5.43,2.17,1.09,1.09,0,0,1.09,2.17,1.09,1.09,0,0,14.13,4.35,1.09,0,10.87,0,4.35,4.35,0,3.26,13.04,7.61,1.09,6.52,2.17,4.35,1.09,2.17,0,"Forward"
"13888","LeBron James","lebron james",2020-09-17,2020,"2019-10-22","2020-10-11",35.7152635181383,81,250,2003,1,1,"2003-10-30",2003,FALSE,"F",185,53,1,"Injury/Illness - Right Ankle; Sprain","ankle","sprain",270,49,56,18.12,1,99,75.77,18.67,5.36,98.21,83.93,64.29,23.21,19.64,19.64,0,0,0,3.57,12.5,3.57,0,19.64,14.29,8.93,3.57,1.79,26.79,7.14,3.57,1.79,0,1.79,0,32.14,0,12.5,1.79,0,1.79,5.36,1.79,1.79,7.14,5.36,1.79,0,0,8.93,8.93,1.79,3.57,0,0,1.79,0,0,3.57,7.14,5.36,1.79,3.57,7.14,10.71,3.57,0,0,"Forward"
"13888","LeBron James","lebron james",2020-02-15,2020,"2019-10-22","2020-10-11",35.1266255989049,81,250,2003,1,1,"2003-10-30",2003,FALSE,"F",400,80,1,"Injury/Illness - Right Ankle; Sprain","ankle","sprain",55,22,64,57.51,49.35,54.55,99,12.8,9.38,92.19,76.56,65.63,10.94,3.13,0,1.56,0,0,7.81,14.06,9.38,1.56,20.31,17.19,12.5,3.13,0,20.31,6.25,4.69,6.25,1.56,4.69,0,23.44,1.56,3.13,0,0,0,0,0,3.13,10.94,9.38,1.56,1.56,1.56,6.25,3.13,0,0,3.13,1.56,4.69,4.69,0,0,10.94,4.69,0,4.69,12.5,1.56,6.25,3.13,0,"Forward"
"13888","LeBron James","lebron james",2019-02-17,2019,"2018-12-20","2019-06-13",34.1327857631759,81,250,2003,1,1,"2003-10-30",2003,FALSE,"F",308,45,1,"Injury/Illness - Thoracic Muscle; Strain","back","strain",19,5,92,84.34,99,94.98,20.23,23,13.04,85.87,68.48,54.35,11.96,8.7,0,4.35,3.26,1.09,3.26,15.22,10.87,2.17,14.13,1.09,7.61,7.61,0,13.04,3.26,4.35,7.61,4.35,1.09,3.26,20.65,0,15.22,4.35,6.52,0,3.26,1.09,1.09,2.17,1.09,1.09,0,0,14.13,2.17,0,0,11.96,0,3.26,3.26,0,4.35,5.43,15.22,5.43,9.78,6.52,5.43,1.09,1.09,0,"Forward"
"13888","LeBron James","lebron james",2019-02-16,2019,"2018-12-20","2019-06-13",34.1300479123888,81,250,2003,1,1,"2003-10-30",2003,FALSE,"F",309,46,1,"Injury/Illness - Thoracic Muscle; Strain","back","strain",18,5,118,14.51,12.61,71.12,45.75,16.86,11.86,94.92,74.58,71.19,19.49,6.78,6.78,0,0,0,12.71,18.64,11.86,0,14.41,16.95,10.17,7.63,2.54,18.64,2.54,1.69,6.78,1.69,3.39,1.69,21.19,2.54,7.63,0,0.85,1.69,0.85,0,4.24,1.69,1.69,0,0,0,7.63,0,0,0,7.63,0.85,4.24,0,4.24,0,1.69,11.86,2.54,7.63,1.69,0.85,11.02,0,0,"Forward"
"13888","LeBron James","lebron james",2023-05-22,2023,"2022-10-18","2023-06-12",38.3901437371663,81,250,2003,1,1,"2003-10-30",2003,FALSE,"F",174,9,1,"Injury/Illness - Left Calf; Contusion","calf","contusion",181,62,65,44.27,5.04,98.89,99,16.25,10.77,93.85,72.31,60,13.85,7.69,6.15,0,1.54,0,6.15,18.46,12.31,0,12.31,13.85,7.69,4.62,3.08,24.62,1.54,1.54,4.62,0,4.62,0,18.46,0,10.77,1.54,0,0,3.08,0,3.08,9.23,9.23,0,0,0,3.08,1.54,1.54,0,1.54,0,6.15,4.62,1.54,3.08,4.62,13.85,6.15,12.31,1.54,4.62,3.08,9.23,0,"Forward"
"13888","LeBron James","lebron james",2023-05-16,2023,"2022-10-18","2023-06-12",38.3737166324435,81,250,2003,1,1,"2003-10-30",2003,FALSE,"F",180,12,1,"Injury/Illness - Left Calf; Contusion","calf","contusion",175,59,67,59.36,99,37.86,7.03,22.33,11.94,89.55,79.1,61.19,20.9,14.93,1.49,7.46,1.49,4.48,5.97,17.91,8.96,1.49,14.93,7.46,2.99,5.97,0,19.4,10.45,8.96,8.96,7.46,0,1.49,14.93,0,8.96,4.48,1.49,0,1.49,0,1.49,1.49,0,1.49,1.49,0,14.93,1.49,0,0,13.43,0,1.49,1.49,0,4.48,8.96,5.97,0,5.97,2.99,7.46,0,5.97,1.49,"Forward"
"13888","LeBron James","lebron james",2023-05-02,2023,"2022-10-18","2023-06-12",38.3353867214237,81,250,2003,1,1,"2003-10-30",2003,FALSE,"F",194,18,1,"Injury/Illness - Left Calf; Contusion","calf","contusion",161,53,56,40.77,99,48.09,98.65,18.67,8.93,96.43,78.57,64.29,16.07,14.29,3.57,10.71,0,0,1.79,12.5,3.57,1.79,21.43,14.29,8.93,5.36,0,21.43,5.36,7.14,16.07,10.71,5.36,0,28.57,0,7.14,1.79,3.57,1.79,0,0,0,7.14,7.14,0,0,0,14.29,1.79,0,1.79,12.5,1.79,7.14,7.14,0,1.79,8.93,3.57,0,3.57,10.71,12.5,5.36,0,0,"Forward"
"13888","LeBron James","lebron james",2023-12-06,2024,"2023-10-24","2024-06-17",38.9322381930185,81,250,2003,1,1,"2003-10-30",2003,FALSE,"F",7,3,1,"Injury/Illness - Left Calf; Contusion","calf","contusion",24,12,64,1,7.67,89.39,20.23,8,15.63,92.19,68.75,59.38,21.88,17.19,9.38,7.81,0,0,4.69,12.5,3.13,4.69,7.81,18.75,4.69,7.81,7.81,29.69,1.56,6.25,15.63,10.94,4.69,0,37.5,3.13,15.63,3.13,0,1.56,3.13,1.56,9.38,6.25,3.13,3.13,0,0,10.94,3.13,3.13,0,10.94,0,7.81,7.81,0,0,9.38,3.13,1.56,3.13,0,0,12.5,7.81,0,"Forward"
"Youtube/3543.mp3","LeBron James","lebron james",2026-04-18,2026,"2025-10-21","2026-06-13",41.2977412731006,81,250,2003,1,1,"2003-10-30",2003,FALSE,"F",23,9,0,NA,NA,NA,39,16,1032,15.51,97.58,68.87,51.58,12.9,11.14,95.35,79.94,64.53,23.16,15.7,4.55,5.33,4.17,0.29,7.46,15.5,6.01,1.65,14.24,11.43,7.27,7.36,0.97,20.74,5.62,5.81,9.69,6.49,2.52,0.87,26.36,2.03,12.31,5.62,1.45,1.94,0.68,1.26,1.55,4.17,2.81,0.78,1.16,0.29,13.47,1.16,0.39,0.29,12.6,1.16,3.59,2.23,0.78,1.36,10.17,7.85,1.84,5.33,5.14,3.88,5.62,3.88,1.55,"Forward"
"38289","Jaime Jaquez Jr.","jaime jaquez jr",2025-02-14,2025,"2024-10-22","2025-06-22",23.9890485968515,78,230,2023,1,18,"2023-10-25",2023,TRUE,"F",16,3,1,"Injury/Illness - Right Ankle; Sprain","ankle","sprain",88,37,58,80.59,60.57,97.87,74.09,11.6,8.62,96.55,68.97,60.34,12.07,3.45,0,0,0,3.45,8.62,18.97,8.62,1.72,20.69,15.52,3.45,3.45,0,17.24,10.34,8.62,3.45,1.72,1.72,0,29.31,3.45,5.17,1.72,1.72,0,0,0,3.45,3.45,3.45,0,1.72,1.72,6.9,0,0,0,6.9,1.72,6.9,5.17,1.72,1.72,12.07,17.24,1.72,12.07,10.34,3.45,6.9,0,0,"Forward"
"Youtube/1287.mp3","Isaiah Joe","isaiah joe",2026-03-15,2026,"2025-10-21","2026-06-13",26.7022587268994,76,165,2020,2,49,"2020-12-24",2020,TRUE,"G",74,25,0,NA,NA,NA,92,41,490,45.77,83.6,57.66,65.27,12.25,9.8,93.88,79.59,63.06,19.8,11.63,2.65,2.86,1.22,1.02,8.16,17.96,9.18,1.02,14.9,8.57,6.73,5.71,1.22,18.37,5.31,5.51,7.14,4.69,1.22,1.43,24.29,2.45,11.43,2.45,0.82,0.41,3.88,1.02,2.65,4.08,3.47,0.61,1.63,1.43,12.24,2.45,1.63,0.61,10.61,3.67,2.86,1.63,1.22,2.24,9.59,12.04,3.27,8.57,3.88,4.29,5.31,2.45,3.27,"Guard"
"Youtube/1420.mp3","Isaiah Joe","isaiah joe",2026-02-22,2026,"2025-10-21","2026-06-13",26.6447638603696,76,165,2020,2,49,"2020-12-24",2020,TRUE,"G",95,35,0,NA,NA,NA,71,31,666,30.94,56.18,81.81,37.51,17.08,8.41,94.29,79.58,62.46,16.97,10.36,4.2,2.7,1.35,1.05,6.61,15.32,7.51,1.05,13.06,9.76,8.41,7.66,0.9,20.57,6.46,5.86,7.21,3.75,2.7,0.9,24.62,1.5,13.51,3.6,1.05,1.8,2.7,0.75,3.75,3.15,2.1,0.9,1.2,0.3,10.36,3.15,1.05,0.9,7.66,1.2,2.55,1.65,0.45,1.65,9.76,11.86,3.3,7.66,3.45,2.85,5.26,1.5,1.65,"Guard"
"Youtube/3643.mp3","Isaiah Joe","isaiah joe",2026-03-15,2026,"2025-10-21","2026-06-13",26.7022587268994,76,165,2020,2,49,"2020-12-24",2020,TRUE,"G",74,25,0,NA,NA,NA,92,41,490,45.77,83.6,57.66,65.27,12.25,9.8,93.88,79.59,63.06,19.8,11.63,2.65,2.86,1.22,1.02,8.16,17.96,9.18,1.02,14.9,8.57,6.73,5.71,1.22,18.37,5.31,5.51,7.14,4.69,1.22,1.43,24.29,2.45,11.43,2.45,0.82,0.41,3.88,1.02,2.65,4.08,3.47,0.61,1.63,1.43,12.24,2.45,1.63,0.61,10.61,3.67,2.86,1.63,1.22,2.24,9.59,12.04,3.27,8.57,3.88,4.29,5.31,2.45,3.27,"Guard"
"Youtube/5399.mp3","Isaiah Joe","isaiah joe",2026-02-03,2026,"2025-10-21","2026-06-13",26.5927446954141,76,165,2020,2,49,"2020-12-24",2020,TRUE,"G",114,42,0,NA,NA,NA,52,24,578,48.28,91.36,91.27,89.32,14.45,11.59,94.64,77.68,58.82,17.3,10.38,1.9,2.42,3.11,1.04,6.92,14.53,8.3,0.87,14.01,6.57,5.88,9,0.69,20.24,5.02,4.84,8.65,4.33,3.29,1.04,25.09,1.9,11.25,4.5,1.73,0.17,2.25,0.69,3.29,7.27,6.06,1.21,1.21,0.87,14.01,3.98,1.9,0.69,11.07,2.25,2.42,1.21,1.21,2.42,11.94,12.28,4.67,7.27,5.71,1.73,5.71,2.25,1.73,"Guard"
"Youtube/720.mp3","Isaiah Joe","isaiah joe",2026-02-22,2026,"2025-10-21","2026-06-13",26.6447638603696,76,165,2020,2,49,"2020-12-24",2020,TRUE,"G",95,35,0,NA,NA,NA,71,31,667,31.04,56.16,82.36,37.48,18.03,8.4,94.3,79.61,62.37,16.94,10.34,4.2,2.7,1.35,1.05,6.6,15.29,7.5,1.05,13.04,9.75,8.4,7.65,0.9,20.69,6.45,5.85,7.2,3.75,2.7,0.9,24.74,1.5,13.64,3.75,1.05,1.8,2.7,0.75,3.75,3.15,2.1,0.9,1.2,0.3,10.34,3.15,1.05,0.9,7.65,1.2,2.55,1.65,0.45,1.65,9.9,11.84,3.3,7.65,3.45,2.85,5.25,1.5,1.65,"Guard"
"30481","Cameron Johnson","cameron johnson",2021-07-05,2021,"2020-12-22","2021-07-20",25.3388090349076,80,210,2019,1,11,"2019-10-27",2019,TRUE,"F",190,45,1,"Injury/Illness - Left Ankle; Sprain","ankle","sprain",50,15,73,12.85,91.91,37.99,99,24.33,5.48,98.63,78.08,57.53,23.29,8.22,0,2.74,0,5.48,15.07,15.07,5.48,0,8.22,12.33,1.37,6.85,1.37,24.66,8.22,4.11,5.48,5.48,0,0,21.92,1.37,8.22,0,0,0,5.48,0,2.74,15.07,13.7,0,1.37,0,16.44,6.85,4.11,1.37,12.33,1.37,2.74,0,2.74,0,13.7,13.7,5.48,6.85,1.37,2.74,8.22,5.48,0,"Forward"
"30481","Cameron Johnson","cameron johnson",2021-06-21,2021,"2020-12-22","2021-07-20",25.3004791238877,80,210,2019,1,11,"2019-10-27",2019,TRUE,"F",204,49,1,"Injury/Illness - Left Ankle; Sprain","ankle","sprain",36,11,71,61.59,95.12,90.52,0,17.75,8.45,92.96,73.24,64.79,18.31,7.04,0,1.41,2.82,0,11.27,16.9,9.86,2.82,22.54,9.86,11.27,5.63,0,15.49,1.41,7.04,2.82,1.41,1.41,0,26.76,1.41,8.45,4.23,4.23,0,2.82,0,0,0,0,0,0,0,11.27,2.82,0,1.41,8.45,1.41,2.82,0,1.41,0,11.27,12.68,2.82,11.27,8.45,2.82,8.45,0,0,"Forward"
"36360","Keldon Johnson","keldon johnson",2026-06-02,2026,"2025-10-21","2026-06-13",26.6420260095825,77,220,2019,1,29,"2019-11-17",2019,TRUE,"F",11,5,0,NA,NA,NA,426,106,69,1.24,99,1,98.81,9.86,10.14,91.3,78.26,59.42,24.64,18.84,0,4.35,0,0,5.8,8.7,1.45,0,11.59,21.74,5.8,7.25,0,37.68,4.35,1.45,7.25,4.35,2.9,0,31.88,1.45,8.7,4.35,5.8,1.45,0,0,0,7.25,7.25,0,2.9,2.9,23.19,4.35,0,2.9,18.84,14.49,1.45,1.45,0,2.9,13.04,11.59,2.9,2.9,1.45,7.25,13.04,0,0,"Forward"
"32588","Nikola Jokic","nikola jokic",2022-04-16,2022,"2021-10-19","2022-06-16",27.1540041067762,83,284,2014,2,41,"2015-10-29",2015,TRUE,"C",279,45,1,"Injury/Illness - Left Hamstring; Tightness","hamstring","tightness",141,61,65,23.35,98.89,30.98,20.23,10.83,12.31,87.69,69.23,63.08,23.08,20,3.08,7.69,1.54,7.69,3.08,13.85,6.15,3.08,12.31,13.85,1.54,4.62,1.54,16.92,6.15,7.69,10.77,9.23,1.54,0,27.69,3.08,13.85,3.08,0,4.62,0,0,6.15,3.08,1.54,1.54,1.54,0,21.54,4.62,1.54,1.54,18.46,0,3.08,3.08,0,0,6.15,6.15,0,6.15,1.54,9.23,3.08,3.08,0,"Center"
"32588","Nikola Jokic","nikola jokic",2022-02-19,2022,"2021-10-19","2022-06-16",27.0006844626968,83,284,2014,2,41,"2015-10-29",2015,TRUE,"C",335,69,1,"Injury/Illness - Left Hamstring; Tightness","hamstring","tightness",85,38,61,1.83,4.17,99,99,10.17,9.84,98.36,75.41,63.93,27.87,21.31,19.67,1.64,0,0,6.56,16.39,3.28,3.28,9.84,14.75,11.48,3.28,0,18.03,4.92,3.28,8.2,4.92,3.28,0,32.79,3.28,14.75,4.92,1.64,0,0,8.2,0,9.84,9.84,0,3.28,3.28,16.39,8.2,1.64,1.64,8.2,1.64,3.28,1.64,0,0,21.31,11.48,0,8.2,9.84,0,11.48,0,1.64,"Center"
"32588","Nikola Jokic","nikola jokic",2020-09-26,2020,"2019-10-22","2020-10-11",25.6016427104723,83,284,2014,2,41,"2015-10-29",2015,TRUE,"C",419,97,1,"Injury/Illness - Right Wrist; Sprain","wrist","sprain",644,157,170,20.04,99,17.36,99,7.39,8.24,91.76,74.12,57.06,22.94,17.06,2.94,8.24,1.18,2.94,5.88,12.94,7.06,0.59,10,10,6.47,4.12,1.18,21.18,5.29,6.47,11.18,8.82,2.35,0,29.41,2.35,11.76,5.29,1.18,1.18,1.18,2.35,1.18,9.41,8.82,0.59,2.94,2.94,19.41,2.35,0.59,1.18,16.47,2.35,4.12,4.12,0,0,10,2.94,0.59,2.35,3.53,12.94,2.94,2.35,1.18,"Center"
"32588","Nikola Jokic","nikola jokic",2020-02-15,2020,"2019-10-22","2020-10-11",24.9883641341547,83,284,2014,2,41,"2015-10-29",2015,TRUE,"C",643,135,1,"Injury/Illness - Right Wrist; Sprain","wrist","sprain",420,120,67,37.12,48.93,1.44,95.78,11.17,10.45,91.04,77.61,65.67,19.4,11.94,5.97,0,4.48,1.49,7.46,13.43,11.94,0,11.94,11.94,7.46,4.48,1.49,22.39,1.49,1.49,1.49,0,0,1.49,16.42,0,8.96,0,1.49,4.48,1.49,1.49,1.49,5.97,5.97,0,5.97,5.97,10.45,4.48,0,2.99,5.97,0,0,0,0,0,8.96,10.45,0,0,2.99,5.97,7.46,0,0,"Center"
"32588","Nikola Jokic","nikola jokic",2019-12-19,2020,"2019-10-22","2020-10-11",24.829568788501,83,284,2014,2,41,"2015-10-29",2015,TRUE,"C",701,164,1,"Injury/Illness - Right Wrist; Sprain","wrist","sprain",362,91,115,5.73,96.71,99,74.5,19.17,6.96,97.39,83.48,65.22,24.35,20,7.83,12.17,0,0,4.35,14.78,6.96,1.74,8.7,13.04,8.7,6.96,0,22.61,7.83,7.83,14.78,12.17,1.74,0.87,33.04,1.74,16.52,6.09,0.87,2.61,0.87,3.48,2.61,6.96,5.22,1.74,2.61,2.61,13.91,0.87,0,0,12.17,0,1.74,0.87,0.87,0,9.57,9.57,0.87,9.57,6.96,0,9.57,0.87,0,"Center"
"32588","Nikola Jokic","nikola jokic",2023-06-04,2023,"2022-10-18","2023-06-12",28.2874743326489,83,284,2014,2,41,"2015-10-29",2015,TRUE,"C",176,20,1,"Injury/Illness - Low Back; Pain","back","pain",56,16,50,45.65,19.67,35.01,20.23,8.33,10,94,76,64,16,8,2,2,0,4,8,20,10,6,14,12,8,2,4,16,4,12,2,2,0,0,26,2,18,4,0,2,2,8,6,8,4,4,0,0,8,2,0,2,6,0,2,2,0,2,8,6,0,6,0,6,4,0,2,"Center"
"32588","Nikola Jokic","nikola jokic",2023-05-22,2023,"2022-10-18","2023-06-12",28.2518822724162,83,284,2014,2,41,"2015-10-29",2015,TRUE,"C",189,22,1,"Injury/Illness - Low Back; Pain","back","pain",43,14,64,8.85,96.89,43.27,99,10.67,6.25,98.44,76.56,64.06,18.75,10.94,3.13,3.13,4.69,0,7.81,17.19,10.94,3.13,4.69,10.94,12.5,7.81,0,20.31,4.69,3.13,10.94,4.69,6.25,0,28.13,1.56,15.63,4.69,0,1.56,3.13,3.13,1.56,12.5,10.94,0,6.25,4.69,10.94,1.56,1.56,0,10.94,0,7.81,7.81,0,0,9.38,9.38,1.56,7.81,0,7.81,3.13,0,0,"Center"
"32588","Nikola Jokic","nikola jokic",2023-05-20,2023,"2022-10-18","2023-06-12",28.2464065708419,83,284,2014,2,41,"2015-10-29",2015,TRUE,"C",191,23,1,"Injury/Illness - Low Back; Pain","back","pain",41,13,87,20.17,46.86,95.69,99,10.88,9.2,91.95,71.26,56.32,22.99,14.94,8.05,4.6,0,2.3,8.05,14.94,10.34,3.45,5.75,10.34,6.9,3.45,0,18.39,3.45,6.9,4.6,4.6,0,0,32.18,1.15,19.54,9.2,0,0,2.3,5.75,2.3,8.05,8.05,0,6.9,6.9,6.9,0,0,0,6.9,0,4.6,4.6,0,0,10.34,10.34,1.15,6.9,0,6.9,5.75,0,0,"Center"
"32588","Nikola Jokic","nikola jokic",2023-05-16,2023,"2022-10-18","2023-06-12",28.2354551676934,83,284,2014,2,41,"2015-10-29",2015,TRUE,"C",195,25,1,"Injury/Illness - Low Back; Pain","back","pain",37,11,53,1,51.31,98.5,78.39,6.63,16.98,92.45,79.25,66.04,28.3,22.64,7.55,9.43,0,5.66,5.66,11.32,1.89,1.89,3.77,16.98,11.32,5.66,5.66,32.08,0,3.77,13.21,9.43,0,3.77,35.85,0,22.64,7.55,1.89,0,3.77,3.77,9.43,7.55,3.77,0,7.55,3.77,15.09,0,0,0,15.09,0,0,0,0,1.89,9.43,5.66,0,1.89,3.77,15.09,3.77,3.77,0,"Center"
"32588","Nikola Jokic","nikola jokic",2023-06-12,2023,"2022-10-18","2023-06-12",28.3093771389459,83,284,2014,2,41,"2015-10-29",2015,TRUE,"C",168,17,1,"Injury/Illness - Low Back; Pain","back","pain",64,19,66,17.69,81.31,39.59,99,8.25,10.61,92.42,78.79,65.15,24.24,19.7,7.58,3.03,1.52,3.03,4.55,10.61,4.55,1.52,15.15,12.12,4.55,6.06,1.52,19.7,6.06,6.06,9.09,4.55,4.55,1.52,28.79,6.06,6.06,3.03,0,0,0,0,3.03,12.12,12.12,0,4.55,4.55,18.18,3.03,1.52,1.52,15.15,4.55,3.03,3.03,0,0,6.06,3.03,1.52,1.52,3.03,9.09,7.58,0,0,"Center"
"32588","Nikola Jokic","nikola jokic",2023-06-11,2023,"2022-10-18","2023-06-12",28.3066392881588,83,284,2014,2,41,"2015-10-29",2015,TRUE,"C",169,18,1,"Injury/Illness - Low Back; Pain","back","pain",63,19,61,31.41,76.91,92.94,71.67,12.2,8.2,95.08,77.05,54.1,22.95,19.67,9.84,3.28,0,0,3.28,8.2,6.56,0,11.48,3.28,9.84,4.92,0,14.75,4.92,6.56,8.2,8.2,0,0,13.11,1.64,3.28,3.28,0,0,0,0,0,3.28,3.28,0,1.64,1.64,18.03,6.56,1.64,1.64,13.11,6.56,4.92,3.28,0,3.28,14.75,13.11,4.92,8.2,6.56,8.2,0,0,1.64,"Center"
"32588","Nikola Jokic","nikola jokic",2025-02-15,2025,"2024-10-22","2025-06-22",29.990417522245,83,284,2014,2,41,"2015-10-29",2015,TRUE,"C",30,15,1,"Injury/Illness - Right Elbow; Contusion/Left Ankle Impingement","elbow","contusion",31,15,52,11.08,99,11.63,20.23,26,15.38,92.31,80.77,65.38,25,19.23,3.85,9.62,0,5.77,5.77,13.46,3.85,1.92,11.54,9.62,3.85,7.69,1.92,21.15,7.69,3.85,17.31,13.46,3.85,0,34.62,3.85,17.31,1.92,1.92,7.69,1.92,0,5.77,7.69,3.85,3.85,0,0,21.15,3.85,3.85,0,21.15,0,5.77,5.77,0,0,3.85,5.77,0,5.77,1.92,5.77,9.62,3.85,0,"Center"
"28809","Tyus Jones","tyus jones",2022-05-13,2022,"2021-10-19","2022-06-16",26.0068446269678,72,196,2015,1,24,"2015-11-07",2015,TRUE,"G",673,152,1,"Injury/Illness - Back; Lower back spasm","back","spasm",144,53,102,1,88.96,4.6,89.77,34,11.76,97.06,88.24,70.59,28.43,9.8,2.94,4.9,1.96,0,18.63,20.59,7.84,0,5.88,21.57,3.92,6.86,1.96,26.47,12.75,4.9,8.82,8.82,0,0,35.29,0.98,11.76,0,1.96,2.94,1.96,1.96,3.92,4.9,4.9,0,4.9,4.9,12.75,2.94,1.96,0.98,11.76,0,3.92,3.92,0,3.92,10.78,1.96,0,1.96,2.94,11.76,9.8,0,0.98,"Guard"
"Youtube/1160.mp3","Tyus Jones","tyus jones",2021-02-01,2021,"2020-12-22","2021-07-20",24.7310061601643,72,196,2015,1,24,"2015-11-07",2015,TRUE,"G",322,93,1,"Injury/Illness - Right Finger; Sprain","finger","sprain",719,104,369,24.3,99,75.67,75.12,8.58,6.5,96.21,83.2,60.7,26.29,16.53,4.34,7.05,3.79,1.08,9.76,15.72,6.78,0.54,13.28,7.86,4.34,6.23,1.08,21.68,6.78,4.61,9.49,7.59,1.36,0.81,23.31,0.81,13.28,5.42,1.9,0.54,2.44,0.54,2.71,4.07,3.79,0.27,1.36,1.36,17.07,2.17,1.08,0.81,15.45,1.36,4.07,1.9,1.63,1.36,13.01,9.21,1.36,5.96,2.71,2.17,5.42,0.81,3.52,"Guard"
"Youtube/1610.mp3","Tyus Jones","tyus jones",2021-04-02,2021,"2020-12-22","2021-07-20",24.8952772073922,72,196,2015,1,24,"2015-11-07",2015,TRUE,"G",262,62,1,"Injury/Illness - Right Finger; Sprain","finger","sprain",779,135,666,37.19,99,60.04,87.76,15.14,7.81,94.89,81.68,63.81,20.27,12.46,1.05,4.95,5.71,0.15,7.81,13.66,7.36,1.05,17.12,9.46,7.06,7.51,1.05,21.32,4.5,4.8,8.71,6.16,1.95,0.6,22.52,1.05,13.06,5.71,1.2,2.1,1.2,1.05,2.1,4.95,4.8,0.15,1.35,1.35,15.62,2.25,1.35,0.75,14.11,0.9,1.65,1.35,0.15,1.35,12.76,9.31,3.15,6.46,3.45,4.2,4.05,1.65,1.8,"Guard"
"Youtube/218.mp3","Tyus Jones","tyus jones",2021-04-02,2021,"2020-12-22","2021-07-20",24.8952772073922,72,196,2015,1,24,"2015-11-07",2015,TRUE,"G",262,62,1,"Injury/Illness - Right Finger; Sprain","finger","sprain",779,135,666,35.47,99,60.04,87.76,14.8,7.81,94.89,81.68,63.81,20.27,12.31,1.05,4.8,5.71,0.15,7.96,13.66,7.36,1.05,16.97,9.61,7.21,7.66,1.05,21.47,4.5,4.8,8.56,6.01,1.95,0.6,22.67,1.05,13.06,5.71,1.2,2.1,1.2,1.05,2.1,4.95,4.8,0.15,1.35,1.35,15.47,2.25,1.35,0.75,13.96,0.9,1.65,1.35,0.15,1.35,12.76,9.31,3.15,6.46,3.45,4.2,4.2,1.65,1.8,"Guard"
"Youtube/2427.mp3","Tyus Jones","tyus jones",2021-02-01,2021,"2020-12-22","2021-07-20",24.7310061601643,72,196,2015,1,24,"2015-11-07",2015,TRUE,"G",322,93,1,"Injury/Illness - Right Finger; Sprain","finger","sprain",719,104,354,23.73,99,77.68,77.09,9.83,6.5,96.61,83.62,61.3,26.84,16.95,4.24,7.34,3.95,1.13,9.89,15.82,6.78,0.56,13.56,7.91,3.95,6.5,1.13,22.32,6.78,4.52,9.89,7.91,1.41,0.85,23.73,0.85,13.56,5.65,1.98,0.56,2.26,0.56,2.82,4.24,3.95,0.28,1.41,1.41,17.51,2.26,1.13,0.85,15.82,1.13,3.95,1.98,1.69,1.41,13.56,9.32,1.41,5.93,2.82,2.26,5.37,0.85,2.26,"Guard"
"Youtube/3167.mp3","Tyus Jones","tyus jones",2021-05-11,2021,"2020-12-22","2021-07-20",25.0020533880903,72,196,2015,1,24,"2015-11-07",2015,TRUE,"G",223,41,1,"Injury/Illness - Right Finger; Sprain","finger","sprain",818,156,514,38.45,98.25,82.86,74.83,13.89,15.37,94.75,76.07,62.65,19.26,11.67,1.75,4.09,5.25,0.39,7.59,15.18,7.98,0.58,16.15,11.48,5.84,7.2,0.78,21.01,3.11,2.72,9.92,6.03,3.11,1.17,28.4,0.39,14.59,6.42,1.17,1.75,0.97,1.95,2.53,5.84,4.67,1.17,0.97,0.78,13.81,2.92,1.95,0.39,11.48,0.78,2.72,1.95,0,0.39,11.09,10.7,1.56,8.17,4.86,1.95,7.39,2.92,1.95,"Guard"
"Youtube/3371.mp3","Tyus Jones","tyus jones",2021-05-11,2021,"2020-12-22","2021-07-20",25.0020533880903,72,196,2015,1,24,"2015-11-07",2015,TRUE,"G",223,41,1,"Injury/Illness - Right Finger; Sprain","finger","sprain",818,156,514,37.89,98.03,83.75,74.83,13.89,15.37,94.75,76.07,62.65,19.26,11.67,1.75,4.09,5.25,0.39,7.59,15.18,7.98,0.58,16.15,11.48,5.84,7.2,0.97,21.01,3.11,2.72,9.92,6.03,3.11,1.17,28.4,0.39,14.59,6.42,1.17,1.75,0.97,1.95,2.72,5.84,4.67,1.17,0.97,0.78,13.81,2.92,1.95,0.39,11.48,0.78,2.72,1.95,0,0.39,11.09,10.7,1.56,8.17,4.86,1.95,7.39,2.92,1.95,"Guard"
"Youtube/3700.mp3","Tyus Jones","tyus jones",2021-04-02,2021,"2020-12-22","2021-07-20",24.8952772073922,72,196,2015,1,24,"2015-11-07",2015,TRUE,"G",262,62,1,"Injury/Illness - Right Finger; Sprain","finger","sprain",779,135,667,35.14,99,59.83,87.7,14.5,7.8,94.9,81.71,63.87,20.39,12.44,1.05,4.8,5.85,0.15,7.95,13.64,7.35,1.05,16.94,9.6,7.2,7.65,1.05,21.44,4.5,4.8,8.55,6,1.95,0.6,22.64,1.05,13.04,5.7,1.2,2.1,1.2,1.05,2.1,4.95,4.8,0.15,1.35,1.35,15.59,2.25,1.35,0.75,14.09,0.9,1.65,1.35,0.15,1.35,12.74,9.3,3.15,6.45,3.45,4.2,4.2,1.65,1.8,"Guard"
"Youtube/3872.mp3","Tyus Jones","tyus jones",2021-02-01,2021,"2020-12-22","2021-07-20",24.7310061601643,72,196,2015,1,24,"2015-11-07",2015,TRUE,"G",322,93,1,"Injury/Illness - Right Finger; Sprain","finger","sprain",719,104,369,24.3,99,75.67,75.12,8.79,6.5,96.21,83.2,60.7,26.29,16.53,4.34,7.05,3.79,1.08,9.76,15.72,6.78,0.54,13.28,7.86,4.34,6.23,1.08,21.68,6.78,4.61,9.49,7.59,1.36,0.81,23.31,0.81,13.28,5.42,1.9,0.54,2.44,0.54,2.71,4.07,3.79,0.27,1.36,1.36,17.07,2.17,1.08,0.81,15.45,1.36,4.07,1.9,1.63,1.36,13.01,9.21,1.36,5.96,2.71,2.17,5.42,0.81,3.52,"Guard"
"Youtube/3918.mp3","Tyus Jones","tyus jones",2021-05-11,2021,"2020-12-22","2021-07-20",25.0020533880903,72,196,2015,1,24,"2015-11-07",2015,TRUE,"G",223,41,1,"Injury/Illness - Right Finger; Sprain","finger","sprain",818,156,514,38.45,98.25,82.86,74.83,13.89,15.37,94.75,76.07,62.65,19.26,11.67,1.75,4.09,5.25,0.39,7.59,15.18,7.98,0.58,16.15,11.48,5.84,7.2,0.78,21.01,3.11,2.72,9.92,6.03,3.11,1.17,28.4,0.39,14.59,6.42,1.17,1.75,0.97,1.95,2.53,5.84,4.67,1.17,0.97,0.78,13.81,2.92,1.95,0.39,11.48,0.78,2.72,1.95,0,0.39,11.09,10.7,1.56,8.17,4.86,1.95,7.39,2.92,1.95,"Guard"
"Youtube/4159.mp3","Tyus Jones","tyus jones",2021-04-02,2021,"2020-12-22","2021-07-20",24.8952772073922,72,196,2015,1,24,"2015-11-07",2015,TRUE,"G",262,62,1,"Injury/Illness - Right Finger; Sprain","finger","sprain",779,135,666,36.32,99,60.04,87.76,14.48,7.81,94.89,81.68,63.81,20.42,12.61,1.05,4.95,5.86,0.15,7.81,13.66,7.36,1.05,16.97,9.46,7.06,7.51,1.05,21.32,4.5,4.8,8.71,6.16,1.95,0.6,22.52,1.05,13.06,5.71,1.2,2.1,1.2,1.05,2.1,4.95,4.8,0.15,1.35,1.35,15.77,2.25,1.35,0.75,14.26,0.9,1.65,1.35,0.15,1.35,12.76,9.31,3.15,6.46,3.45,4.2,4.05,1.65,1.8,"Guard"
"Youtube/4829.mp3","Tyus Jones","tyus jones",2021-04-02,2021,"2020-12-22","2021-07-20",24.8952772073922,72,196,2015,1,24,"2015-11-07",2015,TRUE,"G",262,62,1,"Injury/Illness - Right Finger; Sprain","finger","sprain",779,135,668,34.81,99,60.68,87.64,14.52,7.78,94.91,81.74,63.92,20.51,12.57,1.2,4.79,5.84,0.15,7.93,13.62,7.34,1.05,16.92,9.58,7.19,7.63,1.05,21.41,4.49,4.79,8.53,5.99,1.95,0.6,22.6,1.05,13.02,5.69,1.2,2.1,1.2,1.05,2.1,4.94,4.79,0.15,1.35,1.35,15.57,2.25,1.35,0.75,14.07,0.9,1.65,1.35,0.15,1.35,12.72,9.28,3.14,6.44,3.44,4.19,4.19,1.65,1.8,"Guard"
"Youtube/5091.mp3","Tyus Jones","tyus jones",2021-05-11,2021,"2020-12-22","2021-07-20",25.0020533880903,72,196,2015,1,24,"2015-11-07",2015,TRUE,"G",223,41,1,"Injury/Illness - Right Finger; Sprain","finger","sprain",818,156,514,38.45,98.25,82.86,74.83,13.89,15.37,94.75,76.07,62.65,19.26,11.67,1.75,4.09,5.25,0.39,7.59,15.18,7.98,0.58,16.15,11.48,5.84,7.2,0.78,21.01,3.11,2.72,9.92,6.03,3.11,1.17,28.4,0.39,14.59,6.42,1.17,1.75,0.97,1.95,2.53,5.84,4.67,1.17,0.97,0.78,13.81,2.92,1.95,0.39,11.48,0.78,2.72,1.95,0,0.39,11.09,10.7,1.56,8.17,4.86,1.95,7.39,2.92,1.95,"Guard"
"Youtube/549.mp3","Tyus Jones","tyus jones",2021-04-02,2021,"2020-12-22","2021-07-20",24.8952772073922,72,196,2015,1,24,"2015-11-07",2015,TRUE,"G",262,62,1,"Injury/Illness - Right Finger; Sprain","finger","sprain",779,135,666,36.32,99,60.04,87.76,14.48,7.81,94.89,81.68,63.81,20.42,12.61,1.05,4.95,5.86,0.15,7.81,13.66,7.36,1.05,16.97,9.46,7.06,7.51,1.05,21.32,4.5,4.8,8.71,6.16,1.95,0.6,22.52,1.05,13.06,5.71,1.2,2.1,1.2,1.05,2.1,4.95,4.8,0.15,1.35,1.35,15.77,2.25,1.35,0.75,14.26,0.9,1.65,1.35,0.15,1.35,12.76,9.31,3.15,6.46,3.45,4.2,4.05,1.65,1.8,"Guard"
"Youtube/5514.mp3","Tyus Jones","tyus jones",2021-02-01,2021,"2020-12-22","2021-07-20",24.7310061601643,72,196,2015,1,24,"2015-11-07",2015,TRUE,"G",322,93,1,"Injury/Illness - Right Finger; Sprain","finger","sprain",719,104,369,24.3,99,75.67,75.12,8.79,6.5,96.21,83.2,60.7,26.29,16.53,4.34,7.05,3.79,1.08,9.76,15.72,6.78,0.54,13.28,7.86,4.34,6.23,1.08,21.68,6.78,4.61,9.49,7.59,1.36,0.81,23.31,0.81,13.28,5.42,1.9,0.54,2.44,0.54,2.71,4.07,3.79,0.27,1.36,1.36,17.07,2.17,1.08,0.81,15.45,1.36,4.07,1.9,1.63,1.36,13.01,9.21,1.36,5.96,2.71,2.17,5.42,0.81,3.52,"Guard"
"Youtube/5902.mp3","Tyus Jones","tyus jones",2021-05-11,2021,"2020-12-22","2021-07-20",25.0020533880903,72,196,2015,1,24,"2015-11-07",2015,TRUE,"G",223,41,1,"Injury/Illness - Right Finger; Sprain","finger","sprain",818,156,514,37.89,98.03,83.75,74.83,13.53,15.37,94.75,76.07,62.65,19.26,11.67,1.75,4.09,5.25,0.39,7.59,15.18,7.98,0.58,16.15,11.48,5.84,7.2,0.97,21.01,3.11,2.72,9.92,6.03,3.11,1.17,28.4,0.39,14.59,6.42,1.17,1.75,0.97,1.95,2.72,5.84,4.67,1.17,0.97,0.78,13.81,2.92,1.95,0.39,11.48,0.78,2.72,1.95,0,0.39,11.09,10.7,1.56,8.17,4.86,1.95,7.39,2.92,1.95,"Guard"
"Youtube/6192.mp3","Tyus Jones","tyus jones",2021-02-01,2021,"2020-12-22","2021-07-20",24.7310061601643,72,196,2015,1,24,"2015-11-07",2015,TRUE,"G",322,93,1,"Injury/Illness - Right Finger; Sprain","finger","sprain",719,104,369,24.3,99,75.67,75.12,8.58,6.5,96.21,83.2,60.7,26.29,16.53,4.34,7.05,3.79,1.08,9.76,15.72,6.78,0.54,13.28,7.86,4.34,6.23,1.08,21.68,6.78,4.61,9.49,7.59,1.36,0.81,23.31,0.81,13.28,5.42,1.9,0.54,2.44,0.54,2.71,4.07,3.79,0.27,1.36,1.36,17.07,2.17,1.08,0.81,15.45,1.36,4.07,1.9,1.63,1.36,13.01,9.21,1.36,5.96,2.71,2.17,5.42,0.81,3.52,"Guard"
"Youtube/769.mp3","Tyus Jones","tyus jones",2021-05-11,2021,"2020-12-22","2021-07-20",25.0020533880903,72,196,2015,1,24,"2015-11-07",2015,TRUE,"G",223,41,1,"Injury/Illness - Right Finger; Sprain","finger","sprain",818,156,514,38.45,98.25,82.86,74.83,13.89,15.37,94.75,76.07,62.65,19.26,11.67,1.75,4.09,5.25,0.39,7.59,15.18,7.98,0.58,16.15,11.48,5.84,7.2,0.78,21.01,3.11,2.72,9.92,6.03,3.11,1.17,28.4,0.39,14.59,6.42,1.17,1.75,0.97,1.95,2.53,5.84,4.67,1.17,0.97,0.78,13.81,2.92,1.95,0.39,11.48,0.78,2.72,1.95,0,0.39,11.09,10.7,1.56,8.17,4.86,1.95,7.39,2.92,1.95,"Guard"
"32796","Luke Kennard","luke kennard",2021-06-25,2021,"2020-12-22","2021-07-20",25.0020533880903,77,206,2017,1,12,"2017-10-18",2017,TRUE,"G",499,82,1,"Injury/Illness - Chest; Discomfort","chest","pain",471,75,68,72.12,40.06,36.2,41.97,22.67,17.65,82.35,73.53,58.82,16.18,13.24,7.35,1.47,0,1.47,2.94,14.71,7.35,0,17.65,7.35,5.88,4.41,0,13.24,10.29,7.35,1.47,1.47,0,0,16.18,0,8.82,2.94,1.47,1.47,0,1.47,1.47,4.41,2.94,1.47,1.47,0,8.82,1.47,0,0,7.35,2.94,2.94,1.47,1.47,0,7.35,7.35,2.94,2.94,2.94,2.94,5.88,0,1.47,"Guard"
"32796","Luke Kennard","luke kennard",2021-06-08,2021,"2020-12-22","2021-07-20",24.9555099247091,77,206,2017,1,12,"2017-10-18",2017,TRUE,"G",516,90,1,"Injury/Illness - Chest; Discomfort","chest","pain",454,66,95,18.43,98.27,63.35,52.78,23.75,7.37,96.84,88.42,66.32,23.16,11.58,2.11,8.42,1.05,0,11.58,14.74,8.42,4.21,11.58,13.68,5.26,6.32,0,27.37,9.47,8.42,9.47,8.42,1.05,0,21.05,0,7.37,3.16,0,1.05,1.05,1.05,1.05,4.21,3.16,1.05,1.05,1.05,10.53,1.05,0,0,9.47,0,3.16,2.11,1.05,3.16,11.58,10.53,3.16,5.26,6.32,9.47,4.21,2.11,1.05,"Guard"
"32796","Luke Kennard","luke kennard",2021-06-06,2021,"2020-12-22","2021-07-20",24.9500342231348,77,206,2017,1,12,"2017-10-18",2017,TRUE,"G",518,91,1,"Injury/Illness - Chest; Discomfort","chest","pain",452,65,119,1.05,97.84,29.33,99,14.88,10.92,95.8,85.71,66.39,26.05,12.61,3.36,5.04,2.52,0.84,13.45,10.92,0.84,0,10.92,15.97,9.24,6.72,0.84,26.89,6.72,8.4,9.24,6.72,2.52,0,25.21,4.2,5.88,1.68,2.52,0.84,0.84,0,0,8.4,8.4,0,0,0,15.13,3.36,1.68,1.68,11.76,1.68,2.52,2.52,0,1.68,9.24,6.72,1.68,5.04,4.2,7.56,6.72,3.36,0,"Guard"
"36174","Maxi Kleber","maxi kleber",2022-05-24,2022,"2021-10-19","2022-06-16",30.3162217659138,82,240,NA,NA,NA,"2017-10-19",2017,FALSE,"F",176,14,1,"Injury/Illness - Back; Low Back Contusion","back","contusion",107,38,57,12.74,30.3,96.42,20.23,14.25,7.02,94.74,75.44,63.16,19.3,10.53,5.26,0,1.75,3.51,8.77,15.79,8.77,5.26,8.77,8.77,8.77,10.53,1.75,15.79,7.02,7.02,1.75,0,1.75,0,26.32,0,8.77,0,0,0,5.26,5.26,3.51,3.51,1.75,1.75,0,0,7.02,0,0,0,7.02,1.75,1.75,1.75,0,3.51,14.04,14.04,5.26,8.77,5.26,5.26,5.26,0,0,"Forward"
"36174","Maxi Kleber","maxi kleber",2021-05-28,2021,"2020-12-22","2021-07-20",29.3278576317591,82,240,NA,NA,NA,"2017-10-19",2017,FALSE,"F",158,10,1,"Injury/Illness - Left Oblique; Strain","abdomen","strain",36,10,132,22.52,97.2,39.59,99,26.4,9.09,95.45,83.33,61.36,18.18,11.36,1.52,9.09,0,0.76,6.82,13.64,5.3,1.52,13.64,6.82,8.33,11.36,0.76,18.18,9.09,8.33,12.88,9.85,2.27,2.27,18.18,0.76,10.61,1.52,2.27,1.52,0.76,1.52,3.03,8.33,7.58,0,1.52,0.76,12.12,2.27,0.76,0.76,10.61,0,2.27,2.27,0,1.52,9.85,12.88,3.03,7.58,1.52,5.3,3.03,2.27,0.76,"Forward"
"36174","Maxi Kleber","maxi kleber",2021-05-25,2021,"2020-12-22","2021-07-20",29.3196440793977,82,240,NA,NA,NA,"2017-10-19",2017,FALSE,"F",161,11,1,"Injury/Illness - Left Oblique; Strain","abdomen","strain",33,9,87,34.44,83.16,81.15,9.24,17.4,16.09,95.4,81.61,58.62,18.39,14.94,5.75,6.9,0,2.3,3.45,10.34,5.75,1.15,12.64,10.34,3.45,8.05,0,27.59,10.34,3.45,12.64,8.05,2.3,2.3,29.89,2.3,18.39,4.6,2.3,4.6,0,1.15,4.6,10.34,4.6,5.75,3.45,0,17.24,6.9,1.15,0,11.49,0,3.45,3.45,0,0,9.2,8.05,3.45,8.05,1.15,9.2,1.15,4.6,0,"Forward"
"36174","Maxi Kleber","maxi kleber",2024-06-11,2024,"2023-10-24","2024-06-17",32.3668720054757,82,240,NA,NA,NA,"2017-10-19",2017,FALSE,"F",139,5,1,"Injury/Illness - Right Hamstring; Strain","hamstring","strain",16,4,57,57.59,85.76,58.46,46.76,19,15.79,87.72,66.67,50.88,12.28,10.53,3.51,5.26,0,1.75,1.75,8.77,7.02,0,14.04,5.26,7.02,8.77,1.75,14.04,5.26,3.51,10.53,5.26,5.26,0,12.28,0,8.77,3.51,0,0,1.75,0,1.75,5.26,3.51,1.75,1.75,0,14.04,1.75,0,0,10.53,1.75,0,0,0,0,5.26,14.04,1.75,8.77,0,0,0,7.02,0,"Forward"
"36174","Maxi Kleber","maxi kleber",2024-06-08,2024,"2023-10-24","2024-06-17",32.3586584531143,82,240,NA,NA,NA,"2017-10-19",2017,FALSE,"F",142,6,1,"Injury/Illness - Right Hamstring; Strain","hamstring","strain",13,3,68,68.25,98.48,12.44,95.42,13.6,20.59,88.24,63.24,47.06,10.29,10.29,1.47,5.88,0,2.94,0,13.24,8.82,0,10.29,4.41,7.35,7.35,0,11.76,10.29,1.47,23.53,11.76,10.29,1.47,14.71,0,10.29,4.41,1.47,0,0,0,0,8.82,7.35,1.47,1.47,0,14.71,5.88,2.94,1.47,11.76,0,4.41,2.94,1.47,1.47,8.82,4.41,0,4.41,1.47,1.47,0,0,0,"Forward"
"30572","Kyle Kuzma","kyle kuzma",2020-10-11,2020,"2019-10-22","2020-10-11",25.2183436002738,80,221,2017,1,27,"2017-10-20",2017,TRUE,"F",142,35,1,"Injury/Illness - Right Heel; Contusion","foot","contusion",297,61,50,2.72,1,63.35,50.98,5,22,86,70,56,16,6,6,0,0,0,10,8,4,0,10,18,12,4,6,24,8,2,2,0,2,2,36,4,18,4,2,4,2,2,6,8,2,0,6,0,4,0,0,0,4,2,2,0,2,2,14,4,2,4,2,4,14,4,0,"Forward"
"30572","Kyle Kuzma","kyle kuzma",2020-10-05,2020,"2019-10-22","2020-10-11",25.201916495551,80,221,2017,1,27,"2017-10-20",2017,TRUE,"F",148,38,1,"Injury/Illness - Right Heel; Contusion","foot","contusion",291,59,76,7.54,93.71,12.73,39.38,38,13.16,93.42,77.63,64.47,18.42,9.21,1.32,2.63,1.32,3.95,9.21,9.21,5.26,2.63,13.16,11.84,13.16,10.53,0,19.74,3.95,2.63,9.21,3.95,5.26,0,22.37,1.32,14.47,6.58,1.32,3.95,2.63,1.32,0,1.32,1.32,0,0,0,9.21,1.32,1.32,0,9.21,0,3.95,3.95,0,1.32,3.95,7.89,0,5.26,2.63,1.32,6.58,0,0,"Forward"
"27401","Zach LaVine","zach lavine",2022-02-19,2022,"2021-10-19","2022-06-16",26.9486652977413,77,200,2014,1,13,"2014-10-30",2014,TRUE,"G",657,122,1,"Injury/Illness - Right Foot; Inflammation","foot","inflammation",13,3,72,62.1,4.33,96.01,83,18,6.94,100,79.17,58.33,15.28,12.5,9.72,1.39,0,1.39,2.78,8.33,5.56,4.17,18.06,6.94,6.94,5.56,1.39,20.83,5.56,6.94,8.33,2.78,4.17,1.39,20.83,1.39,9.72,1.39,0,4.17,0,1.39,2.78,9.72,6.94,2.78,1.39,1.39,5.56,2.78,1.39,0,2.78,0,2.78,2.78,0,1.39,12.5,19.44,2.78,11.11,4.17,9.72,1.39,5.56,1.39,"Guard"
"27401","Zach LaVine","zach lavine",2020-02-15,2020,"2019-10-22","2020-10-11",24.9363449691992,77,200,2014,1,13,"2014-10-30",2014,TRUE,"G",18,5,1,"Injury/Illness - Left Quadriceps; Strain","quadriceps","strain",311,55,73,26.97,1,99,63.38,10.43,12.33,97.26,84.93,68.49,23.29,15.07,15.07,0,0,0,8.22,17.81,9.59,1.37,13.7,16.44,0,5.48,2.74,28.77,5.48,8.22,4.11,0,4.11,0,32.88,0,20.55,4.11,1.37,5.48,5.48,1.37,6.85,2.74,2.74,0,0,0,0,0,0,0,0,0,2.74,2.74,0,0,5.48,9.59,2.74,4.11,4.11,13.7,5.48,0,0,"Guard"
"40459","Damion Lee","damion lee",2022-05-24,2022,"2021-10-19","2022-06-16",29.5879534565366,78,210,NA,NA,NA,"2018-03-13",2017,FALSE,"SG",518,87,1,"Injury/Illness - Right Meniscus; Surgery","knee","surgery",206,68,56,14.77,94.84,60.9,99,28,10.71,96.43,71.43,60.71,23.21,12.5,3.57,7.14,0,1.79,10.71,17.86,3.57,1.79,14.29,12.5,7.14,3.57,1.79,19.64,5.36,3.57,10.71,8.93,1.79,0,32.14,0,16.07,7.14,0,1.79,1.79,3.57,1.79,8.93,8.93,0,0,0,14.29,1.79,1.79,0,12.5,3.57,10.71,10.71,0,0,7.14,7.14,0,3.57,5.36,5.36,5.36,0,0,"Guard"
"Youtube/4346.mp3","Damion Lee","damion lee",2020-12-27,2021,"2020-12-22","2021-07-20",28.1834360027378,78,210,NA,NA,NA,"2018-03-13",2017,FALSE,"SG",307,59,1,"Injury/Illness - Right Shoulder; Contusion","shoulder","contusion",401,40,1671,13.88,98.54,79.3,59.67,13.16,10.71,92.52,78.82,60.74,22.32,14.6,2.87,3.35,6.22,0.78,7.72,14.54,5.69,1.92,11.49,10.11,6.28,8.02,1.32,22.86,4.67,5.27,8.38,4.43,2.87,1.26,28.25,1.5,15.08,7.78,0.84,1.44,1.44,1.2,2.87,4.13,3.23,0.72,0.72,0.36,16.04,2.45,0.84,0.96,13.82,2.51,2.81,1.44,0.72,1.68,12.51,8.92,1.62,6.4,3.89,3.17,6.88,2.15,1.44,"Guard"
"20673","Kawhi Leonard","kawhi leonard",2021-06-12,2021,"2020-12-22","2021-07-20",29.9548254620123,78,225,2011,1,15,"2011-12-27",2011,TRUE,"F",4,1,1,"Injury/Illness - Right Knee; Sprain","knee","sprain",102,33,90,17.49,46.63,97.42,54.76,18,10,95.56,84.44,64.44,22.22,13.33,4.44,5.56,1.11,1.11,8.89,7.78,5.56,0,14.44,11.11,4.44,8.89,2.22,31.11,6.67,2.22,10,6.67,2.22,1.11,28.89,1.11,17.78,3.33,0,2.22,7.78,0,10,4.44,3.33,1.11,1.11,0,13.33,3.33,1.11,1.11,11.11,1.11,4.44,3.33,1.11,2.22,8.89,10,6.67,6.67,1.11,0,8.89,10,0,"Forward"
"20673","Kawhi Leonard","kawhi leonard",2021-06-10,2021,"2020-12-22","2021-07-20",29.9493497604381,78,225,2011,1,15,"2011-12-27",2011,TRUE,"F",6,2,1,"Injury/Illness - Right Knee; Sprain","knee","sprain",100,32,70,31.66,79.51,80.49,98.65,8.75,11.43,97.14,81.43,54.29,21.43,15.71,7.14,7.14,1.43,0,5.71,14.29,4.29,2.86,11.43,10,5.71,0,1.43,28.57,11.43,8.57,11.43,7.14,2.86,1.43,21.43,0,14.29,5.71,2.86,0,4.29,0,1.43,10,8.57,1.43,2.86,1.43,8.57,0,0,0,8.57,0,4.29,2.86,1.43,7.14,18.57,7.14,1.43,5.71,1.43,5.71,4.29,0,1.43,"Forward"
"20673","Kawhi Leonard","kawhi leonard",2021-06-04,2021,"2020-12-22","2021-07-20",29.9329226557153,78,225,2011,1,15,"2011-12-27",2011,TRUE,"F",12,5,1,"Injury/Illness - Right Knee; Sprain","knee","sprain",94,29,92,44.22,95.64,1,99,18.4,13.04,93.48,73.91,61.96,15.22,15.22,2.17,1.09,2.17,2.17,0,10.87,6.52,1.09,17.39,8.7,9.78,7.61,1.09,19.57,3.26,2.17,8.7,2.17,3.26,3.26,20.65,1.09,10.87,2.17,0,3.26,2.17,1.09,2.17,8.7,8.7,0,3.26,3.26,16.3,2.17,1.09,1.09,15.22,7.61,7.61,6.52,1.09,1.09,9.78,8.7,1.09,6.52,1.09,1.09,6.52,0,0,"Forward"
"20673","Kawhi Leonard","kawhi leonard",2021-05-28,2021,"2020-12-22","2021-07-20",29.9137577002053,78,225,2011,1,15,"2011-12-27",2011,TRUE,"F",19,8,1,"Injury/Illness - Right Knee; Sprain","knee","sprain",87,26,51,20.45,99,12.44,50.31,12.75,7.84,90.2,82.35,60.78,21.57,19.61,1.96,5.88,1.96,9.8,1.96,11.76,5.88,0,11.76,11.76,5.88,5.88,0,25.49,3.92,5.88,7.84,5.88,1.96,0,19.61,0,5.88,3.92,1.96,0,0,0,0,5.88,3.92,1.96,1.96,1.96,19.61,1.96,0,0,17.65,0,5.88,0,3.92,3.92,13.73,3.92,1.96,1.96,1.96,5.88,7.84,0,1.96,"Forward"
"20673","Kawhi Leonard","kawhi leonard",2021-05-25,2021,"2020-12-22","2021-07-20",29.9055441478439,78,225,2011,1,15,"2011-12-27",2011,TRUE,"F",22,9,1,"Injury/Illness - Right Knee; Sprain","knee","sprain",84,25,90,19.76,99,47.52,72.45,10,8.89,96.67,78.89,61.11,20,12.22,0,8.89,2.22,1.11,7.78,17.78,7.78,1.11,11.11,8.89,11.11,6.67,0,22.22,5.56,2.22,13.33,10,3.33,0,21.11,0,13.33,7.78,0,0,2.22,0,2.22,5.56,4.44,1.11,0,0,14.44,2.22,1.11,1.11,13.33,0,3.33,3.33,0,3.33,6.67,11.11,1.11,4.44,2.22,0,5.56,3.33,1.11,"Forward"
"20673","Kawhi Leonard","kawhi leonard",2020-09-09,2020,"2019-10-22","2020-10-11",29.1991786447639,78,225,2011,1,15,"2011-12-27",2011,TRUE,"F",109,5,1,"Injury/Illness - Mouth; Laceration","mouth","laceration",628,127,51,4.31,99,1,80.19,10.2,7.84,92.16,84.31,64.71,29.41,19.61,0,3.92,3.92,0,9.8,7.84,1.96,0,15.69,17.65,5.88,3.92,0,31.37,5.88,3.92,7.84,3.92,3.92,0,27.45,0,11.76,5.88,1.96,3.92,0,0,0,3.92,3.92,0,0,0,21.57,0,0,0,21.57,13.73,1.96,0,1.96,1.96,13.73,5.88,0,5.88,1.96,3.92,9.8,0,0,"Forward"
"20673","Kawhi Leonard","kawhi leonard",2020-09-03,2020,"2019-10-22","2020-10-11",29.1827515400411,78,225,2011,1,15,"2011-12-27",2011,TRUE,"F",115,8,1,"Injury/Illness - Mouth; Laceration","mouth","laceration",622,124,63,29.12,82.74,90.66,70.15,31.5,14.29,95.24,79.37,63.49,22.22,14.29,3.17,1.59,3.17,6.35,7.94,19.05,6.35,3.17,14.29,9.52,4.76,6.35,1.59,20.63,6.35,4.76,7.94,3.17,1.59,3.17,20.63,0,11.11,4.76,0,1.59,0,0,4.76,3.17,3.17,0,0,0,12.7,1.59,1.59,0,12.7,0,3.17,1.59,1.59,0,9.52,12.7,4.76,9.52,0,6.35,3.17,3.17,0,"Forward"
"20673","Kawhi Leonard","kawhi leonard",2020-09-02,2020,"2019-10-22","2020-10-11",29.1800136892539,78,225,2011,1,15,"2011-12-27",2011,TRUE,"F",116,9,1,"Injury/Illness - Mouth; Laceration","mouth","laceration",621,124,54,1.78,99,86.01,48.44,9,9.26,98.15,85.19,66.67,27.78,18.52,3.7,9.26,1.85,3.7,9.26,20.37,3.7,0,11.11,16.67,5.56,9.26,0,27.78,14.81,5.56,12.96,11.11,1.85,0,37.04,1.85,20.37,5.56,0,0,11.11,0,5.56,1.85,1.85,0,0,0,20.37,1.85,0,0,18.52,0,0,0,0,1.85,16.67,16.67,1.85,7.41,0,9.26,9.26,3.7,0,"Forward"
"20673","Kawhi Leonard","kawhi leonard",2020-08-30,2020,"2019-10-22","2020-10-11",29.1718001368925,78,225,2011,1,15,"2011-12-27",2011,TRUE,"F",119,9,1,"Injury/Illness - Mouth; Laceration","mouth","laceration",618,123,95,11.16,93.21,98.02,92.27,11.88,11.58,95.79,81.05,57.89,20,13.68,4.21,2.11,7.37,0,6.32,9.47,3.16,4.21,10.53,7.37,11.58,6.32,1.05,29.47,5.26,6.32,5.26,2.11,3.16,3.16,25.26,2.11,14.74,8.42,3.16,0,3.16,0,2.11,7.37,6.32,1.05,0,0,11.58,2.11,0,1.05,9.47,0,4.21,4.21,0,5.26,13.68,9.47,1.05,9.47,4.21,1.05,4.21,6.32,0,"Forward"
"20673","Kawhi Leonard","kawhi leonard",2020-08-16,2020,"2019-10-22","2020-10-11",29.1334702258727,78,225,2011,1,15,"2011-12-27",2011,TRUE,"F",133,15,1,"Injury/Illness - Mouth; Laceration","mouth","laceration",604,118,57,36.67,60.92,14.46,99,14.25,17.54,92.98,71.93,56.14,14.04,8.77,3.51,3.51,0,1.75,5.26,12.28,7.02,0,14.04,10.53,12.28,3.51,1.75,21.05,7.02,5.26,14.04,5.26,5.26,3.51,28.07,1.75,14.04,3.51,0,5.26,3.51,0,5.26,10.53,10.53,0,0,0,10.53,0,0,0,10.53,3.51,7.02,7.02,0,1.75,3.51,1.75,0,1.75,3.51,8.77,7.02,0,0,"Forward"
"20673","Kawhi Leonard","kawhi leonard",2020-08-09,2020,"2019-10-22","2020-10-11",29.1143052703628,78,225,2011,1,15,"2011-12-27",2011,TRUE,"F",140,16,1,"Injury/Illness - Mouth; Laceration","mouth","laceration",597,116,52,47.73,93.13,98.89,49.66,8.67,5.77,94.23,76.92,61.54,17.31,9.62,3.85,1.92,3.85,0,7.69,9.62,3.85,0,19.23,11.54,5.77,5.77,0,21.15,3.85,3.85,3.85,1.92,1.92,0,23.08,0,11.54,7.69,0,0,1.92,1.92,1.92,1.92,1.92,0,0,0,13.46,1.92,1.92,0,11.54,5.77,0,0,0,3.85,23.08,9.62,0,9.62,7.69,1.92,1.92,3.85,1.92,"Forward"
"20673","Kawhi Leonard","kawhi leonard",2019-06-13,2019,"2018-12-20","2019-06-13",27.9561943874059,78,225,2011,1,15,"2011-12-27",2011,TRUE,"F",563,73,1,"Injury/Illness - Mouth; Laceration","mouth","laceration",174,59,139,2.53,31.99,99,41.45,17.38,10.07,96.4,83.45,64.75,24.46,19.42,12.95,3.6,1.44,0.72,5.04,12.23,5.04,0,8.63,11.51,9.35,10.07,0.72,24.46,3.6,3.6,7.19,5.76,1.44,0,31.65,2.16,10.79,2.88,2.16,0.72,2.16,0.72,2.16,2.88,2.16,0.72,0.72,0,12.95,4.32,0.72,3.6,9.35,1.44,3.6,2.16,1.44,0.72,17.99,12.95,3.6,10.07,6.47,10.07,6.47,0,0,"Forward"
"20673","Kawhi Leonard","kawhi leonard",2019-06-12,2019,"2018-12-20","2019-06-13",27.9534565366188,78,225,2011,1,15,"2011-12-27",2011,TRUE,"F",564,74,1,"Injury/Illness - Mouth; Laceration","mouth","laceration",173,59,84,73.36,27.1,97.09,88.66,14,13.1,91.67,80.95,61.9,11.9,8.33,4.76,0,3.57,0,3.57,17.86,11.9,2.38,16.67,7.14,10.71,4.76,2.38,20.24,5.95,2.38,5.95,1.19,4.76,0,19.05,0,9.52,2.38,1.19,1.19,3.57,1.19,3.57,4.76,4.76,0,0,0,4.76,1.19,1.19,0,4.76,0,1.19,1.19,0,1.19,8.33,10.71,7.14,7.14,4.76,0,4.76,2.38,0,"Forward"
"20673","Kawhi Leonard","kawhi leonard",2019-06-09,2019,"2018-12-20","2019-06-13",27.9452429842574,78,225,2011,1,15,"2011-12-27",2011,TRUE,"F",567,75,1,"Injury/Illness - Mouth; Laceration","mouth","laceration",170,58,61,69.49,83.72,99,0,15.25,13.11,96.72,81.97,60.66,13.11,8.2,1.64,1.64,4.92,0,4.92,11.48,8.2,0,19.67,6.56,8.2,8.2,1.64,21.31,6.56,0,3.28,1.64,1.64,0,26.23,0,13.11,3.28,1.64,1.64,1.64,1.64,3.28,0,0,0,0,0,9.84,1.64,0,1.64,8.2,0,0,0,0,3.28,6.56,18.03,1.64,14.75,14.75,3.28,3.28,3.28,0,"Forward"
"20673","Kawhi Leonard","kawhi leonard",2019-06-06,2019,"2018-12-20","2019-06-13",27.937029431896,78,225,2011,1,15,"2011-12-27",2011,TRUE,"F",570,76,1,"Injury/Illness - Mouth; Laceration","mouth","laceration",167,57,51,35.2,20,97.97,0,51,11.76,86.27,68.63,60.78,15.69,11.76,7.84,0,0,3.92,3.92,19.61,9.8,1.96,11.76,7.84,7.84,7.84,3.92,17.65,0,3.92,1.96,0,0,1.96,25.49,5.88,11.76,5.88,3.92,0,3.92,3.92,0,0,0,0,0,0,7.84,0,0,0,7.84,1.96,5.88,0,5.88,1.96,1.96,7.84,1.96,7.84,5.88,7.84,1.96,3.92,0,"Forward"
"20673","Kawhi Leonard","kawhi leonard",2019-06-04,2019,"2018-12-20","2019-06-13",27.9315537303217,78,225,2011,1,15,"2011-12-27",2011,TRUE,"F",572,77,1,"Injury/Illness - Mouth; Laceration","mouth","laceration",165,56,63,33.38,82.74,94.6,70.15,21,6.35,96.83,82.54,66.67,20.63,14.29,6.35,6.35,1.59,0,6.35,9.52,4.76,0,19.05,4.76,12.7,7.94,0,20.63,0,0,14.29,6.35,4.76,3.17,19.05,0,7.94,0,0,1.59,3.17,0,1.59,3.17,3.17,0,0,0,11.11,3.17,0,3.17,7.94,0,3.17,1.59,1.59,1.59,9.52,17.46,3.17,14.29,3.17,7.94,1.59,1.59,0,"Forward"
"20673","Kawhi Leonard","kawhi leonard",2019-06-02,2019,"2018-12-20","2019-06-13",27.9260780287474,78,225,2011,1,15,"2011-12-27",2011,TRUE,"F",574,77,1,"Injury/Illness - Mouth; Laceration","mouth","laceration",163,55,56,35.59,61.28,99,20.23,18.67,10.71,87.5,78.57,57.14,19.64,17.86,7.14,1.79,1.79,0,1.79,7.14,5.36,1.79,12.5,3.57,8.93,5.36,1.79,23.21,5.36,3.57,1.79,1.79,0,0,17.86,0,12.5,5.36,0,0,3.57,1.79,1.79,3.57,1.79,1.79,0,0,10.71,0,0,0,10.71,7.14,1.79,1.79,0,3.57,10.71,21.43,7.14,12.5,5.36,14.29,0,0,0,"Forward"
"20673","Kawhi Leonard","kawhi leonard",2019-06-01,2019,"2018-12-20","2019-06-13",27.9233401779603,78,225,2011,1,15,"2011-12-27",2011,TRUE,"F",575,78,1,"Injury/Illness - Mouth; Laceration","mouth","laceration",162,55,160,30.94,78.35,24.82,98.23,17.78,10,93.75,76.87,69.37,20.63,13.75,4.38,0.63,1.25,4.38,6.88,12.5,5.62,1.88,20.62,10.63,9.38,8.13,0.63,16.25,3.13,3.12,6.88,3.75,3.13,0,19.38,1.88,9.38,1.88,1.25,0.63,4.38,0.63,3.13,6.88,6.88,0,2.5,2.5,18.13,6.25,5,0,13.13,3.13,0.63,0,0.63,1.25,10.63,8.75,1.25,6.25,1.25,1.25,7.5,1.25,0,"Forward"
"20673","Kawhi Leonard","kawhi leonard",2019-05-30,2019,"2018-12-20","2019-06-13",27.917864476386,78,225,2011,1,15,"2011-12-27",2011,TRUE,"F",577,78,1,"Injury/Illness - Mouth; Laceration","mouth","laceration",160,54,108,21.76,20.91,86.01,99,18,11.11,90.74,71.3,60.19,16.67,11.11,6.48,0,0,4.63,5.56,17.59,5.56,2.78,11.11,7.41,11.11,5.56,2.78,18.52,6.48,5.56,3.7,1.85,0.93,0.93,24.07,1.85,12.96,2.78,0.93,0.93,5.56,0.93,5.56,8.33,8.33,0,0.93,0.93,13.89,4.63,1.85,0.93,11.11,2.78,5.56,4.63,0.93,2.78,12.04,9.26,2.78,5.56,1.85,2.78,6.48,3.7,0,"Forward"
"20673","Kawhi Leonard","kawhi leonard",2019-05-29,2019,"2018-12-20","2019-06-13",27.9151266255989,78,225,2011,1,15,"2011-12-27",2011,TRUE,"F",578,79,1,"Injury/Illness - Mouth; Laceration","mouth","laceration",159,54,79,17.06,40.06,90.41,59.98,11.29,10.13,97.47,82.28,64.56,15.19,7.59,3.8,1.27,2.53,0,7.59,17.72,6.33,7.59,11.39,6.33,12.66,11.39,1.27,16.46,10.13,8.86,3.8,3.8,0,0,26.58,0,13.92,2.53,1.27,1.27,2.53,1.27,5.06,5.06,3.8,1.27,1.27,0,6.33,1.27,1.27,0,6.33,0,8.86,7.59,1.27,1.27,10.13,10.13,2.53,7.59,5.06,2.53,3.8,3.8,0,"Forward"
"20673","Kawhi Leonard","kawhi leonard",2019-05-23,2019,"2018-12-20","2019-06-13",27.8986995208761,78,225,2011,1,15,"2011-12-27",2011,TRUE,"F",584,80,1,"Injury/Illness - Mouth; Laceration","mouth","laceration",153,52,52,96.67,93.13,70.92,4.87,26,13.46,92.31,80.77,50,7.69,7.69,0,3.85,0,3.85,0,15.38,9.62,3.85,17.31,3.85,1.92,5.77,0,19.23,9.62,13.46,11.54,3.85,5.77,1.92,7.69,0,1.92,1.92,0,0,0,0,0,9.62,3.85,5.77,0,0,9.62,1.92,0,0,7.69,0,3.85,3.85,0,5.77,9.62,17.31,0,15.38,3.85,5.77,1.92,1.92,0,"Forward"
"23350","Meyers Leonard","meyers leonard",2020-10-05,2020,"2019-10-22","2020-10-11",28.6050650239562,84,260,2012,1,11,"2012-11-01",2012,FALSE,"C",99,3,1,"Injury/Illness - Left Shoulder; Strain","shoulder","strain",208,5,61,31.41,99,80.96,44.83,15.25,11.48,96.72,80.33,62.3,14.75,9.84,0,4.92,1.64,0,4.92,13.11,6.56,1.64,14.75,14.75,8.2,4.92,1.64,22.95,6.56,6.56,6.56,4.92,1.64,0,27.87,1.64,8.2,3.28,0,0,0,3.28,1.64,4.92,3.28,1.64,0,0,19.67,1.64,0,1.64,16.39,6.56,3.28,0,0,0,14.75,9.84,0,8.2,9.84,4.92,9.84,0,0,"Center"
"23350","Meyers Leonard","meyers leonard",2019-05-19,2019,"2018-12-20","2019-06-13",27.2224503764545,84,260,2012,1,11,"2012-11-01",2012,FALSE,"C",262,50,1,"Injury/Illness - Left Ankle; Sprain","ankle","sprain",149,43,120,20.35,73.47,91.92,72.45,20,16.67,98.33,76.67,55.83,15.83,12.5,5.83,0.83,1.67,0.83,3.33,7.5,5,0,10.83,9.17,7.5,10.83,0,25,3.33,2.5,4.17,1.67,1.67,0.83,37.5,3.33,10.83,1.67,0.83,4.17,3.33,0,1.67,3.33,3.33,0,0,0,15.83,5.83,0.83,5,10.83,5,2.5,0.83,1.67,3.33,11.67,5,2.5,4.17,17.5,10,3.33,2.5,1.67,"Center"
"23993","Damian Lillard","damian lillard",2021-03-07,2021,"2020-12-22","2021-07-20",30.6447638603696,74,200,2012,1,6,"2012-11-01",2012,TRUE,"G",19,9,1,"Injury/Illness - Left Knee; Contusion","knee","contusion",31,14,74,31.35,14.33,96.85,0,14.8,10.81,90.54,72.97,59.46,14.86,6.76,2.7,2.7,0,1.35,8.11,16.22,9.46,0,8.11,9.46,2.7,12.16,1.35,17.57,8.11,8.11,4.05,2.7,1.35,0,36.49,5.41,12.16,1.35,0,0,4.05,0,8.11,0,0,0,0,0,5.41,1.35,0,0,4.05,0,5.41,1.35,2.7,0,8.11,8.11,4.05,2.7,9.46,12.16,1.35,2.7,0,"Guard"
"23993","Damian Lillard","damian lillard",2019-05-20,2019,"2018-12-20","2019-06-13",28.8459958932238,74,200,2012,1,6,"2012-11-01",2012,TRUE,"G",183,14,1,"Injury/Illness - Back; Spasms","back","spasm",150,65,102,40.88,93.56,60.65,66.58,17,7.84,95.1,80.39,59.8,17.65,10.78,0.98,3.92,2.94,2.94,6.86,16.67,10.78,1.96,11.76,11.76,3.92,6.86,1.96,23.53,8.82,8.82,7.84,4.9,2.94,0.98,22.55,0,10.78,2.94,0.98,0.98,0,0,3.92,2.94,2.94,0,0,0,13.73,2.94,0.98,1.96,11.76,0,3.92,2.94,0.98,1.96,9.8,12.75,0,10.78,1.96,7.84,4.9,0.98,0,"Guard"
"23993","Damian Lillard","damian lillard",2019-05-17,2019,"2018-12-20","2019-06-13",28.8377823408624,74,200,2012,1,6,"2012-11-01",2012,TRUE,"G",186,16,1,"Injury/Illness - Back; Spasms","back","spasm",147,64,84,39.01,99,92.84,75.77,16.8,7.14,100,78.57,64.29,21.43,17.86,3.57,10.71,0,3.57,3.57,16.67,7.14,3.57,14.29,9.52,3.57,7.14,0,21.43,4.76,5.95,15.48,10.71,3.57,1.19,25,0,9.52,3.57,1.19,0,1.19,1.19,2.38,5.95,4.76,1.19,2.38,1.19,16.67,2.38,0,0,14.29,0,7.14,4.76,0,2.38,13.1,15.48,2.38,10.71,3.57,7.14,5.95,0,0,"Guard"
"23993","Damian Lillard","damian lillard",2019-05-16,2019,"2018-12-20","2019-06-13",28.8350444900753,74,200,2012,1,6,"2012-11-01",2012,TRUE,"G",187,16,1,"Injury/Illness - Back; Spasms","back","spasm",146,63,70,48.23,72.87,86.85,94.7,23.33,15.71,92.86,77.14,57.14,12.86,11.43,2.86,4.29,0,4.29,1.43,20,11.43,8.57,7.14,5.71,4.29,11.43,1.43,15.71,10,14.29,10,7.14,2.86,1.43,22.86,0,15.71,4.29,2.86,0,1.43,1.43,5.71,5.71,5.71,0,0,0,11.43,2.86,2.86,0,11.43,0,2.86,2.86,0,0,4.29,8.57,5.71,4.29,1.43,10,2.86,2.86,0,"Guard"
"23993","Damian Lillard","damian lillard",2019-05-14,2019,"2018-12-20","2019-06-13",28.829568788501,74,200,2012,1,6,"2012-11-01",2012,TRUE,"G",189,17,1,"Injury/Illness - Back; Spasms","back","spasm",144,62,77,18.12,7.72,92.29,0,19.25,12.99,96.1,81.82,62.34,22.08,16.88,12.99,0,1.3,2.6,5.19,11.69,3.9,5.19,12.99,9.09,6.49,6.49,1.3,25.97,2.6,6.49,3.9,0,2.6,1.3,29.87,0,18.18,3.9,3.9,3.9,3.9,1.3,1.3,0,0,0,0,0,7.79,1.3,0,0,6.49,1.3,0,0,0,1.3,7.79,10.39,1.3,5.19,5.19,9.09,0,0,0,"Guard"
"23993","Damian Lillard","damian lillard",2019-02-17,2019,"2018-12-20","2019-06-13",28.5941136208077,74,200,2012,1,6,"2012-11-01",2012,TRUE,"G",275,54,1,"Injury/Illness - Back; Spasms","back","spasm",58,25,86,1,93.3,76.46,20.23,17.2,4.65,98.84,88.37,69.77,22.09,15.12,3.49,0,11.63,0,6.98,8.14,2.33,1.16,15.12,16.28,15.12,5.81,5.81,27.91,6.98,3.49,5.81,1.16,4.65,0,40.7,1.16,17.44,5.81,2.33,5.81,0,1.16,4.65,2.33,1.16,1.16,1.16,1.16,13.95,1.16,1.16,0,13.95,1.16,1.16,0,1.16,1.16,13.95,9.3,2.33,6.98,4.65,1.16,13.95,0,0,"Guard"
"23993","Damian Lillard","damian lillard",2019-02-16,2019,"2018-12-20","2019-06-13",28.5913757700205,74,200,2012,1,6,"2012-11-01",2012,TRUE,"G",276,55,1,"Injury/Illness - Back; Spasms","back","spasm",57,25,69,27.02,31.94,92.58,7.29,17.25,11.59,97.1,86.96,69.57,21.74,8.7,4.35,0,2.9,0,13.04,13.04,5.8,0,17.39,11.59,4.35,5.8,4.35,21.74,10.14,4.35,0,0,0,0,28.99,0,20.29,4.35,8.7,1.45,5.8,2.9,2.9,1.45,0,1.45,1.45,0,8.7,0,0,0,7.25,1.45,1.45,0,1.45,1.45,10.14,17.39,1.45,13.04,1.45,2.9,7.25,1.45,0,"Guard"
"23993","Damian Lillard","damian lillard",2023-02-18,2023,"2022-10-18","2023-06-12",32.5968514715948,74,200,2012,1,6,"2012-11-01",2012,TRUE,"G",22,9,1,"Injury/Illness - Right Calf; Tightness","calf","tightness",77,35,70,15.41,2.47,98.38,65.27,17.5,8.57,92.86,82.86,68.57,27.14,18.57,14.29,0,4.29,0,8.57,17.14,7.14,1.43,12.86,8.57,4.29,7.14,2.86,20,4.29,2.86,7.14,0,7.14,1.43,25.71,0,15.71,5.71,1.43,2.86,1.43,1.43,2.86,5.71,4.29,1.43,0,0,5.71,1.43,0,0,4.29,0,0,0,0,1.43,11.43,5.71,1.43,4.29,4.29,10,1.43,0,0,"Guard"
"23993","Damian Lillard","damian lillard",2023-02-18,2023,"2022-10-18","2023-06-12",32.5968514715948,74,200,2012,1,6,"2012-11-01",2012,TRUE,"G",22,9,1,"Injury/Illness - Right Calf; Tightness","calf","tightness",77,35,92,21.04,8.12,98.67,53.96,23,9.78,95.65,76.09,65.22,19.57,13.04,11.96,0,0,1.09,6.52,17.39,5.43,2.17,15.22,6.52,11.96,9.78,0,13.04,7.61,6.52,1.09,0,1.09,0,17.39,1.09,10.87,3.26,2.17,0,3.26,1.09,0,2.17,2.17,0,1.09,1.09,4.35,0,0,0,4.35,1.09,3.26,1.09,1.09,0,20.65,13.04,0,10.87,4.35,1.09,2.17,0,0,"Guard"
"23993","Damian Lillard","damian lillard",2023-12-07,2024,"2023-10-24","2024-06-17",33.3963039014374,74,200,2012,1,6,"2012-11-01",2012,TRUE,"G",61,27,1,"Injury/Illness - Left Ankle; Sprain","ankle","sprain",242,19,60,22.17,15.75,63.35,45.29,12,10,86.67,80,61.67,30,15,10,0,1.67,0,15,16.67,10,0,8.33,10,3.33,1.67,0,26.67,1.67,0,1.67,0,1.67,0,26.67,0,10,5,0,0,3.33,0,1.67,1.67,1.67,0,0,0,5,0,0,0,5,3.33,1.67,1.67,0,3.33,5,5,5,0,1.67,11.67,6.67,1.67,0,"Guard"
"23993","Damian Lillard","damian lillard",2026-02-14,2026,"2025-10-21","2026-06-13",35.5865845311431,74,200,2012,1,6,"2012-11-01",2012,TRUE,"G",1,1,0,NA,NA,NA,2,0,69,51.87,24.56,55.19,95.08,23,15.94,92.75,81.16,66.67,17.39,7.25,4.35,0,2.9,0,10.14,20.29,7.25,1.45,17.39,13.04,2.9,5.8,1.45,20.29,5.8,10.14,10.14,1.45,8.7,2.9,20.29,1.45,14.49,4.35,0,2.9,2.9,0,4.35,5.8,5.8,0,0,0,5.8,1.45,0,0,4.35,0,0,0,0,2.9,8.7,7.25,0,5.8,2.9,1.45,7.25,0,0,"Guard"
"23993","Damian Lillard","damian lillard",2024-12-16,2025,"2024-10-22","2025-06-22",34.4229979466119,74,200,2012,1,6,"2012-11-01",2012,TRUE,"G",4,1,1,"Injury/Illness - Right Calf; Strain","calf","strain",230,23,61,10.94,40.06,99,71.67,10.17,0,96.72,88.52,67.21,24.59,14.75,6.56,3.28,0,4.92,9.84,18.03,8.2,1.64,9.84,13.11,3.28,4.92,4.92,21.31,9.84,8.2,4.92,4.92,0,0,37.7,1.64,14.75,6.56,3.28,0,1.64,0,3.28,3.28,3.28,0,1.64,1.64,11.48,1.64,1.64,0,11.48,1.64,0,0,0,0,11.48,4.92,0,4.92,11.48,6.56,8.2,0,0,"Guard"
"23993","Damian Lillard","damian lillard",2024-12-14,2025,"2024-10-22","2025-06-22",34.4175222450376,74,200,2012,1,6,"2012-11-01",2012,TRUE,"G",6,1,1,"Injury/Illness - Right Calf; Strain","calf","strain",228,22,66,78.71,86.82,79.84,86.79,13.2,10.61,93.94,65.15,57.58,12.12,12.12,4.55,0,4.55,0,0,15.15,12.12,0,19.7,7.58,12.12,4.55,1.52,15.15,0,4.55,3.03,1.52,0,1.52,18.18,1.52,7.58,3.03,3.03,0,0,1.52,0,4.55,4.55,0,3.03,3.03,10.61,1.52,1.52,0,10.61,3.03,3.03,3.03,0,3.03,10.61,13.64,3.03,10.61,3.03,0,7.58,3.03,1.52,"Guard"
"23993","Damian Lillard","damian lillard",2024-12-13,2025,"2024-10-22","2025-06-22",34.4147843942505,74,200,2012,1,6,"2012-11-01",2012,TRUE,"G",7,2,1,"Injury/Illness - Right Calf; Strain","calf","strain",227,22,75,70.82,98.38,72.01,39.67,10.71,10.67,90.67,72,62.67,21.33,13.33,2.67,4,5.33,0,8,16,10.67,0,18.67,14.67,1.33,0,1.33,21.33,2.67,1.33,8,4,4,2.67,24,2.67,9.33,2.67,0,0,4,2.67,2.67,4,2.67,1.33,0,0,13.33,0,0,0,13.33,0,5.33,4,0,2.67,12,12,2.67,10.67,0,6.67,8,0,0,"Guard"
"Youtube/1016.mp3","Damian Lillard","damian lillard",2026-02-14,2026,"2025-10-21","2026-06-13",35.5865845311431,74,200,2012,1,6,"2012-11-01",2012,TRUE,"G",1,1,0,NA,NA,NA,2,0,2016,9.16,53.69,97.82,43.09,14.72,9.08,94.64,81.25,65.18,24.6,16.27,8.98,1.24,4.91,0.3,8.33,14.78,5.31,1.24,12.1,11.21,6.15,8.09,1.49,22.07,4.66,4.61,5.06,2.53,1.59,1.14,28.08,1.19,14.43,6.94,1.64,1.14,2.18,0.4,3.57,3.08,2.28,0.74,0.74,0.6,12.15,2.28,0.84,0.79,10.17,1.09,2.73,1.09,1.14,0.5,11.9,8.73,1.74,5.61,4.22,4.96,6.2,0.69,0.69,"Guard"
"Youtube/1520.mp3","Damian Lillard","damian lillard",2023-02-26,2023,"2022-10-18","2023-06-12",32.6187542778919,74,200,2012,1,6,"2012-11-01",2012,TRUE,"G",14,7,1,"Injury/Illness - Right Calf; Tightness","calf","tightness",85,36,389,27.57,44.63,95.99,38.88,12.16,4.63,94.34,83.03,61.44,23.39,18.25,10.28,0.77,3.86,1.29,5.14,13.88,5.14,3.34,13.37,6.94,3.86,7.97,0.77,22.88,5.66,7.2,4.88,1.29,3.08,0.77,18.51,0.26,9.25,4.63,0.51,2.31,0.77,0,1.29,4.88,3.08,1.8,1.54,0.51,11.57,3.08,1.03,1.03,8.48,2.57,1.8,1.03,0.77,2.06,11.57,13.62,3.6,8.23,4.11,7.71,1.54,2.31,2.06,"Guard"
"Youtube/236.mp3","Damian Lillard","damian lillard",2025-03-16,2025,"2024-10-22","2025-06-22",34.6694045174538,74,200,2012,1,6,"2012-11-01",2012,TRUE,"G",8,1,1,"Injury/Illness - Right Calf; Strain","calf","strain",85,36,712,12.06,99,66.75,70.97,14.24,8.85,95.37,84.69,65.17,26.69,18.4,2.25,4.21,8.15,3.37,8.29,14.75,5.9,1.4,13.06,11.66,5.48,6.04,1.12,25.7,5.62,4.21,8.99,5.48,2.39,1.26,28.79,0.56,15.87,6.6,1.26,2.53,2.39,0.84,2.11,4.35,3.79,0.56,0.98,0.56,18.96,2.53,1.26,0.7,17.42,0.28,2.11,1.54,0.42,1.4,13.06,7.87,2.81,5.62,3.93,1.54,7.02,4.21,4.35,"Guard"
"Youtube/2571.mp3","Damian Lillard","damian lillard",2025-03-16,2025,"2024-10-22","2025-06-22",34.6694045174538,74,200,2012,1,6,"2012-11-01",2012,TRUE,"G",8,1,1,"Injury/Illness - Right Calf; Strain","calf","strain",85,36,713,12.56,99,66.56,70.91,13.98,8.84,95.37,84.43,64.94,26.51,18.37,2.24,4.21,8.13,3.37,8.13,14.73,5.89,1.4,13.04,11.5,5.47,6.03,1.12,25.53,5.61,4.21,9.12,5.61,2.38,1.26,28.61,0.56,15.85,6.59,1.26,2.52,2.38,0.84,2.1,4.35,3.79,0.56,0.98,0.56,19.21,2.66,1.4,0.7,17.53,0.28,2.1,1.54,0.42,1.4,13.04,7.85,2.81,5.61,3.93,1.54,6.87,4.21,4.35,"Guard"
"Youtube/4085.mp3","Damian Lillard","damian lillard",2023-02-26,2023,"2022-10-18","2023-06-12",32.6187542778919,74,200,2012,1,6,"2012-11-01",2012,TRUE,"G",14,7,1,"Injury/Illness - Right Calf; Tightness","calf","tightness",85,36,389,27.57,44.63,95.99,38.88,12.16,4.63,94.34,83.03,61.44,23.39,18.25,10.28,0.77,3.86,1.29,5.14,13.88,5.14,3.34,13.37,6.94,3.86,7.97,0.77,22.88,5.66,7.2,4.88,1.29,3.08,0.77,18.51,0.26,9.25,4.63,0.51,2.31,0.77,0,1.29,4.88,3.08,1.8,1.54,0.51,11.57,3.08,1.03,1.03,8.48,2.57,1.8,1.03,0.77,2.06,11.57,13.62,3.6,8.23,4.11,7.71,1.54,2.31,2.06,"Guard"
"Youtube/4559.mp3","Damian Lillard","damian lillard",2026-02-14,2026,"2025-10-21","2026-06-13",35.5865845311431,74,200,2012,1,6,"2012-11-01",2012,TRUE,"G",1,1,0,NA,NA,NA,2,0,2018,8.83,53.67,97.84,43.06,14.11,9.07,94.65,81.32,65.26,24.63,16.25,8.97,1.24,4.91,0.3,8.37,14.72,5.25,1.24,12.09,11.2,6.24,8.18,1.49,22.05,4.66,4.56,5,2.53,1.59,1.09,28.05,1.19,14.37,6.94,1.64,1.09,2.18,0.4,3.57,3.07,2.28,0.74,0.74,0.59,12.14,2.28,0.84,0.79,10.16,1.09,2.73,1.09,1.14,0.5,11.89,8.72,1.73,5.6,4.21,5,6.24,0.69,0.74,"Guard"
"23205","Jeremy Lin","jeremy lin",2019-05-29,2019,"2018-12-20","2019-06-13",30.7624914442163,75,200,NA,NA,NA,"2010-10-28",2010,FALSE,"G",7,1,0,NA,NA,NA,27,3,146,1.95,9.98,96.44,29.46,24.33,13.7,97.26,85.62,69.18,19.86,7.53,4.79,0,2.05,0.68,12.33,13.7,2.74,2.05,11.64,10.27,11.64,13.7,2.74,20.55,4.11,7.53,4.11,0,4.11,0,32.88,3.42,14.38,2.05,0.68,2.74,0.68,3.42,5.48,2.05,1.37,0.68,0.68,0.68,5.48,1.37,0,1.37,4.11,0,2.05,0,2.05,3.42,14.38,7.53,1.37,6.16,10.96,2.74,6.16,1.37,0,"Guard"
"28013","Kevon Looney","kevon looney",2022-06-15,2022,"2021-10-19","2022-06-16",26.3545516769336,81,222,2015,1,30,"2016-01-28",2015,TRUE,"F",1225,260,1,"Injury/Illness - Left Knee; Sprain","knee","sprain",480,145,62,60.93,76.43,79.1,99,15.5,4.84,100,75.81,56.45,12.9,4.84,0,1.61,3.23,0,8.06,8.06,6.45,1.61,19.35,12.9,6.45,6.45,0,30.65,4.84,0,6.45,1.61,3.23,1.61,17.74,0,6.45,1.61,0,1.61,0,0,3.23,11.29,9.68,1.61,3.23,3.23,4.84,0,0,0,4.84,0,6.45,6.45,0,8.06,20.97,11.29,3.23,9.68,6.45,1.61,6.45,9.68,0,"Forward"
"28013","Kevon Looney","kevon looney",2022-06-12,2022,"2021-10-19","2022-06-16",26.3463381245722,81,222,2015,1,30,"2016-01-28",2015,TRUE,"F",1228,261,1,"Injury/Illness - Left Knee; Sprain","knee","sprain",477,144,91,28.19,28.02,38.31,71.92,22.75,12.09,95.6,79.12,62.64,25.27,12.09,7.69,2.2,1.1,0,13.19,9.89,3.3,0,18.68,8.79,4.4,6.59,1.1,20.88,4.4,6.59,5.49,2.2,2.2,1.1,25.27,4.4,13.19,3.3,0,3.3,5.49,0,1.1,3.3,3.3,0,1.1,1.1,13.19,7.69,0,4.4,4.4,1.1,3.3,2.2,1.1,1.1,13.19,6.59,1.1,4.4,3.3,3.3,2.2,0,0,"Forward"
"28013","Kevon Looney","kevon looney",2022-06-09,2022,"2021-10-19","2022-06-16",26.3381245722108,81,222,2015,1,30,"2016-01-28",2015,TRUE,"F",1231,262,1,"Injury/Illness - Left Knee; Sprain","knee","sprain",474,143,62,46.42,92.62,25.64,44.38,12.4,9.68,98.39,70.97,53.23,12.9,8.06,0,8.06,0,0,4.84,16.13,6.45,0,11.29,6.45,6.45,9.68,0,17.74,6.45,3.23,16.13,8.06,3.23,4.84,17.74,0,12.9,3.23,1.61,1.61,0,1.61,4.84,1.61,1.61,0,0,0,9.68,1.61,0,1.61,8.06,0,14.52,11.29,3.23,0,8.06,9.68,3.23,3.23,1.61,0,3.23,4.84,0,"Forward"
"28013","Kevon Looney","kevon looney",2022-06-08,2022,"2021-10-19","2022-06-16",26.3353867214237,81,222,2015,1,30,"2016-01-28",2015,TRUE,"F",1232,262,1,"Injury/Illness - Left Knee; Sprain","knee","sprain",473,142,55,66.59,99,16.38,20.23,13.75,14.55,81.82,60,47.27,14.55,14.55,0,7.27,1.82,5.45,0,10.91,7.27,3.64,12.73,5.45,3.64,5.45,1.82,10.91,7.27,10.91,9.09,7.27,1.82,0,10.91,1.82,5.45,1.82,0,0,1.82,0,1.82,3.64,1.82,1.82,0,0,14.55,0,0,0,14.55,0,1.82,0,0,1.82,9.09,10.91,3.64,5.45,0,5.45,0,0,0,"Forward"
"28013","Kevon Looney","kevon looney",2022-06-05,2022,"2021-10-19","2022-06-16",26.3271731690623,81,222,2015,1,30,"2016-01-28",2015,TRUE,"F",1235,263,1,"Injury/Illness - Left Knee; Sprain","knee","sprain",470,141,55,34.49,21.2,50.45,47.86,27.5,9.09,89.09,70.91,61.82,14.55,9.09,5.45,0,0,1.82,5.45,10.91,5.45,0,16.36,10.91,9.09,9.09,0,16.36,3.64,3.64,10.91,0,7.27,3.64,20,0,1.82,0,0,0,0,0,1.82,1.82,1.82,0,1.82,1.82,3.64,0,0,0,3.64,1.82,1.82,0,1.82,3.64,5.45,10.91,0,9.09,3.64,7.27,1.82,0,0,"Forward"
"28013","Kevon Looney","kevon looney",2022-06-04,2022,"2021-10-19","2022-06-16",26.3244353182752,81,222,2015,1,30,"2016-01-28",2015,TRUE,"F",1236,264,1,"Injury/Illness - Left Knee; Sprain","knee","sprain",469,141,59,48.82,1,99,45.75,8.43,6.78,93.22,77.97,67.8,18.64,13.56,13.56,0,0,0,5.08,30.51,13.56,3.39,11.86,11.86,5.08,5.08,1.69,16.95,8.47,11.86,1.69,0,1.69,0,22.03,0,10.17,1.69,1.69,0,5.08,0,3.39,1.69,1.69,0,1.69,1.69,3.39,1.69,0,1.69,1.69,0,3.39,0,3.39,0,3.39,10.17,3.39,6.78,5.08,11.86,1.69,0,0,"Forward"
"28013","Kevon Looney","kevon looney",2022-05-26,2022,"2021-10-19","2022-06-16",26.299794661191,81,222,2015,1,30,"2016-01-28",2015,TRUE,"F",1245,265,1,"Injury/Illness - Left Knee; Sprain","knee","sprain",460,139,51,35.2,40.06,97.97,80.19,8.5,7.84,98.04,76.47,62.75,19.61,9.8,5.88,0,3.92,0,9.8,21.57,9.8,1.96,15.69,15.69,7.84,3.92,0,25.49,3.92,3.92,1.96,0,1.96,0,31.37,1.96,11.76,0,3.92,3.92,0,1.96,1.96,3.92,3.92,0,1.96,1.96,3.92,0,0,0,3.92,0,7.84,3.92,3.92,0,13.73,15.69,1.96,15.69,7.84,1.96,11.76,3.92,0,"Forward"
"28013","Kevon Looney","kevon looney",2019-05-29,2019,"2018-12-20","2019-06-13",23.3073237508556,81,222,2015,1,30,"2016-01-28",2015,TRUE,"F",7,2,1,"Injury/Illness - Right 1st Costal Cartilage Non- displaced Fracture","","fracture",158,64,118,80.78,12.61,87.93,98.08,23.6,6.78,94.07,77.97,58.47,16.1,9.32,7.63,0,1.69,0,6.78,22.88,12.71,1.69,13.56,3.39,2.54,6.78,2.54,13.56,5.08,11.02,8.47,0,6.78,2.54,20.34,0.85,6.78,1.69,0.85,0,0,1.69,2.54,8.47,7.63,0.85,1.69,1.69,5.93,0.85,0,0,5.08,1.69,6.78,2.54,4.24,0.85,8.47,5.93,1.69,3.39,7.63,3.39,5.08,0,0,"Forward"
"28013","Kevon Looney","kevon looney",2023-05-13,2023,"2022-10-18","2023-06-12",27.2635181382615,81,222,2015,1,30,"2016-01-28",2015,TRUE,"F",893,164,1,"Injury/Illness - Left Knee; Sprain","knee","sprain",812,241,108,58.02,96.69,92.16,0,21.6,9.26,95.37,80.56,67.59,13.89,9.26,0,9.26,0,0,4.63,21.3,12.96,0,12.96,12.04,8.33,3.7,1.85,13.89,9.26,12.04,10.19,10.19,0,0,32.41,5.56,6.48,0,0,0.93,0,0.93,4.63,0,0,0,0,0,11.11,0,0,0,11.11,0.93,0,0,0,0,8.33,7.41,1.85,6.48,13.89,8.33,0.93,0,0,"Forward"
"28013","Kevon Looney","kevon looney",2023-04-23,2023,"2022-10-18","2023-06-12",27.2087611225188,81,222,2015,1,30,"2016-01-28",2015,TRUE,"F",913,173,1,"Injury/Illness - Left Knee; Sprain","knee","sprain",792,231,69,17.31,99,65.33,84.9,23,11.59,86.96,71.01,59.42,24.64,13.04,2.9,7.25,0,0,11.59,13.04,4.35,0,11.59,8.7,7.25,4.35,0,15.94,2.9,2.9,13.04,11.59,1.45,0,17.39,1.45,7.25,4.35,4.35,0,1.45,0,0,4.35,4.35,0,0,0,18.84,5.8,4.35,0,14.49,4.35,0,0,0,1.45,5.8,10.14,4.35,5.8,5.8,2.9,5.8,0,0,"Forward"
"28013","Kevon Looney","kevon looney",2023-04-20,2023,"2022-10-18","2023-06-12",27.2005475701574,81,222,2015,1,30,"2016-01-28",2015,TRUE,"F",916,174,1,"Injury/Illness - Left Knee; Sprain","knee","sprain",789,230,68,42.31,99,36.2,41.97,13.6,5.88,97.06,76.47,63.24,17.65,13.24,0,13.24,0,0,4.41,17.65,8.82,2.94,13.24,8.82,7.35,5.88,1.47,19.12,5.88,10.29,19.12,14.71,2.94,1.47,16.18,1.47,8.82,4.41,1.47,1.47,0,1.47,1.47,2.94,1.47,0,1.47,0,14.71,1.47,1.47,0,14.71,0,7.35,5.88,1.47,0,2.94,13.24,2.94,8.82,0,16.18,1.47,1.47,0,"Forward"
"28013","Kevon Looney","kevon looney",2024-04-17,2024,"2023-10-24","2024-06-17",28.1943874058864,81,222,2015,1,30,"2016-01-28",2015,TRUE,"F",553,89,1,"Injury/Illness - Left Knee; Sprain","knee","sprain",1152,316,121,50.09,19.12,67.76,45.06,24.2,7.44,97.52,84.3,66.12,18.18,7.44,4.96,1.65,0.83,0,10.74,15.7,9.92,0,15.7,9.09,5.79,7.44,1.65,18.18,8.26,7.44,9.09,4.13,4.96,0,33.06,0,20.66,4.96,4.13,3.31,2.48,0.83,6.61,1.65,1.65,0,0,0,7.44,3.31,2.48,0,6.61,0.83,0.83,0.83,0,0,11.57,4.13,0.83,1.65,4.96,9.09,2.48,0,0,"Forward"
"Youtube/108.mp3","Kevon Looney","kevon looney",2023-05-12,2023,"2022-10-18","2023-06-12",27.2607802874743,81,222,2015,1,30,"2016-01-28",2015,TRUE,"F",894,164,1,"Injury/Illness - Left Knee; Sprain","knee","sprain",811,240,1484,28.15,78.04,86.21,59.32,17.06,9.37,95.49,81.47,63.48,19.88,13.34,4.85,4.31,2.16,1.28,6.54,16.24,7.35,0.47,13.27,9.97,4.51,8.09,2.36,20.82,5.53,6.81,8.22,5.86,2.22,0.27,28.23,2.16,13.21,5.8,1.01,1.82,1.55,0.61,2.9,3.37,2.9,0.4,0.74,0.54,12.13,2.09,0.88,0.47,10.44,1.55,2.22,0.94,1.15,1.82,11.32,7.61,1.08,6,6.06,6.13,3.64,1.21,1.42,"Forward"
"Youtube/3638.mp3","Kevon Looney","kevon looney",2023-05-12,2023,"2022-10-18","2023-06-12",27.2607802874743,81,222,2015,1,30,"2016-01-28",2015,TRUE,"F",894,164,1,"Injury/Illness - Left Knee; Sprain","knee","sprain",811,240,1484,28.15,78.04,86.21,59.32,17.26,9.37,95.49,81.47,63.48,19.88,13.34,4.85,4.31,2.16,1.28,6.54,16.24,7.35,0.47,13.27,9.97,4.51,8.09,2.36,20.82,5.53,6.81,8.22,5.86,2.22,0.27,28.23,2.16,13.21,5.8,1.01,1.82,1.55,0.61,2.9,3.37,2.9,0.4,0.74,0.54,12.13,2.09,0.88,0.47,10.44,1.55,2.22,0.94,1.15,1.82,11.32,7.61,1.08,6,6.06,6.13,3.64,1.21,1.42,"Forward"
"18422","Brook Lopez","brook lopez",2021-07-20,2021,"2020-12-22","2021-07-20",33.3004791238877,85,282,2008,1,10,"2008-10-29",2008,TRUE,"C",135,1,1,"Injury/Illness - Back; Surgery","back","surgery",942,236,69,20.27,79.94,92.58,98.81,17.25,15.94,100,81.16,62.32,24.64,14.49,8.7,0,1.45,1.45,10.14,20.29,7.25,2.9,10.14,7.25,7.25,5.8,0,14.49,8.7,8.7,10.14,4.35,4.35,1.45,31.88,7.25,7.25,1.45,1.45,0,1.45,1.45,2.9,7.25,7.25,0,5.8,5.8,21.74,4.35,1.45,0,17.39,2.9,4.35,0,4.35,0,14.49,7.25,2.9,2.9,7.25,7.25,7.25,0,0,"Center"
"18422","Brook Lopez","brook lopez",2021-07-10,2021,"2020-12-22","2021-07-20",33.2731006160164,85,282,2008,1,10,"2008-10-29",2008,TRUE,"C",145,5,1,"Injury/Illness - Back; Surgery","back","surgery",932,233,66,1,12.22,86.68,86.79,11,21.21,95.45,78.79,71.21,24.24,9.09,6.06,1.52,1.52,0,15.15,19.7,4.55,0,10.61,16.67,13.64,4.55,4.55,19.7,9.09,7.58,4.55,3.03,1.52,0,34.85,4.55,22.73,9.09,1.52,1.52,7.58,4.55,3.03,4.55,4.55,0,0,0,6.06,3.03,1.52,1.52,4.55,0,1.52,1.52,0,0,13.64,7.58,1.52,6.06,0,0,13.64,0,0,"Center"
"18422","Brook Lopez","brook lopez",2021-07-01,2021,"2020-12-22","2021-07-20",33.2484599589322,85,282,2008,1,10,"2008-10-29",2008,TRUE,"C",154,8,1,"Injury/Illness - Back; Surgery","back","surgery",923,229,63,78.06,82.74,77.17,43.94,31.5,12.7,95.24,76.19,61.9,12.7,4.76,0,4.76,0,0,7.94,20.63,11.11,3.17,17.46,7.94,7.94,6.35,0,12.7,4.76,11.11,6.35,4.76,1.59,1.59,19.05,0,9.52,1.59,1.59,0,0,4.76,1.59,1.59,1.59,0,0,0,4.76,0,0,0,4.76,0,3.17,3.17,0,0,14.29,12.7,3.17,11.11,4.76,11.11,1.59,0,1.59,"Center"
"18422","Brook Lopez","brook lopez",2021-06-25,2021,"2020-12-22","2021-07-20",33.2320328542094,85,282,2008,1,10,"2008-10-29",2008,TRUE,"C",160,11,1,"Injury/Illness - Back; Surgery","back","surgery",917,226,66,71.44,91.07,39.59,42.71,22,18.18,92.42,78.79,63.64,12.12,9.09,0,1.52,3.03,4.55,3.03,16.67,6.06,1.52,18.18,9.09,3.03,9.09,0,18.18,6.06,10.61,3.03,1.52,0,1.52,12.12,1.52,9.09,1.52,1.52,0,3.03,0,3.03,4.55,3.03,1.52,4.55,3.03,15.15,4.55,0,3.03,9.09,0,0,0,0,1.52,4.55,12.12,3.03,9.09,0,1.52,0,0,1.52,"Center"
"18422","Brook Lopez","brook lopez",2019-05-15,2019,"2018-12-20","2019-06-13",31.1184120465435,85,282,2008,1,10,"2008-10-29",2008,TRUE,"C",932,177,1,"Injury/Illness - Back; Surgery","back","surgery",145,60,53,15.07,62.44,96.75,99,13.25,9.43,92.45,84.91,60.38,20.75,11.32,3.77,7.55,0,0,9.43,9.43,3.77,0,13.21,13.21,3.77,5.66,3.77,28.3,9.43,3.77,9.43,7.55,0,1.89,24.53,1.89,7.55,1.89,0,1.89,0,0,3.77,7.55,7.55,0,0,0,9.43,1.89,0,1.89,7.55,0,5.66,1.89,3.77,0,11.32,13.21,3.77,11.32,5.66,15.09,1.89,1.89,0,"Center"
"Youtube/961.mp3","Brook Lopez","brook lopez",2021-07-05,2021,"2020-12-22","2021-07-20",33.2594113620808,85,282,2008,1,10,"2008-10-29",2008,TRUE,"C",150,7,1,"Injury/Illness - Back; Surgery","back","surgery",927,231,1035,5.89,97.12,75.01,86.75,13.27,12.66,94.4,81.55,64.15,23.48,15.94,4.15,4.15,5.22,0.58,7.54,11.69,4.73,0.97,11.88,13.53,8.21,7.83,0.77,24.54,5.41,4.25,6.96,4.83,1.26,0.97,30.34,1.64,15.56,6.96,0.1,1.26,3.09,1.74,3.19,5.12,4.73,0.19,1.45,1.16,15.17,2.13,0.58,1.26,13.14,2.03,3.09,2.42,0.48,0.68,13.43,7.83,1.84,5.6,3.09,4.44,6.86,2.42,3.09,"Center"
"13766","Kyle Lowry","kyle lowry",2019-06-13,2019,"2018-12-20","2019-06-13",33.2183436002738,72,196,2006,1,24,"2006-11-02",2006,FALSE,"G",150,8,1,"Injury/Illness - Distal phalanx fracture - left thumb","thumb","fracture",83,31,71,7.87,2.61,99,94.32,17.75,9.86,95.77,80.28,66.2,23.94,18.31,15.49,1.41,0,0,5.63,16.9,8.45,0,11.27,12.68,9.86,8.45,0,23.94,2.82,0,8.45,2.82,5.63,1.41,25.35,0,12.68,8.45,2.82,1.41,0,0,1.41,7.04,5.63,0,1.41,0,4.23,0,0,0,4.23,1.41,8.45,2.82,5.63,0,15.49,9.86,2.82,7.04,2.82,12.68,7.04,0,0,"Guard"
"13766","Kyle Lowry","kyle lowry",2019-06-12,2019,"2018-12-20","2019-06-13",33.2156057494867,72,196,2006,1,24,"2006-11-02",2006,FALSE,"G",151,9,1,"Injury/Illness - Distal phalanx fracture - left thumb","thumb","fracture",82,31,128,15.97,99,1,80.01,10.67,9.38,94.53,81.25,60.94,28.13,19.53,2.34,0,4.69,0,8.59,20.31,7.03,0.78,9.38,8.59,4.69,3.91,0.78,19.53,10.16,10.94,3.91,0,3.91,0,25.78,0,6.25,2.34,0.78,0,0,1.56,1.56,4.69,3.91,0,3.91,3.13,23.44,6.25,0.78,0.78,17.19,12.5,6.25,3.91,2.34,0,8.59,8.59,1.56,3.13,5.47,4.69,13.28,0,0.78,"Guard"
"13766","Kyle Lowry","kyle lowry",2019-06-10,2019,"2018-12-20","2019-06-13",33.2101300479124,72,196,2006,1,24,"2006-11-02",2006,FALSE,"G",153,9,1,"Injury/Illness - Distal phalanx fracture - left thumb","thumb","fracture",80,30,56,56.86,86.29,1,0,14,8.93,89.29,82.14,64.29,28.57,17.86,3.57,1.79,0,1.79,10.71,10.71,7.14,1.79,17.86,3.57,0,5.36,1.79,17.86,1.79,7.14,3.57,1.79,1.79,0,7.14,0,1.79,0,0,0,0,0,1.79,0,0,0,0,0,16.07,0,0,0,14.29,10.71,0,0,0,5.36,5.36,8.93,3.57,3.57,0,7.14,1.79,3.57,0,"Guard"
"13766","Kyle Lowry","kyle lowry",2019-06-01,2019,"2018-12-20","2019-06-13",33.1854893908282,72,196,2006,1,24,"2006-11-02",2006,FALSE,"G",162,13,1,"Injury/Illness - Distal phalanx fracture - left thumb","thumb","fracture",71,27,97,9.29,97.24,1,96.53,9.7,7.22,93.81,86.6,70.1,20.62,13.4,0,0,0,0,7.22,14.43,5.15,1.03,16.49,11.34,14.43,8.25,1.03,20.62,8.25,3.09,1.03,1.03,0,0,19.59,1.03,5.15,1.03,0,0,3.09,1.03,1.03,6.19,6.19,0,0,0,19.59,4.12,1.03,3.09,16.49,15.46,3.09,1.03,2.06,4.12,11.34,8.25,1.03,6.19,1.03,0,16.49,0,0,"Guard"
"13766","Kyle Lowry","kyle lowry",2019-05-29,2019,"2018-12-20","2019-06-13",33.1772758384668,72,196,2006,1,24,"2006-11-02",2006,FALSE,"G",165,14,1,"Injury/Illness - Distal phalanx fracture - left thumb","thumb","fracture",68,26,119,32.12,97.11,1.95,59.8,13.22,10.08,91.6,78.99,64.71,23.53,15.13,0,0,1.68,0.84,8.4,19.33,7.56,0,15.13,10.92,5.04,5.04,0.84,22.69,2.52,3.36,10.08,0.84,6.72,3.36,20.17,2.52,6.72,0.84,1.68,0.84,0.84,0.84,3.36,5.88,4.2,1.68,2.52,2.52,19.33,2.52,0.84,1.68,16.81,12.61,4.2,0,4.2,3.36,7.56,12.61,5.88,8.4,1.68,4.2,5.88,0,0,"Guard"
"13766","Kyle Lowry","kyle lowry",2019-05-25,2019,"2018-12-20","2019-06-13",33.1663244353183,72,196,2006,1,24,"2006-11-02",2006,FALSE,"G",169,14,1,"Injury/Illness - Distal phalanx fracture - left thumb","thumb","fracture",64,25,57,57.59,70.59,14.46,0,9.5,3.51,94.74,71.93,59.65,19.3,12.28,3.51,1.75,0,3.51,7.02,15.79,12.28,0,12.28,10.53,5.26,1.75,1.75,19.3,7.02,3.51,8.77,1.75,7.02,0,28.07,1.75,14.04,1.75,1.75,1.75,7.02,0,1.75,0,0,0,0,0,10.53,0,0,0,10.53,5.26,0,0,0,0,10.53,8.77,3.51,1.75,5.26,5.26,5.26,3.51,0,"Guard"
"13766","Kyle Lowry","kyle lowry",2019-05-23,2019,"2018-12-20","2019-06-13",33.160848733744,72,196,2006,1,24,"2006-11-02",2006,FALSE,"G",171,15,1,"Injury/Illness - Distal phalanx fracture - left thumb","thumb","fracture",62,24,66,45.12,96.39,5.07,42.71,13.2,9.09,93.94,83.33,68.18,24.24,12.12,0,1.52,1.52,1.52,12.12,21.21,9.09,1.52,13.64,6.06,4.55,6.06,0,16.67,6.06,7.58,1.52,1.52,0,0,16.67,0,9.09,3.03,3.03,0,1.52,0,3.03,1.52,1.52,0,0,0,16.67,3.03,0,3.03,13.64,7.58,7.58,1.52,6.06,0,12.12,7.58,1.52,7.58,1.52,4.55,3.03,0,0,"Guard"
"13766","Kyle Lowry","kyle lowry",2019-05-17,2019,"2018-12-20","2019-06-13",33.1444216290212,72,196,2006,1,24,"2006-11-02",2006,FALSE,"G",177,18,1,"Injury/Illness - Distal phalanx fracture - left thumb","thumb","fracture",56,21,54,44.1,99,1.17,99,7.71,9.26,88.89,77.78,44.44,18.52,12.96,1.85,11.11,0,0,5.56,18.52,7.41,1.85,5.56,5.56,5.56,1.85,0,18.52,14.81,20.37,24.07,11.11,9.26,3.7,14.81,0,3.7,1.85,1.85,0,0,0,0,14.81,14.81,0,0,0,11.11,0,0,0,11.11,0,9.26,9.26,0,3.7,5.56,1.85,0,1.85,0,11.11,1.85,0,0,"Guard"
"13766","Kyle Lowry","kyle lowry",2023-05-17,2023,"2022-10-18","2023-06-12",37.1444216290212,72,196,2006,1,24,"2006-11-02",2006,FALSE,"G",227,39,1,"Injury/Illness - Head; Contusion","head","contusion",121,32,79,17.06,99,16.07,59.98,15.8,7.59,96.2,77.22,60.76,25.32,17.72,1.27,8.86,0,6.33,7.59,16.46,7.59,0,8.86,8.86,5.06,6.33,0,20.25,5.06,3.8,15.19,10.13,3.8,2.53,18.99,3.8,7.59,1.27,2.53,0,0,1.27,1.27,5.06,3.8,1.27,3.8,2.53,25.32,6.33,1.27,0,20.25,2.53,1.27,0,1.27,1.27,7.59,11.39,2.53,6.33,0,0,7.59,7.59,1.27,"Guard"
"Youtube/2391.mp3","Kyle Lowry","kyle lowry",2021-03-24,2021,"2020-12-22","2021-07-20",34.9979466119097,72,196,2006,1,24,"2006-11-02",2006,FALSE,"G",41,9,1,"Injury/Illness - Back; Stiffness - lower","back","stiffness",29,11,3038,4.79,74.09,89.45,74.65,9.07,8.79,95.59,82.49,64.94,25.91,17.38,8.03,1.09,6.35,0.86,8.53,13.89,5.33,1.22,10.73,12.74,6.06,7.57,2.34,25.12,4.54,3.75,3.69,1.97,1.22,0.53,29.59,2.27,14.25,7.01,1.05,1.51,1.81,0.86,2.8,4.67,3.98,0.49,1.25,0.92,15.17,3.29,1.12,1.28,11.75,1.97,1.91,0.69,0.72,1.09,14.58,6.45,1.02,5.04,3.52,5.13,6.62,1.88,2.63,"Guard"
"Youtube/3455.mp3","Kyle Lowry","kyle lowry",2021-03-24,2021,"2020-12-22","2021-07-20",34.9979466119097,72,196,2006,1,24,"2006-11-02",2006,FALSE,"G",41,9,1,"Injury/Illness - Back; Stiffness - lower","back","stiffness",29,11,3041,4.82,74.38,89.26,75.5,9.05,8.75,95.59,82.51,64.95,25.95,17.4,8.02,1.09,6.38,0.85,8.55,13.88,5.33,1.22,10.75,12.76,6.02,7.53,2.33,25.16,4.54,3.75,3.72,1.97,1.25,0.53,29.56,2.27,14.24,7,1.05,1.51,1.81,0.85,2.8,4.74,4.04,0.49,1.25,0.92,15.26,3.35,1.15,1.32,11.77,1.97,1.91,0.69,0.72,1.09,14.57,6.41,1.02,5,3.52,5.16,6.54,1.87,2.63,"Guard"
"Youtube/4860.mp3","Kyle Lowry","kyle lowry",2021-03-24,2021,"2020-12-22","2021-07-20",34.9979466119097,72,196,2006,1,24,"2006-11-02",2006,FALSE,"G",41,9,1,"Injury/Illness - Back; Stiffness - lower","back","stiffness",29,11,3044,4.71,74.03,89.29,75.89,9.09,8.77,95.6,82.46,64.98,25.95,17.38,8.05,1.08,6.34,0.85,8.57,13.83,5.32,1.22,10.71,12.91,6.01,7.49,2.33,25.23,4.53,3.75,3.71,1.97,1.25,0.53,29.66,2.3,14.26,7,1.05,1.54,1.81,0.85,2.79,4.76,4.07,0.49,1.25,0.92,15.21,3.32,1.15,1.28,11.76,1.97,1.91,0.69,0.72,1.08,14.52,6.41,1.02,5.03,3.52,5.12,6.6,1.94,2.63,"Guard"
"Youtube/648.mp3","Kyle Lowry","kyle lowry",2021-03-24,2021,"2020-12-22","2021-07-20",34.9979466119097,72,196,2006,1,24,"2006-11-02",2006,FALSE,"G",41,9,1,"Injury/Illness - Back; Stiffness - lower","back","stiffness",29,11,3017,4.82,73.8,89.04,75.88,9.25,8.85,95.62,82.47,65.06,25.85,17.17,7.95,1.09,6.2,0.86,8.68,13.92,5.37,1.19,10.77,12.93,6.03,7.59,2.25,25.22,4.57,3.75,3.71,1.96,1.26,0.53,29.67,2.29,14.22,7.03,1.06,1.52,1.82,0.83,2.75,4.77,4.08,0.5,1.26,0.93,15.11,3.35,1.13,1.29,11.63,1.96,1.89,0.7,0.73,1.09,14.52,6.4,0.99,5.04,3.55,5.17,6.56,1.92,2.55,"Guard"
"Youtube/104.mp3","Sandro Mamukelashvili","sandro mamukelashvili",2026-02-04,2026,"2025-10-21","2026-06-13",26.7049965776865,81,240,2021,2,54,"2021-10-19",2021,TRUE,"F",88,37,0,NA,NA,NA,85,39,524,8.2,93.69,89.39,46.13,11.91,9.35,96.56,85.31,63.36,24.43,16.79,5.53,4.58,2.48,2.1,7.63,10.5,5.92,1.15,12.02,11.26,7.44,8.78,0.95,25.76,6.49,2.67,8.78,5.53,2.67,1.53,30.73,1.72,15.46,7.06,1.34,0.95,3.24,1.15,2.29,4.77,3.24,1.53,1.53,1.34,14.5,1.34,0.38,0.76,13.55,2.29,2.48,1.72,0.76,1.91,12.6,10.11,3.24,5.53,4.39,3.05,8.78,2.1,4.58,"Forward"
"Youtube/20.mp3","Sandro Mamukelashvili","sandro mamukelashvili",2025-12-20,2026,"2025-10-21","2026-06-13",26.5790554414784,81,240,2021,2,54,"2021-10-19",2021,TRUE,"F",134,59,0,NA,NA,NA,39,17,486,5.68,80.61,97.34,65.64,16.76,9.47,91.98,81.69,61.52,19.75,15.43,5.14,3.5,5.14,1.44,4.32,9.26,4.53,1.23,10.29,10.7,8.23,11.73,1.85,23.25,7.41,4.73,6.79,4.53,2.06,0.21,29.22,1.65,14.4,4.32,0.62,1.85,2.88,0.41,5.76,4.53,3.7,0.82,1.03,0.21,14.61,3.29,1.44,1.23,11.52,0.62,2.26,0.82,1.44,1.44,17.49,9.67,2.26,6.17,7,2.88,8.02,2.67,2.67,"Forward"
"Youtube/212.mp3","Sandro Mamukelashvili","sandro mamukelashvili",2025-11-04,2026,"2025-10-21","2026-06-13",26.4531143052704,81,240,2021,2,54,"2021-10-19",2021,TRUE,"F",7,2,1,"Injury/Illness - Neck; Contusion - stiffness","neck","contusion",721,111,955,5.83,49.4,75.29,76.99,13.64,8.9,95.81,83.87,64.82,22.93,18.43,8.9,0.21,2.83,1.15,4.5,10.05,4.71,0.94,13.4,9.32,9.21,12.04,1.88,20.31,5.03,4.29,3.77,0.84,1.88,1.15,27.75,1.68,15.92,6.07,1.15,2.41,4.4,0.42,2.83,5.76,4.71,1.05,1.47,1.26,13.93,2.2,0.42,0.84,12.15,5.76,2.93,1.57,1.05,1.88,13.82,9.63,1.88,5.13,4.29,2.72,7.23,2.51,3.98,"Forward"
"Youtube/2183.mp3","Sandro Mamukelashvili","sandro mamukelashvili",2026-03-29,2026,"2025-10-21","2026-06-13",26.8501026694045,81,240,2021,2,54,"2021-10-19",2021,TRUE,"F",35,15,0,NA,NA,NA,138,61,1186,5.34,79.61,85.83,86.86,12.23,7.67,95.7,86,65.26,22.6,16.36,6.24,2.28,3.79,1.01,6.24,9.53,4.22,1.69,12.23,10.71,8.85,10.62,1.52,23.95,6.91,3.96,4.3,3.04,1.01,0.25,28.84,1.69,14.25,5.82,1.01,1.52,3.04,1.18,3.04,6.41,5.48,0.93,2.19,1.94,13.15,1.52,0.76,0.42,11.89,3.04,3.88,2.87,0.76,1.01,15.18,10.12,3.29,5.99,3.71,4.64,7.5,3.88,3.37,"Forward"
"Youtube/227.mp3","Sandro Mamukelashvili","sandro mamukelashvili",2026-01-18,2026,"2025-10-21","2026-06-13",26.6584531143053,81,240,2021,2,54,"2021-10-19",2021,TRUE,"F",105,45,0,NA,NA,NA,68,31,821,8.16,92.7,60.67,30.14,14.4,6.7,95.74,85.51,66.75,22.9,15.71,4.63,2.92,3.9,1.95,7.19,11.21,4.75,1.34,13.4,9.14,8.4,11.69,0.97,22.17,4.87,4.14,5.48,3.78,0.49,1.22,24.24,1.1,12.3,4.38,1.1,1.95,3.53,0.85,1.71,3.65,2.19,1.46,1.22,0.49,14.86,3.05,0.61,0.97,11.81,2.8,0.49,0.37,0,1.95,16.08,10.84,2.92,5.97,4.14,4.63,5.85,1.71,3.17,"Forward"
"Youtube/2281.mp3","Sandro Mamukelashvili","sandro mamukelashvili",2025-11-21,2026,"2025-10-21","2026-06-13",26.4996577686516,81,240,2021,2,54,"2021-10-19",2021,TRUE,"F",163,72,0,NA,NA,NA,10,4,1165,13.28,64.89,77.22,62.11,14.94,9.53,95.45,83.09,64.03,21.8,15.54,6.78,1.8,3.09,0.86,6.27,11.67,4.64,0.86,13.82,7.21,8.76,10.56,1.37,20.09,5.49,3.86,5.24,2.49,1.8,0.94,25.58,1.89,15.36,4.72,1.89,1.63,4.29,1.12,2.83,4.72,3.69,1.03,1.46,1.03,14.08,3.61,0.52,2.32,10.3,3.35,2.4,2.06,0.34,0.86,12.1,10.21,2.75,6.87,2.75,2.23,5.84,1.8,3.35,"Forward"
"Youtube/3335.mp3","Sandro Mamukelashvili","sandro mamukelashvili",2026-02-04,2026,"2025-10-21","2026-06-13",26.7049965776865,81,240,2021,2,54,"2021-10-19",2021,TRUE,"F",88,37,0,NA,NA,NA,85,39,524,8.2,93.69,89.39,46.13,11.64,9.35,96.56,85.31,63.36,24.43,16.79,5.53,4.58,2.48,2.1,7.63,10.5,5.92,1.15,12.02,11.26,7.44,8.78,0.95,25.76,6.49,2.67,8.78,5.53,2.67,1.53,30.73,1.72,15.46,7.06,1.34,0.95,3.24,1.15,2.29,4.77,3.24,1.53,1.53,1.34,14.5,1.34,0.38,0.76,13.55,2.29,2.48,1.72,0.76,1.91,12.6,10.11,3.24,5.53,4.39,3.05,8.78,2.1,4.58,"Forward"
"Youtube/3478.mp3","Sandro Mamukelashvili","sandro mamukelashvili",2026-01-03,2026,"2025-10-21","2026-06-13",26.6173853524983,81,240,2021,2,54,"2021-10-19",2021,TRUE,"F",120,52,0,NA,NA,NA,53,24,574,14.55,65.72,68.21,84.97,14.35,6.79,93.73,82.06,64.98,21.25,14.46,6.62,1.39,2.61,1.57,6.79,11.32,4.36,1.74,14.46,9.76,8.36,9.23,0.7,20.56,4.7,4.01,5.57,2.61,1.92,1.05,24.91,1.74,11.32,3.48,0.87,2.44,2.44,1.22,1.57,4.7,4.53,0.17,0.35,0.35,11.85,2.96,1.05,1.05,9.23,2.09,1.39,1.22,0.17,0.7,12.2,12.02,3.83,4.88,4.53,5.4,5.23,3.48,3.83,"Forward"
"Youtube/3489.mp3","Sandro Mamukelashvili","sandro mamukelashvili",2026-01-18,2026,"2025-10-21","2026-06-13",26.6584531143053,81,240,2021,2,54,"2021-10-19",2021,TRUE,"F",105,45,0,NA,NA,NA,68,31,821,8.45,92.7,60.67,30.14,13.92,6.7,95.74,85.51,66.75,22.78,15.71,4.63,2.92,3.9,1.95,7.06,11.21,4.75,1.34,13.52,9.14,8.4,11.69,0.97,22.17,4.87,4.14,5.48,3.78,0.49,1.22,24.24,1.1,12.3,4.38,1.1,1.95,3.53,0.85,1.71,3.65,2.19,1.46,1.22,0.49,14.86,3.05,0.61,0.97,11.81,2.8,0.49,0.37,0,1.95,16.08,10.84,2.92,5.97,4.14,4.63,5.85,1.71,3.17,"Forward"
"Youtube/3581.mp3","Sandro Mamukelashvili","sandro mamukelashvili",2026-01-18,2026,"2025-10-21","2026-06-13",26.6584531143053,81,240,2021,2,54,"2021-10-19",2021,TRUE,"F",105,45,0,NA,NA,NA,68,31,821,8.16,92.7,60.67,30.14,14.16,6.7,95.74,85.51,66.75,22.9,15.71,4.63,2.92,3.9,1.95,7.19,11.21,4.75,1.34,13.4,9.14,8.4,11.69,0.97,22.17,4.87,4.14,5.48,3.78,0.49,1.22,24.24,1.1,12.3,4.38,1.1,1.95,3.53,0.85,1.71,3.65,2.19,1.46,1.22,0.49,14.86,3.05,0.61,0.97,11.81,2.8,0.49,0.37,0,1.95,16.08,10.84,2.92,5.97,4.14,4.63,5.85,1.71,3.17,"Forward"
"Youtube/3833.mp3","Sandro Mamukelashvili","sandro mamukelashvili",2025-12-18,2026,"2025-10-21","2026-06-13",26.5735797399042,81,240,2021,2,54,"2021-10-19",2021,TRUE,"F",136,60,0,NA,NA,NA,37,16,493,25.23,79.32,79.79,71.19,12.97,8.11,93.91,81.74,60.24,19.27,15.01,6.29,2.43,3.25,1.22,4.26,11.36,6.69,1.22,12.78,10.55,4.87,9.53,0.61,22.11,7.51,3.04,6.29,4.26,1.01,1.22,25.35,1.01,13.59,2.84,0.81,1.42,4.46,0.81,4.06,4.46,3.85,0.61,0.2,0,15.01,3.04,1.42,1.01,12.37,2.84,1.83,1.22,0.61,0.81,14.6,11.97,3.45,6.09,2.64,3.45,8.11,1.83,5.68,"Forward"
"Youtube/4135.mp3","Sandro Mamukelashvili","sandro mamukelashvili",2026-03-29,2026,"2025-10-21","2026-06-13",26.8501026694045,81,240,2021,2,54,"2021-10-19",2021,TRUE,"F",35,15,0,NA,NA,NA,138,61,1186,5.34,79.61,85.83,86.86,11.98,7.67,95.7,86,65.26,22.6,16.36,6.24,2.28,3.79,1.01,6.24,9.53,4.22,1.69,12.23,10.71,8.85,10.62,1.52,23.95,6.91,3.96,4.3,3.04,1.01,0.25,28.84,1.69,14.25,5.82,1.01,1.52,3.04,1.18,3.04,6.41,5.48,0.93,2.19,1.94,13.15,1.52,0.76,0.42,11.89,3.04,3.88,2.87,0.76,1.01,15.18,10.12,3.29,5.99,3.71,4.64,7.5,3.88,3.37,"Forward"
"Youtube/4148.mp3","Sandro Mamukelashvili","sandro mamukelashvili",2025-11-21,2026,"2025-10-21","2026-06-13",26.4996577686516,81,240,2021,2,54,"2021-10-19",2021,TRUE,"F",163,72,0,NA,NA,NA,10,4,1163,13.05,64.93,77.43,62.18,15.1,9.54,95.44,83.06,64.06,21.84,15.56,6.79,1.81,3.1,0.86,6.28,11.69,4.64,0.86,13.76,7.22,8.77,10.58,1.38,20.12,5.42,3.87,5.25,2.49,1.81,0.95,25.62,1.89,15.39,4.73,1.89,1.63,4.3,1.12,2.84,4.73,3.7,1.03,1.46,1.03,14.1,3.61,0.52,2.32,10.32,3.35,2.41,2.06,0.34,0.86,11.95,10.23,2.75,6.88,2.75,2.24,5.85,1.81,3.35,"Forward"
"Youtube/4164.mp3","Sandro Mamukelashvili","sandro mamukelashvili",2025-12-18,2026,"2025-10-21","2026-06-13",26.5735797399042,81,240,2021,2,54,"2021-10-19",2021,TRUE,"F",136,60,0,NA,NA,NA,37,16,494,25.85,79.26,80.58,71.1,13.35,8.1,93.93,81.78,60.32,19.23,14.98,6.28,2.43,3.24,1.21,4.25,11.34,6.68,1.21,12.96,10.53,4.86,9.51,0.61,22.06,7.49,3.04,6.28,4.25,1.01,1.21,25.3,1.01,13.56,2.83,0.81,1.42,4.45,0.81,4.05,4.45,3.85,0.61,0.2,0,14.98,3.04,1.42,1.01,12.35,2.83,1.82,1.21,0.61,0.81,14.78,12.15,3.44,6.28,2.63,3.44,8.1,1.82,5.67,"Forward"
"Youtube/430.mp3","Sandro Mamukelashvili","sandro mamukelashvili",2025-11-04,2026,"2025-10-21","2026-06-13",26.4531143052704,81,240,2021,2,54,"2021-10-19",2021,TRUE,"F",7,2,1,"Injury/Illness - Neck; Contusion - stiffness","neck","contusion",721,111,953,5.67,49.42,75.55,77.09,14.22,8.71,95.8,83.95,64.85,22.98,18.47,8.92,0.21,2.83,1.15,4.51,10.07,4.72,0.94,13.33,9.34,9.23,12.07,1.89,20.46,5.04,4.3,3.78,0.84,1.89,1.15,27.91,1.68,16.05,6.19,1.15,2.41,4.41,0.42,2.83,5.77,4.72,1.05,1.47,1.26,13.96,2.2,0.42,0.84,12.17,5.77,2.94,1.57,1.05,1.89,13.96,9.55,1.89,5.04,4.3,2.73,7.24,2.52,3.88,"Forward"
"Youtube/4669.mp3","Sandro Mamukelashvili","sandro mamukelashvili",2025-11-04,2026,"2025-10-21","2026-06-13",26.4531143052704,81,240,2021,2,54,"2021-10-19",2021,TRUE,"F",7,2,1,"Injury/Illness - Neck; Contusion - stiffness","neck","contusion",721,111,955,5.74,50.66,75.29,76.99,14.04,8.9,95.81,83.87,64.92,23.04,18.53,8.9,0.21,2.93,1.15,4.5,10.05,4.71,0.94,13.4,9.32,9.21,12.04,1.88,20.31,5.03,4.29,3.77,0.84,1.88,1.15,27.75,1.68,15.92,6.07,1.15,2.41,4.4,0.42,2.83,5.76,4.71,1.05,1.47,1.26,14.03,2.2,0.42,0.84,12.25,5.76,2.93,1.57,1.05,1.88,13.82,9.63,1.88,5.13,4.29,2.72,7.23,2.51,3.87,"Forward"
"Youtube/5403.mp3","Sandro Mamukelashvili","sandro mamukelashvili",2025-12-20,2026,"2025-10-21","2026-06-13",26.5790554414784,81,240,2021,2,54,"2021-10-19",2021,TRUE,"F",134,59,0,NA,NA,NA,39,17,486,5.68,80.61,97.34,65.64,16.76,9.47,91.98,81.69,61.52,19.75,15.43,5.14,3.5,5.14,1.44,4.32,9.26,4.53,1.23,10.29,10.7,8.23,11.73,1.85,23.25,7.41,4.73,6.79,4.53,2.06,0.21,29.22,1.65,14.4,4.32,0.62,1.85,2.88,0.41,5.76,4.53,3.7,0.82,1.03,0.21,14.61,3.29,1.44,1.23,11.52,0.62,2.26,0.82,1.44,1.44,17.49,9.67,2.26,6.17,7,2.88,8.02,2.67,2.67,"Forward"
"Youtube/5540.mp3","Sandro Mamukelashvili","sandro mamukelashvili",2025-12-18,2026,"2025-10-21","2026-06-13",26.5735797399042,81,240,2021,2,54,"2021-10-19",2021,TRUE,"F",136,60,0,NA,NA,NA,37,16,493,25.23,79.32,79.79,71.19,12.97,8.11,93.91,81.74,60.24,19.27,15.01,6.29,2.43,3.25,1.22,4.26,11.36,6.69,1.22,12.78,10.55,4.87,9.53,0.61,22.11,7.51,3.04,6.29,4.26,1.01,1.22,25.35,1.01,13.59,2.84,0.81,1.42,4.46,0.81,4.06,4.46,3.85,0.61,0.2,0,15.01,3.04,1.42,1.01,12.37,2.84,1.83,1.22,0.61,0.81,14.6,11.97,3.45,6.09,2.64,3.45,8.11,1.83,5.68,"Forward"
"Youtube/590.mp3","Sandro Mamukelashvili","sandro mamukelashvili",2026-02-04,2026,"2025-10-21","2026-06-13",26.7049965776865,81,240,2021,2,54,"2021-10-19",2021,TRUE,"F",88,37,0,NA,NA,NA,85,39,524,8.2,93.69,89.39,46.13,11.91,9.35,96.56,85.31,63.36,24.43,16.79,5.53,4.58,2.48,2.1,7.63,10.5,5.92,1.15,12.02,11.26,7.44,8.78,0.95,25.76,6.49,2.67,8.78,5.53,2.67,1.53,30.73,1.72,15.46,7.06,1.34,0.95,3.24,1.15,2.29,4.77,3.24,1.53,1.53,1.34,14.5,1.34,0.38,0.76,13.55,2.29,2.48,1.72,0.76,1.91,12.6,10.11,3.24,5.53,4.39,3.05,8.78,2.1,4.58,"Forward"
"Youtube/700.mp3","Sandro Mamukelashvili","sandro mamukelashvili",2025-11-21,2026,"2025-10-21","2026-06-13",26.4996577686516,81,240,2021,2,54,"2021-10-19",2021,TRUE,"F",163,72,0,NA,NA,NA,10,4,1163,13.05,64.93,77.43,62.18,15.1,9.54,95.44,83.06,64.06,21.84,15.56,6.79,1.81,3.1,0.86,6.28,11.69,4.64,0.86,13.76,7.22,8.77,10.58,1.38,20.12,5.42,3.87,5.25,2.49,1.81,0.95,25.62,1.89,15.39,4.73,1.89,1.63,4.3,1.12,2.84,4.73,3.7,1.03,1.46,1.03,14.1,3.61,0.52,2.32,10.32,3.35,2.41,2.06,0.34,0.86,11.95,10.23,2.75,6.88,2.75,2.24,5.85,1.81,3.35,"Forward"
"Youtube/835.mp3","Sandro Mamukelashvili","sandro mamukelashvili",2026-03-29,2026,"2025-10-21","2026-06-13",26.8501026694045,81,240,2021,2,54,"2021-10-19",2021,TRUE,"F",35,15,0,NA,NA,NA,138,61,1184,5.35,80.01,86,86.94,12.08,7.69,95.69,85.98,65.29,22.64,16.39,6.25,2.28,3.89,1.01,6.25,9.54,4.22,1.69,12.25,10.73,8.87,10.56,1.52,23.9,6.93,3.97,4.31,3.04,1.01,0.25,28.8,1.69,14.19,5.74,1.01,1.52,3.04,1.18,3.04,6.42,5.49,0.93,2.2,1.94,13.18,1.52,0.76,0.42,11.91,2.96,3.89,2.87,0.76,1.01,15.12,10.05,3.29,6,3.72,4.65,7.43,3.89,3.38,"Forward"
"Youtube/983.mp3","Sandro Mamukelashvili","sandro mamukelashvili",2025-12-20,2026,"2025-10-21","2026-06-13",26.5790554414784,81,240,2021,2,54,"2021-10-19",2021,TRUE,"F",134,59,0,NA,NA,NA,39,17,486,5.68,80.61,97.34,65.64,15.68,9.47,91.98,81.69,61.52,19.75,15.43,5.14,3.5,5.14,1.44,4.32,9.26,4.53,1.23,10.29,10.7,8.23,11.73,1.85,23.25,7.41,4.73,6.79,4.53,2.06,0.21,29.22,1.65,14.4,4.32,0.62,1.85,2.88,0.41,5.76,4.53,3.7,0.82,1.03,0.21,14.61,3.29,1.44,1.23,11.52,0.62,2.26,0.82,1.44,1.44,17.49,9.67,2.26,6.17,7,2.88,8.02,2.67,2.67,"Forward"
"33246","Terance Mann","terance mann",2021-07-01,2021,"2020-12-22","2021-07-20",24.7008898015058,78,215,2019,2,48,"2019-10-23",2019,TRUE,"G",138,13,1,"Injury/Illness - Left Ankle; Sprain","ankle","sprain",616,140,72,16.96,40.06,84.06,20.23,10.29,8.33,98.61,79.17,68.06,25,16.67,12.5,1.39,0,2.78,8.33,15.28,4.17,1.39,18.06,13.89,6.94,5.56,0,23.61,1.39,4.17,5.56,1.39,2.78,1.39,26.39,1.39,8.33,5.56,0,1.39,1.39,0,0,8.33,4.17,4.17,0,0,22.22,11.11,0,2.78,11.11,2.78,0,0,0,1.39,8.33,2.78,1.39,2.78,2.78,11.11,6.94,11.11,0,"Guard"
"33246","Terance Mann","terance mann",2021-06-26,2021,"2020-12-22","2021-07-20",24.6872005475702,78,215,2019,2,48,"2019-10-23",2019,TRUE,"G",143,15,1,"Injury/Illness - Left Ankle; Sprain","ankle","sprain",611,137,52,1.3,13.12,70.92,94.96,8.67,5.77,96.15,84.62,67.31,23.08,13.46,11.54,0,1.92,0,9.62,9.62,0,1.92,13.46,17.31,15.38,1.92,1.92,32.69,1.92,1.92,3.85,0,3.85,1.92,28.85,3.85,11.54,3.85,1.92,3.85,3.85,0,0,5.77,5.77,0,1.92,1.92,7.69,1.92,0,0,5.77,0,5.77,5.77,0,5.77,7.69,7.69,1.92,5.77,1.92,3.85,3.85,9.62,0,"Guard"
"33246","Terance Mann","terance mann",2021-06-24,2021,"2020-12-22","2021-07-20",24.6817248459959,78,215,2019,2,48,"2019-10-23",2019,TRUE,"G",145,16,1,"Injury/Illness - Left Ankle; Sprain","ankle","sprain",609,136,59,48.82,15.45,98.71,45.75,19.67,10.17,98.31,77.97,55.93,11.86,11.86,8.47,3.39,0,0,0,11.86,8.47,0,11.86,6.78,10.17,6.78,1.69,23.73,5.08,6.78,8.47,3.39,3.39,1.69,16.95,0,11.86,3.39,0,1.69,3.39,0,3.39,5.08,3.39,1.69,1.69,0,6.78,1.69,0,0,5.08,1.69,3.39,3.39,0,3.39,1.69,15.25,6.78,8.47,1.69,3.39,3.39,1.69,0,"Guard"
"33246","Terance Mann","terance mann",2020-08-14,2020,"2019-10-22","2020-10-11",23.8220396988364,78,215,2019,2,48,"2019-10-23",2019,TRUE,"G",459,112,1,"Injury/Illness - Left Ankle; Sprain","ankle","sprain",295,40,57,6.22,14.81,70.28,46.76,14.25,14.04,89.47,82.46,59.65,24.56,17.54,12.28,0,3.51,1.75,7.02,21.05,1.75,8.77,5.26,10.53,5.26,3.51,0,24.56,14.04,19.3,0,0,0,0,24.56,1.75,12.28,5.26,1.75,1.75,5.26,0,1.75,1.75,1.75,0,0,0,14.04,7.02,3.51,3.51,5.26,0,1.75,1.75,0,0,12.28,3.51,0,1.75,1.75,8.77,1.75,0,1.75,"Guard"
"35053","Caleb Martin","caleb martin",2023-05-31,2023,"2022-10-18","2023-06-12",27.6714579055441,77,205,NA,NA,NA,"2019-10-23",2019,TRUE,"F",149,6,1,"Injury/Illness - Left Knee; Tendinosis","knee","tendinopathy",137,57,69,3.46,99,1,84.9,23,20.29,94.2,81.16,69.57,24.64,20.29,0,7.25,1.45,1.45,4.35,7.25,2.9,0,13.04,11.59,10.14,8.7,1.45,17.39,7.25,1.45,13.04,7.25,5.8,0,26.09,0,13.04,1.45,2.9,1.45,0,1.45,2.9,4.35,4.35,0,1.45,1.45,24.64,2.9,0,2.9,21.74,11.59,2.9,0,2.9,2.9,1.45,7.25,0,7.25,0,2.9,10.14,1.45,0,"Forward"
"35053","Caleb Martin","caleb martin",2023-05-29,2023,"2022-10-18","2023-06-12",27.6659822039699,77,205,NA,NA,NA,"2019-10-23",2019,TRUE,"F",151,6,1,"Injury/Illness - Left Knee; Tendinosis","knee","tendinopathy",135,56,62,2.75,92.62,95.4,44.38,31,14.52,95.16,80.65,64.52,19.35,12.9,4.84,8.06,0,0,6.45,11.29,4.84,0,8.06,14.52,16.13,3.23,1.61,24.19,6.45,3.23,8.06,8.06,0,0,38.71,1.61,16.13,11.29,8.06,0,0,0,0,1.61,1.61,0,0,0,12.9,3.23,0,3.23,9.68,0,0,0,0,0,6.45,6.45,3.23,3.23,4.84,6.45,9.68,3.23,0,"Forward"
"35053","Caleb Martin","caleb martin",2023-05-23,2023,"2022-10-18","2023-06-12",27.6495550992471,77,205,NA,NA,NA,"2019-10-23",2019,TRUE,"F",157,9,1,"Injury/Illness - Left Knee; Tendinosis","knee","tendinopathy",129,53,56,40.77,98.42,72.58,5.5,14,7.14,94.64,76.79,55.36,19.64,12.5,1.79,3.57,1.79,5.36,7.14,14.29,12.5,0,7.14,5.36,8.93,5.36,0,19.64,5.36,7.14,3.57,3.57,0,0,23.21,0,14.29,3.57,3.57,0,8.93,0,0,1.79,0,1.79,0,0,16.07,1.79,0,0,12.5,1.79,1.79,1.79,0,1.79,5.36,10.71,5.36,7.14,3.57,3.57,7.14,0,0,"Forward"
"35053","Caleb Martin","caleb martin",2023-05-21,2023,"2022-10-18","2023-06-12",27.6440793976728,77,205,NA,NA,NA,"2019-10-23",2019,TRUE,"F",159,10,1,"Injury/Illness - Left Knee; Tendinosis","knee","tendinopathy",127,52,116,30.53,98.12,99,32.15,29,6.03,93.1,77.59,64.66,25.86,16.38,6.03,7.76,2.59,0,9.48,23.28,10.34,0.86,10.34,8.62,4.31,4.31,0.86,20.69,1.72,2.59,9.48,8.62,0.86,0,27.59,2.59,12.93,10.34,0,0,1.72,0,0.86,0.86,0.86,0,0,0,14.66,1.72,0.86,0.86,12.93,0.86,0.86,0.86,0,1.72,6.9,10.34,0,9.48,4.31,2.59,5.17,2.59,0,"Forward"
"35053","Caleb Martin","caleb martin",2023-05-19,2023,"2022-10-18","2023-06-12",27.6386036960986,77,205,NA,NA,NA,"2019-10-23",2019,TRUE,"F",161,11,1,"Injury/Illness - Left Knee; Tendinosis","knee","tendinopathy",125,51,52,41.98,93.13,57.98,20.23,10.4,5.77,92.31,67.31,55.77,19.23,9.62,3.85,0,5.77,0,9.62,15.38,7.69,0,17.31,7.69,5.77,11.54,0,15.38,5.77,3.85,1.92,0,1.92,0,21.15,1.92,7.69,1.92,0,0,5.77,0,1.92,3.85,1.92,1.92,1.92,1.92,11.54,0,0,0,11.54,3.85,3.85,1.92,1.92,1.92,7.69,7.69,3.85,1.92,5.77,0,7.69,5.77,0,"Forward"
"35053","Caleb Martin","caleb martin",2023-06-11,2023,"2022-10-18","2023-06-12",27.7015742642026,77,205,NA,NA,NA,"2019-10-23",2019,TRUE,"F",138,2,1,"Injury/Illness - Left Knee; Tendinosis","knee","tendinopathy",148,61,61,5.47,93.01,18.18,44.83,30.5,16.39,91.8,83.61,73.77,21.31,13.11,0,0,3.28,9.84,8.2,13.11,6.56,0,9.84,16.39,9.84,4.92,1.64,24.59,4.92,1.64,1.64,0,0,1.64,24.59,1.64,16.39,8.2,4.92,1.64,0,1.64,3.28,4.92,3.28,1.64,1.64,0,16.39,3.28,0,1.64,13.11,0,4.92,3.28,1.64,0,9.84,4.92,1.64,1.64,0,0,9.84,1.64,0,"Forward"
"35053","Caleb Martin","caleb martin",2023-06-08,2023,"2022-10-18","2023-06-12",27.6933607118412,77,205,NA,NA,NA,"2019-10-23",2019,TRUE,"F",141,3,1,"Injury/Illness - Left Knee; Tendinosis","knee","tendinopathy",145,60,50,74.19,94.01,13.33,50.98,25,8,96,82,66,10,6,0,6,0,0,4,14,10,0,18,12,8,6,0,24,6,4,14,6,8,2,24,2,12,4,0,6,0,0,0,6,4,2,0,0,6,0,0,0,6,0,6,2,2,6,14,8,4,8,2,6,2,2,0,"Forward"
"35053","Caleb Martin","caleb martin",2023-06-07,2023,"2022-10-18","2023-06-12",27.6906228610541,77,205,NA,NA,NA,"2019-10-23",2019,TRUE,"F",142,3,1,"Injury/Illness - Left Knee; Tendinosis","knee","tendinopathy",144,59,60,89.52,93.37,7.03,72.45,20,16.67,88.33,76.67,55,15,8.33,0,3.33,0,3.33,6.67,16.67,8.33,0,20,6.67,0,6.67,0,16.67,11.67,1.67,3.33,3.33,0,0,8.33,0,3.33,0,1.67,0,0,0,1.67,3.33,3.33,0,0,0,10,0,0,0,10,3.33,3.33,0,3.33,6.67,5,10,3.33,5,1.67,3.33,3.33,3.33,1.67,"Forward"
"Youtube/2559.mp3","Caleb Martin","caleb martin",2024-04-29,2024,"2023-10-24","2024-06-17",28.5859000684463,77,205,NA,NA,NA,"2019-10-23",2019,TRUE,"F",228,21,1,"Injury/Illness - Right Shoulder; Impingement","shoulder","impingement",29,13,953,6.23,99,81.11,64.88,14.22,8.6,96.64,85.31,64.74,25.81,16.79,3.15,6.3,5.04,1.78,9.02,13.64,5.46,1.05,11.65,10.07,7.35,9.02,1.68,25.08,4.93,4.41,8.71,6.72,1.47,0.84,26.65,0.73,15.32,7.24,1.05,1.15,1.78,0.52,3.67,4.83,3.78,0.94,1.57,1.05,16.89,1.78,0.42,0.84,15.42,0.94,2.41,1.47,0.63,2.2,10.6,8.5,1.26,6.19,2.62,2.52,7.45,2.41,2.41,"Forward"
"Youtube/347.mp3","Caleb Martin","caleb martin",2024-04-24,2024,"2023-10-24","2024-06-17",28.5722108145106,77,205,NA,NA,NA,"2019-10-23",2019,TRUE,"F",233,23,1,"Injury/Illness - Right Shoulder; Impingement","shoulder","impingement",24,11,522,23.14,98.96,81.15,74.09,20.08,10.15,95.98,80.46,63.98,18.97,12.64,2.3,3.64,5.75,0.96,6.32,13.03,5.56,1.15,15.52,9.2,10.15,8.05,0.96,20.69,5.36,4.21,7.28,4.98,2.11,0.19,26.25,2.3,15.13,8.43,0.57,0.96,1.53,0.38,2.11,4.6,4.02,0.57,2.11,1.72,14.56,2.68,1.34,0.96,13.03,0.96,3.07,2.68,0.38,1.15,11.69,8.62,1.53,6.51,3.07,2.49,5.75,1.15,1.72,"Forward"
"Youtube/3533.mp3","Caleb Martin","caleb martin",2024-04-24,2024,"2023-10-24","2024-06-17",28.5722108145106,77,205,NA,NA,NA,"2019-10-23",2019,TRUE,"F",233,23,1,"Injury/Illness - Right Shoulder; Impingement","shoulder","impingement",24,11,522,23.14,98.96,81.15,74.09,20.08,10.15,95.98,80.46,63.98,18.97,12.64,2.3,3.64,5.75,0.96,6.32,13.03,5.56,1.15,15.52,9.2,10.15,8.05,0.96,20.69,5.36,4.21,7.28,4.98,2.11,0.19,26.25,2.3,15.13,8.43,0.57,0.96,1.53,0.38,2.11,4.6,4.02,0.57,2.11,1.72,14.56,2.68,1.34,0.96,13.03,0.96,3.07,2.68,0.38,1.15,11.69,8.62,1.53,6.51,3.07,2.49,5.75,1.15,1.72,"Forward"
"Youtube/3553.mp3","Caleb Martin","caleb martin",2024-04-29,2024,"2023-10-24","2024-06-17",28.5859000684463,77,205,NA,NA,NA,"2019-10-23",2019,TRUE,"F",228,21,1,"Injury/Illness - Right Shoulder; Impingement","shoulder","impingement",29,13,954,6.07,99,81.51,64.84,14.45,8.49,96.65,85.22,64.68,25.89,16.88,3.14,6.29,5.14,1.78,9.01,13.52,5.35,1.05,11.64,10.06,7.44,8.91,1.68,25.05,4.93,4.4,8.7,6.71,1.47,0.84,26.62,0.73,15.2,7.23,1.05,1.15,1.78,0.52,3.56,4.82,3.77,0.94,1.57,1.05,16.98,1.78,0.42,0.84,15.51,0.94,2.41,1.47,0.63,2.2,10.59,8.6,1.26,6.29,2.73,2.52,7.44,2.41,2.41,"Forward"
"Youtube/5285.mp3","Caleb Martin","caleb martin",2024-04-29,2024,"2023-10-24","2024-06-17",28.5859000684463,77,205,NA,NA,NA,"2019-10-23",2019,TRUE,"F",228,21,1,"Injury/Illness - Right Shoulder; Impingement","shoulder","impingement",29,13,953,6.13,99,81.62,64.88,14.44,8.6,96.64,85.2,64.64,25.81,16.79,3.15,6.3,5.04,1.78,9.02,13.54,5.35,1.05,11.65,10.07,7.35,9.02,1.68,25.08,4.93,4.41,8.71,6.72,1.47,0.84,26.76,0.73,15.32,7.24,1.05,1.15,1.78,0.52,3.67,4.83,3.78,0.94,1.57,1.05,16.89,1.78,0.42,0.84,15.42,0.94,2.41,1.47,0.63,2.2,10.6,8.5,1.26,6.19,2.73,2.52,7.45,2.41,2.41,"Forward"
"Youtube/807.mp3","Caleb Martin","caleb martin",2024-04-24,2024,"2023-10-24","2024-06-17",28.5722108145106,77,205,NA,NA,NA,"2019-10-23",2019,TRUE,"F",233,23,1,"Injury/Illness - Right Shoulder; Impingement","shoulder","impingement",24,11,522,23.14,98.96,81.15,74.09,20.08,10.15,95.98,80.46,63.98,18.97,12.64,2.3,3.64,5.75,0.96,6.32,13.03,5.56,1.15,15.52,9.2,10.15,8.05,0.96,20.69,5.36,4.21,7.28,4.98,2.11,0.19,26.25,2.3,15.13,8.43,0.57,0.96,1.53,0.38,2.11,4.6,4.02,0.57,2.11,1.72,14.56,2.68,1.34,0.96,13.03,0.96,3.07,2.68,0.38,1.15,11.69,8.62,1.53,6.51,3.07,2.49,5.75,1.15,1.72,"Forward"
"29899","Patrick McCaw","patrick mccaw",2019-05-29,2019,"2018-12-20","2019-06-13",23.5920602327173,79,181,2016,2,38,"2016-10-26",2016,FALSE,"SF",157,6,1,"Injury/Illness - Left knee pain","knee","pain",43,7,68,29.85,12.77,99,98.98,13.6,19.12,98.53,77.94,58.82,16.18,8.82,7.35,0,1.47,0,7.35,11.76,7.35,0,13.24,11.76,10.29,5.88,0,22.06,7.35,4.41,8.82,2.94,5.88,2.94,36.76,2.94,16.18,5.88,0,1.47,2.94,1.47,4.41,8.82,7.35,0,4.41,2.94,4.41,2.94,2.94,0,4.41,0,1.47,1.47,0,0,8.82,8.82,4.41,4.41,10.29,1.47,10.29,7.35,0,"Forward"
"20732","C.J. McCollum","cj mccollum",2019-05-20,2019,"2018-12-20","2019-06-13",27.6659822039699,75,190,2013,1,10,"2014-01-08",2013,TRUE,"G",243,42,1,"Injury/Illness - Left Ankle; Sprain","ankle","sprain",45,17,76,97.42,90.88,84.38,8.11,25.33,17.11,90.79,71.05,52.63,6.58,5.26,0,3.95,1.32,0,1.32,18.42,11.84,1.32,19.74,2.63,2.63,7.89,2.63,18.42,5.26,5.26,5.26,5.26,0,0,23.68,0,6.58,1.32,1.32,0,0,1.32,2.63,3.95,1.32,2.63,1.32,0,15.79,6.58,1.32,3.95,10.53,1.32,0,0,0,3.95,6.58,9.21,3.95,5.26,10.53,7.89,5.26,0,0,"Guard"
"20732","C.J. McCollum","cj mccollum",2019-05-18,2019,"2018-12-20","2019-06-13",27.6605065023956,75,190,2013,1,10,"2014-01-08",2013,TRUE,"G",245,43,1,"Injury/Illness - Left Ankle; Sprain","ankle","sprain",43,16,68,16.49,1.3,89.39,0,8.5,11.76,97.06,85.29,64.71,23.53,16.18,13.24,0,1.47,1.47,7.35,11.76,7.35,1.47,13.24,14.71,7.35,2.94,1.47,25,10.29,8.82,0,0,0,0,23.53,1.47,11.76,1.47,0,4.41,2.94,0,2.94,0,0,0,0,0,8.82,4.41,0,1.47,2.94,0,1.47,1.47,0,0,5.88,14.71,1.47,8.82,1.47,10.29,4.41,1.47,0,"Guard"
"20732","C.J. McCollum","cj mccollum",2019-05-16,2019,"2018-12-20","2019-06-13",27.6550308008214,75,190,2013,1,10,"2014-01-08",2013,TRUE,"G",247,44,1,"Injury/Illness - Left Ankle; Sprain","ankle","sprain",41,15,85,14.37,21.68,94.75,98.52,10.63,10.59,89.41,75.29,58.82,23.53,21.18,14.12,3.53,1.18,2.35,2.35,15.29,9.41,1.18,3.53,10.59,4.71,3.53,1.18,23.53,2.35,8.24,8.24,5.88,1.18,1.18,28.24,1.18,9.41,4.71,0,1.18,1.18,0,2.35,9.41,8.24,1.18,3.53,2.35,15.29,4.71,0,0,9.41,0,1.18,1.18,0,1.18,8.24,7.06,0,2.35,4.71,11.76,3.53,0,0,"Guard"
"33383","CJ McCollum","cj mccollum",2019-05-19,2019,"2018-12-20","2019-06-13",27.6632443531828,75,190,2013,1,10,"2014-01-08",2013,TRUE,"G",244,43,1,"Injury/Illness - Left Ankle; Sprain","ankle","sprain",44,17,121,47.59,96.87,33.04,59.08,20.17,15.7,93.39,69.42,60.33,15.7,10.74,0.83,4.13,4.96,0.83,4.96,18.18,9.92,2.48,11.57,11.57,6.61,4.13,0.83,18.18,3.31,5.79,13.22,4.13,4.13,5.79,29.75,1.65,16.53,4.13,3.31,4.13,4.13,0.83,3.31,4.13,3.31,0.83,1.65,0.83,11.57,1.65,0,0,9.92,0,6.61,4.96,1.65,2.48,9.09,8.26,0,6.61,4.96,2.48,7.44,1.65,0,"Guard"
"33383","CJ McCollum","cj mccollum",2019-05-17,2019,"2018-12-20","2019-06-13",27.6577686516085,75,190,2013,1,10,"2014-01-08",2013,TRUE,"G",246,44,1,"Injury/Illness - Left Ankle; Sprain","ankle","sprain",42,16,60,1.16,96.04,28.56,99,15,11.67,96.67,80,71.67,20,10,0,10,0,0,10,13.33,3.33,1.67,10,21.67,8.33,8.33,1.67,25,5,5,15,10,5,0,30,1.67,10,0,0,3.33,0,1.67,5,10,10,0,1.67,1.67,10,0,0,0,10,0,6.67,3.33,1.67,0,10,5,1.67,5,6.67,8.33,5,1.67,1.67,"Guard"
"33383","CJ McCollum","cj mccollum",2019-05-15,2019,"2018-12-20","2019-06-13",27.6522929500342,75,190,2013,1,10,"2014-01-08",2013,TRUE,"G",248,45,1,"Injury/Illness - Left Ankle; Sprain","ankle","sprain",40,15,82,27.64,88.82,19.67,99,20.5,8.54,91.46,80.49,59.76,15.85,13.41,1.22,6.1,4.88,1.22,2.44,10.98,4.88,0,15.85,9.76,3.66,10.98,4.88,28.05,7.32,4.88,14.63,6.1,7.32,2.44,21.95,0,13.41,1.22,1.22,2.44,2.44,0,8.54,8.54,8.54,0,0,0,15.85,2.44,2.44,0,13.41,0,1.22,0,1.22,7.32,12.2,3.66,0,3.66,1.22,1.22,6.1,4.88,1.22,"Guard"
"33383","CJ McCollum","cj mccollum",2023-12-06,2024,"2023-10-24","2024-06-17",32.2135523613963,75,190,2013,1,10,"2014-01-08",2013,TRUE,"G",38,17,1,"Injury/Illness - Right Ankle; Sprain","ankle","sprain",9,3,117,48.38,69.89,30.98,60.52,11.7,11.11,89.74,73.5,64.1,19.66,18.8,10.26,2.56,5.13,0,0.85,16.24,8.55,1.71,14.53,7.69,5.13,7.69,0,16.24,2.56,5.13,5.98,2.56,1.71,2.56,17.09,0,11.97,2.56,1.71,2.56,3.42,2.56,1.71,2.56,2.56,0,0.85,0.85,11.11,1.71,0,1.71,9.4,0.85,0.85,0,0,3.42,9.4,6.84,0.85,2.56,0.85,4.27,1.71,3.42,0,"Guard"
"33383","CJ McCollum","cj mccollum",2025-11-07,2026,"2025-10-21","2026-06-13",34.135523613963,75,190,2013,1,10,"2014-01-08",2013,TRUE,"G",174,73,0,NA,NA,NA,208,8,121,52.6,5.27,72.94,11.75,13.44,18.18,87.6,71.07,57.02,15.7,10.74,9.09,1.65,0,0,4.96,14.88,8.26,4.13,17.36,9.09,10.74,3.31,2.48,19.01,6.61,6.61,5.79,1.65,4.13,0.83,22.31,1.65,9.92,1.65,2.48,0,2.48,2.48,0.83,5.79,2.48,3.31,2.48,0,3.31,0.83,0,0,1.65,0,4.96,3.31,1.65,3.31,9.09,9.92,0.83,7.44,1.65,4.96,4.96,3.31,0,"Guard"
"Youtube/3771.mp3","CJ McCollum","cj mccollum",2026-04-20,2026,"2025-10-21","2026-06-13",34.5845311430527,75,190,2013,1,10,"2014-01-08",2013,TRUE,"G",10,4,0,NA,NA,NA,372,77,1202,32.51,89.45,81.84,78.02,13.66,9.32,93.68,78.29,62.15,18.89,13.14,4.83,3.41,3.74,0.83,5.74,14.39,8.32,2.33,13.31,9.65,7.49,7.49,0.67,20.88,4.49,5.41,7.24,4.33,2.25,0.92,22.96,0.67,10.4,3.99,1.25,1.5,1.58,0.75,1.91,5.41,4.58,0.83,1.58,1.41,12.73,2.83,0.67,0.67,10.23,0.83,4.49,3,1,1.75,9.48,11.31,1.91,8.4,3.91,4.83,4.91,2.5,1.41,"Guard"
"Youtube/468.mp3","CJ McCollum","cj mccollum",2026-04-20,2026,"2025-10-21","2026-06-13",34.5845311430527,75,190,2013,1,10,"2014-01-08",2013,TRUE,"G",10,4,0,NA,NA,NA,372,77,1205,32.21,89.84,81.55,78.95,13.39,9.38,93.69,78.34,62.16,18.92,13.2,4.81,3.4,3.82,0.83,5.73,14.36,8.3,2.32,13.28,9.63,7.55,7.47,0.66,20.91,4.56,5.39,7.22,4.32,2.24,0.91,22.9,0.66,10.37,3.98,1.24,1.49,1.58,0.75,1.91,5.48,4.65,0.83,1.58,1.41,12.86,2.9,0.75,0.75,10.29,0.83,4.48,2.99,1,1.74,9.46,11.29,1.91,8.38,3.9,4.81,4.9,2.49,1.49,"Guard"
"Youtube/5707.mp3","CJ McCollum","cj mccollum",2026-04-20,2026,"2025-10-21","2026-06-13",34.5845311430527,75,190,2013,1,10,"2014-01-08",2013,TRUE,"G",10,4,0,NA,NA,NA,372,77,1205,31.98,89.84,81.55,78.95,13.39,9.38,93.78,78.42,62.24,18.92,13.2,4.81,3.4,3.82,0.83,5.73,14.36,8.3,2.32,13.28,9.71,7.55,7.47,0.66,21,4.56,5.39,7.22,4.32,2.24,0.91,22.99,0.66,10.37,3.98,1.24,1.49,1.58,0.75,1.91,5.48,4.65,0.83,1.58,1.41,12.86,2.9,0.75,0.75,10.29,0.83,4.48,2.99,1,1.74,9.46,11.29,1.91,8.38,3.9,4.9,4.9,2.49,1.49,"Guard"
"Youtube/994.mp3","CJ McCollum","cj mccollum",2026-04-20,2026,"2025-10-21","2026-06-13",34.5845311430527,75,190,2013,1,10,"2014-01-08",2013,TRUE,"G",10,4,0,NA,NA,NA,372,77,1205,32.21,89.84,81.55,78.95,13.24,9.38,93.69,78.34,62.16,18.92,13.2,4.81,3.4,3.82,0.83,5.73,14.36,8.3,2.32,13.28,9.63,7.55,7.47,0.66,20.91,4.56,5.39,7.22,4.32,2.24,0.91,22.9,0.66,10.37,3.98,1.24,1.49,1.58,0.75,1.91,5.48,4.65,0.83,1.58,1.41,12.86,2.9,0.75,0.75,10.29,0.83,4.48,2.99,1,1.74,9.46,11.29,1.91,8.38,3.9,4.81,4.9,2.49,1.49,"Guard"
"22021","Rodney McGruder","rodney mcgruder",2020-07-19,2020,"2019-10-22","2020-10-11",28.974674880219,76,205,NA,NA,NA,"2016-10-26",2016,FALSE,"G",241,26,1,"Injury/Illness - Right Elbow; Sprain","elbow","sprain",221,35,59,63.92,96.3,30.14,45.75,59,20.34,86.44,81.36,62.71,18.64,15.25,3.39,8.47,0,3.39,3.39,16.95,8.47,0,18.64,10.17,5.08,5.08,0,23.73,5.08,0,10.17,8.47,0,1.69,20.34,1.69,15.25,3.39,5.08,0,3.39,1.69,3.39,1.69,1.69,0,0,0,15.25,3.39,1.69,0,11.86,0,1.69,1.69,0,0,3.39,6.78,1.69,3.39,0,1.69,3.39,0,0,"Guard"
"37424","Alfonzo McKinnie","alfonzo mckinnie",2019-05-29,2019,"2018-12-20","2019-06-13",26.694045174538,79,215,NA,NA,NA,"2017-10-19",2017,FALSE,"F",268,43,1,"Injury/Illness - Left Foot; Plantar Fasciitis","foot","plantar fasciitis",158,65,116,22.04,26.07,99,60.88,16.57,5.17,97.41,81.9,66.38,21.55,11.21,7.76,0.86,0,0,10.34,16.38,8.62,0,15.52,14.66,8.62,5.17,0.86,25.86,5.17,5.17,6.9,1.72,4.31,0.86,24.14,3.45,5.17,2.59,0,0,0.86,0,0.86,2.59,2.59,0,0.86,0.86,8.62,2.59,0,1.72,6.03,3.45,4.31,0.86,3.45,0.86,12.07,13.79,5.17,9.48,6.9,6.9,6.03,4.31,0,"Forward"
"20623","Khris Middleton","khris middleton",2022-02-19,2022,"2021-10-19","2022-06-16",30.5242984257358,79,222,2012,2,39,"2012-10-31",2012,TRUE,"F",62,21,1,"Injury/Illness - Left Knee; MCL Sprain","knee","MCL injury",63,27,74,80.1,48.08,45.99,98.04,18.5,18.92,86.49,75.68,58.11,14.86,8.11,2.7,0,0,5.41,6.76,20.27,10.81,1.35,16.22,5.41,5.41,6.76,0,14.86,8.11,5.41,5.41,2.7,4.05,0,17.57,1.35,6.76,1.35,1.35,1.35,0,0,2.7,6.76,6.76,0,2.7,2.7,10.81,2.7,0,1.35,6.76,0,6.76,6.76,0,1.35,16.22,9.46,1.35,6.76,4.05,1.35,4.05,0,0,"Forward"
"20623","Khris Middleton","khris middleton",2021-07-20,2021,"2020-12-22","2021-07-20",29.9383983572895,79,222,2012,2,39,"2012-10-31",2012,TRUE,"F",148,21,1,"Injury/Illness - Left Knee; Hyperextension","knee","hyperextension",115,46,71,57.45,92.57,23.2,94.32,14.2,12.68,95.77,81.69,64.79,25.35,18.31,5.63,8.45,0,0,7.04,15.49,4.23,0,16.9,7.04,0,2.82,0,9.86,11.27,12.68,18.31,9.86,7.04,1.41,21.13,5.63,9.86,1.41,1.41,0,0,0,5.63,8.45,7.04,1.41,0,0,19.72,5.63,1.41,1.41,14.08,4.23,5.63,1.41,1.41,0,8.45,2.82,0,2.82,2.82,2.82,1.41,0,0,"Forward"
"20623","Khris Middleton","khris middleton",2021-07-19,2021,"2020-12-22","2021-07-20",29.9356605065024,79,222,2012,2,39,"2012-10-31",2012,TRUE,"F",149,22,1,"Injury/Illness - Left Knee; Hyperextension","knee","hyperextension",114,46,71,13.7,96.91,23.2,94.32,11.83,4.23,97.18,84.51,73.24,23.94,15.49,2.82,5.63,1.41,0,8.45,19.72,7.04,0,14.08,11.27,12.68,2.82,1.41,19.72,8.45,9.86,11.27,8.45,2.82,0,22.54,2.82,8.45,5.63,2.82,0,2.82,0,2.82,5.63,5.63,0,0,0,18.31,4.23,2.82,1.41,14.08,7.04,8.45,5.63,2.82,0,8.45,9.86,0,4.23,4.23,2.82,9.86,0,0,"Forward"
"20623","Khris Middleton","khris middleton",2021-07-13,2021,"2020-12-22","2021-07-20",29.9192334017796,79,222,2012,2,39,"2012-10-31",2012,TRUE,"F",155,24,1,"Injury/Illness - Left Knee; Hyperextension","knee","hyperextension",108,44,76,80.4,99,77.97,80.5,19,11.84,93.42,84.21,57.89,17.11,11.84,1.32,6.58,1.32,0,5.26,17.11,6.58,5.26,19.74,6.58,3.95,3.95,0,22.37,2.63,14.47,11.84,9.21,1.32,1.32,17.11,0,5.26,2.63,1.32,1.32,0,0,0,3.95,3.95,0,0,0,21.05,9.21,2.63,1.32,13.16,2.63,3.95,1.32,1.32,1.32,11.84,15.79,3.95,10.53,7.89,7.89,3.95,1.32,0,"Forward"
"20623","Khris Middleton","khris middleton",2021-07-10,2021,"2020-12-22","2021-07-20",29.9110198494182,79,222,2012,2,39,"2012-10-31",2012,TRUE,"F",158,25,1,"Injury/Illness - Left Knee; Hyperextension","knee","hyperextension",105,43,113,33.65,1,81.25,11.27,18.83,7.96,96.46,70.8,55.75,12.39,11.5,10.62,0.88,0,0,0.88,14.16,4.42,3.54,12.39,7.08,9.73,5.31,4.42,20.35,2.65,8.85,6.19,3.54,0.88,1.77,22.12,0.88,11.5,0.88,1.77,2.65,0.88,1.77,3.54,7.96,3.54,4.42,0,0,6.19,5.31,2.65,1.77,1.77,0,15.93,15.04,0,2.65,6.19,7.08,0.88,6.19,3.54,0,7.96,2.65,0,"Forward"
"20623","Khris Middleton","khris middleton",2021-07-07,2021,"2020-12-22","2021-07-20",29.9028062970568,79,222,2012,2,39,"2012-10-31",2012,TRUE,"F",161,26,1,"Injury/Illness - Left Knee; Hyperextension","knee","hyperextension",102,42,65,1.73,98.89,2.93,43.1,16.25,9.23,98.46,90.77,75.38,33.85,13.85,0,6.15,1.54,0,20,16.92,4.62,3.08,10.77,10.77,6.15,9.23,0,24.62,1.54,4.62,10.77,9.23,0,1.54,18.46,0,9.23,0,0,1.54,4.62,0,6.15,1.54,1.54,0,0,0,26.15,10.77,0,4.62,15.38,7.69,1.54,0,1.54,0,7.69,9.23,3.08,4.62,1.54,0,9.23,3.08,0,"Forward"
"20623","Khris Middleton","khris middleton",2021-07-06,2021,"2020-12-22","2021-07-20",29.9000684462697,79,222,2012,2,39,"2012-10-31",2012,TRUE,"F",162,26,1,"Injury/Illness - Left Knee; Hyperextension","knee","hyperextension",101,41,60,26.1,15.75,39.59,90.5,10,6.67,98.33,88.33,65,16.67,11.67,5,0,1.67,5,5,5,5,0,20,15,10,5,3.33,26.67,11.67,0,13.33,1.67,6.67,5,21.67,0,13.33,1.67,0,6.67,1.67,0,6.67,11.67,8.33,3.33,0,0,15,8.33,1.67,3.33,8.33,0,3.33,3.33,0,3.33,10,5,0,5,5,3.33,3.33,3.33,0,"Forward"
"20623","Khris Middleton","khris middleton",2021-07-03,2021,"2020-12-22","2021-07-20",29.8918548939083,79,222,2012,2,39,"2012-10-31",2012,TRUE,"F",165,27,1,"Injury/Illness - Left Knee; Hyperextension","knee","hyperextension",98,40,55,5.06,1.58,98.98,20.23,11,9.09,92.73,76.36,61.82,16.36,10.91,7.27,1.82,1.82,0,5.45,10.91,3.64,0,14.55,12.73,10.91,10.91,5.45,27.27,3.64,5.45,5.45,1.82,0,3.64,27.27,1.82,18.18,0,3.64,3.64,3.64,0,7.27,10.91,5.45,5.45,1.82,0,3.64,0,0,0,3.64,0,5.45,5.45,0,0,9.09,14.55,3.64,12.73,3.64,0,12.73,5.45,0,"Forward"
"20623","Khris Middleton","khris middleton",2021-06-27,2021,"2020-12-22","2021-07-20",29.8754277891855,79,222,2012,2,39,"2012-10-31",2012,TRUE,"F",171,30,1,"Injury/Illness - Left Knee; Hyperextension","knee","hyperextension",92,37,52,17.58,20.31,97.38,1,8.67,3.85,98.08,90.38,67.31,23.08,11.54,7.69,0,1.92,1.92,11.54,9.62,5.77,0,15.38,9.62,9.62,7.69,0,26.92,5.77,1.92,0,0,0,0,21.15,1.92,5.77,1.92,0,0,0,1.92,1.92,7.69,1.92,5.77,0,0,11.54,7.69,0,1.92,3.85,0,0,0,0,5.77,7.69,13.46,7.69,7.69,1.92,9.62,5.77,3.85,0,"Forward"
"20623","Khris Middleton","khris middleton",2020-02-15,2020,"2019-10-22","2020-10-11",28.5119780971937,79,222,2012,2,39,"2012-10-31",2012,TRUE,"F",406,70,1,"Injury/Illness - Left Hip; Contusion","hip","contusion",82,37,61,2.45,1,99,44.83,10.17,6.56,96.72,83.61,67.21,26.23,18.03,16.39,0,1.64,0,8.2,9.84,6.56,4.92,9.84,19.67,8.2,3.28,1.64,29.51,4.92,1.64,3.28,0,3.28,0,31.15,1.64,9.84,0,0,3.28,4.92,1.64,3.28,1.64,1.64,0,1.64,1.64,4.92,3.28,0,3.28,1.64,0,3.28,0,3.28,3.28,13.11,8.2,1.64,8.2,6.56,6.56,6.56,1.64,1.64,"Forward"
"20623","Khris Middleton","khris middleton",2019-05-25,2019,"2018-12-20","2019-06-13",27.7837097878166,79,222,2012,2,39,"2012-10-31",2012,TRUE,"F",173,10,1,"Injury/Illness - Left thigh contusion","thigh","contusion",155,64,56,71.85,94.84,97.09,5.5,11.2,3.57,98.21,78.57,55.36,16.07,12.5,3.57,8.93,0,0,3.57,17.86,8.93,5.36,10.71,5.36,5.36,1.79,0,14.29,12.5,10.71,17.86,10.71,5.36,1.79,26.79,3.57,7.14,3.57,0,0,0,0,3.57,16.07,7.14,8.93,0,0,10.71,1.79,1.79,0,10.71,0,0,0,0,1.79,14.29,8.93,0,8.93,8.93,17.86,0,0,1.79,"Forward"
"20623","Khris Middleton","khris middleton",2019-05-20,2019,"2018-12-20","2019-06-13",27.7700205338809,79,222,2012,2,39,"2012-10-31",2012,TRUE,"F",178,13,1,"Injury/Illness - Left thigh contusion","thigh","contusion",150,62,94,64.38,96.62,49.75,53.17,9.4,8.51,95.74,80.85,68.09,15.96,11.7,0,10.64,1.06,0,4.26,19.15,13.83,2.13,15.96,7.45,6.38,8.51,3.19,15.96,4.26,6.38,15.96,10.64,4.26,3.19,26.6,0,15.96,0,1.06,5.32,4.26,1.06,6.38,4.26,3.19,1.06,0,0,13.83,2.13,0,0,11.7,0,2.13,1.06,1.06,3.19,10.64,9.57,1.06,9.57,6.38,6.38,2.13,0,0,"Forward"
"20623","Khris Middleton","khris middleton",2019-02-16,2019,"2018-12-20","2019-06-13",27.5154004106776,79,222,2012,2,39,"2012-10-31",2012,TRUE,"F",271,49,1,"Injury/Illness - Left thigh contusion","thigh","contusion",57,26,57,52.34,30.3,96.42,92.27,14.25,8.77,94.74,80.7,61.4,12.28,5.26,5.26,0,0,0,7.02,12.28,3.51,1.75,19.3,15.79,3.51,7.02,0,22.81,14.04,7.02,3.51,3.51,0,0,10.53,1.75,3.51,0,1.75,1.75,0,0,0,5.26,5.26,0,0,0,3.51,0,0,0,3.51,0,5.26,0,0,1.75,22.81,21.05,1.75,21.05,1.75,0,8.77,0,1.75,"Forward"
"32043","Donovan Mitchell","donovan mitchell",2021-06-16,2021,"2020-12-22","2021-07-20",24.7720739219713,74,215,2017,1,13,"2017-10-19",2017,TRUE,"G",141,8,1,"Injury/Illness - Right Ankle; Sprain","ankle","sprain",24,8,89,49.11,72.39,96.45,20.23,17.8,8.99,97.75,76.4,62.92,14.61,10.11,2.25,7.87,0,0,4.49,14.61,7.87,0,16.85,7.87,5.62,10.11,3.37,17.98,5.62,4.49,7.87,7.87,0,0,22.47,1.12,12.36,4.49,0,0,2.25,2.25,5.62,8.99,4.49,4.49,4.49,0,12.36,2.25,0,0,8.99,1.12,4.49,3.37,0,2.25,10.11,11.24,1.12,11.24,3.37,2.25,3.37,1.12,0,"Guard"
"32043","Donovan Mitchell","donovan mitchell",2021-06-08,2021,"2020-12-22","2021-07-20",24.7501711156742,74,215,2017,1,13,"2017-10-19",2017,TRUE,"G",149,12,1,"Injury/Illness - Right Ankle; Sprain","ankle","sprain",16,4,236,32.75,17.01,95.61,11.57,23.6,8.47,94.49,80.51,63.14,17.8,11.44,7.2,0.42,2.97,0,6.36,15.25,7.63,2.12,13.14,8.47,8.05,7.63,1.27,19.92,6.36,7.63,2.54,0.42,0.42,1.69,22.88,0.42,13.56,2.54,1.27,0.42,3.81,0.85,3.81,3.81,1.27,2.12,1.27,0.85,7.2,2.12,0,1.27,4.66,1.27,0.42,0.42,0,2.97,8.47,13.98,2.54,10.17,2.54,8.9,1.69,2.12,0.42,"Guard"
"32043","Donovan Mitchell","donovan mitchell",2021-03-07,2021,"2020-12-22","2021-07-20",24.4955509924709,74,215,2017,1,13,"2017-10-19",2017,TRUE,"G",41,19,1,"Injury/Illness - Right Ankle; Sprain","ankle","sprain",37,17,91,43.61,18.04,98.16,97.66,9.1,13.19,84.62,72.53,59.34,9.89,7.69,5.49,0,1.1,0,2.2,14.29,7.69,0,10.99,8.79,13.19,5.49,0,14.29,10.99,5.49,1.1,0,1.1,0,23.08,0,12.09,5.49,1.1,1.1,2.2,2.2,2.2,6.59,6.59,0,5.49,5.49,2.2,0,0,0,2.2,0,5.49,4.4,1.1,0,9.89,14.29,4.4,9.89,3.3,3.3,2.2,3.3,0,"Guard"
"32043","Donovan Mitchell","donovan mitchell",2020-02-15,2020,"2019-10-22","2020-10-11",23.4387405886379,74,215,2017,1,13,"2017-10-19",2017,TRUE,"G",174,15,1,"Injury/Illness - Left Lower leg; peroneal strain","lower leg","strain",311,58,100,3.8,94.01,1,95.9,7.14,9,94,78,69,28,20,7,0,0,0,8,16,9,0,11,15,7,9,1,19,8,3,2,2,0,0,20,2,6,2,0,1,0,1,2,6,6,0,1,1,29,6,4,0,22,17,6,4,1,0,5,1,0,0,0,3,10,0,0,"Guard"
"32043","Donovan Mitchell","donovan mitchell",2023-02-18,2023,"2022-10-18","2023-06-12",26.4476386036961,74,215,2017,1,13,"2017-10-19",2017,TRUE,"G",24,10,1,"Injury/Illness - Left Hand; Finger Sprain - Injury Management","hand","sprain",22,9,67,7.22,93.9,99,42.34,13.4,5.97,97.01,82.09,68.66,23.88,14.93,4.48,5.97,2.99,0,8.96,11.94,7.46,0,14.93,13.43,10.45,8.96,1.49,25.37,0,2.99,7.46,5.97,1.49,0,37.31,2.99,10.45,4.48,0,0,5.97,0,2.99,1.49,1.49,0,0,0,14.93,2.99,0,1.49,11.94,1.49,2.99,1.49,0,2.99,11.94,10.45,4.48,7.46,10.45,5.97,10.45,0,0,"Guard"
"32043","Donovan Mitchell","donovan mitchell",2021-06-14,2021,"2020-12-22","2021-07-20",24.766598220397,74,215,2017,1,13,"2017-10-19",2017,TRUE,"G",143,9,1,"Injury/Illness - Right Ankle; Sprain","ankle","sprain",22,7,50,23.71,96.81,63.35,0,8.33,18,96,80,64,24,14,2,10,0,2,10,16,10,0,12,12,2,8,2,26,6,4,12,10,0,2,38,0,24,6,2,2,8,0,4,0,0,0,0,0,12,0,0,0,12,0,2,0,0,6,4,6,0,4,6,12,4,0,0,"Guard"
"32043","Donovan Mitchell","donovan mitchell",2021-06-14,2021,"2020-12-22","2021-07-20",24.766598220397,74,215,2017,1,13,"2017-10-19",2017,TRUE,"G",143,9,1,"Injury/Illness - Right Ankle; Sprain","ankle","sprain",22,7,50,23.71,96.81,63.35,0,8.33,18,96,80,64,24,14,2,10,0,2,10,16,10,0,12,12,2,8,2,26,6,4,12,10,0,2,38,0,24,6,2,2,8,0,4,0,0,0,0,0,12,0,0,0,12,0,2,0,0,6,4,6,0,4,6,12,4,0,0,"Guard"
"Youtube/3112.mp3","Donovan Mitchell","donovan mitchell",2020-07-03,2020,"2019-10-22","2020-10-11",23.8193018480493,74,215,2017,1,13,"2017-10-19",2017,TRUE,"G",35,4,1,"Injury/Illness - Left Lower leg; peroneal strain","lower leg","strain",450,69,2724,7.37,53.87,95.66,31.88,14.11,10.5,95.04,82.89,66.92,22.98,13.62,6.83,1.98,4.11,0.33,9.36,13.84,4.74,1.28,14.32,12.15,7.71,9.69,2.2,23.53,4.04,3.93,4.26,3.16,0.73,0.44,29.48,1.4,17.07,6.09,1.73,1.1,2.42,2.46,4,2.42,1.58,0.73,0.66,0.33,11.97,3.19,0.92,1.28,9.32,0.95,1.73,0.81,0.66,0.66,11.56,9.73,1.73,7.27,2.94,4.41,6.83,1.91,2.17,"Guard"
"39677","Moses Moody","moses moody",2022-06-01,2022,"2021-10-19","2022-06-16",20.0027378507871,77,211,2021,1,14,"2021-10-20",2021,TRUE,"G",590,113,1,"Injury/Illness - Left Calf; Strain","calf","strain",225,61,86,19.49,1.54,99,36.9,28.67,16.28,96.51,81.4,60.47,18.6,9.3,8.14,0,0,1.16,9.3,15.12,4.65,0,12.79,12.79,3.49,9.3,1.16,27.91,5.81,6.98,1.16,0,0,1.16,34.88,2.33,17.44,2.33,3.49,1.16,3.49,1.16,5.81,1.16,1.16,0,0,0,3.49,1.16,0,0,2.33,0,0,0,0,1.16,6.98,16.28,6.98,10.47,4.65,10.47,1.16,10.47,0,"Guard"
"39677","Moses Moody","moses moody",2023-04-20,2023,"2022-10-18","2023-06-12",20.8870636550308,77,211,2021,1,14,"2021-10-20",2021,TRUE,"G",267,44,1,"Injury/Illness - Left Calf; Strain","calf","strain",548,129,55,66.59,61.66,74.91,47.86,27.5,18.18,90.91,76.36,58.18,9.09,3.64,0,1.82,0,0,5.45,12.73,5.45,0,16.36,9.09,5.45,5.45,3.64,21.82,5.45,9.09,3.64,1.82,1.82,0,32.73,7.27,9.09,1.82,0,0,0,3.64,3.64,1.82,1.82,0,0,0,12.73,3.64,0,3.64,9.09,1.82,5.45,3.64,1.82,1.82,5.45,10.91,5.45,5.45,7.27,9.09,1.82,9.09,0,"Guard"
"39677","Moses Moody","moses moody",2025-02-15,2025,"2024-10-22","2025-06-22",22.7132101300479,77,211,2021,1,14,"2021-10-20",2021,TRUE,"G",248,40,1,"Injury/Illness - Left Soleus; Strain","calf","strain",10,5,70,3.8,72.87,42.95,20.23,17.5,10,88.57,78.57,64.29,17.14,11.43,1.43,0,4.29,4.29,5.71,15.71,8.57,0,7.14,17.14,7.14,14.29,0,27.14,5.71,1.43,1.43,0,1.43,0,35.71,0,27.14,7.14,0,5.71,8.57,2.86,7.14,2.86,1.43,1.43,2.86,1.43,11.43,1.43,0,1.43,10,0,1.43,0,1.43,1.43,12.86,2.86,1.43,2.86,2.86,0,5.71,8.57,0,"Guard"
"Youtube/2376.mp3","Moses Moody","moses moody",2023-05-12,2023,"2022-10-18","2023-06-12",20.9472963723477,77,211,2021,1,14,"2021-10-20",2021,TRUE,"G",245,34,1,"Injury/Illness - Left Calf; Strain","calf","strain",570,139,709,5.39,69.61,91.86,73.19,12.02,8.74,96.47,83.64,67.7,22,11.99,3.81,1.13,5.5,0.56,10.01,17.49,7.05,1.13,12.13,11.42,10.01,11.57,1.97,20.03,5.22,5.78,5.92,1.97,3.81,0.56,31.03,1.27,14.67,4.8,0.85,1.55,2.4,0.99,5.5,5.08,4.23,0.85,0.71,0.71,11.14,2.12,0.71,0.56,9.73,0.56,2.54,1.69,0.71,1.41,10.3,8.04,1.97,6.06,5.22,4.23,7.76,1.83,3.53,"Guard"
"36900","Ja Morant","ja morant",2022-02-19,2022,"2021-10-19","2022-06-16",22.5297741273101,74,174,2019,1,2,"2019-10-23",2019,TRUE,"G",81,21,1,"Injury/Illness - Right Knee; Bone Bruise","knee","bruise",62,27,65,35.28,67.13,92.75,43.1,16.25,9.23,95.38,87.69,73.85,21.54,15.38,7.69,3.08,0,4.62,6.15,18.46,4.62,1.54,20,10.77,10.77,3.08,0,20,13.85,10.77,4.62,4.62,0,0,18.46,1.54,4.62,1.54,0,0,3.08,0,0,1.54,1.54,0,1.54,1.54,10.77,1.54,0,0,9.23,0,1.54,1.54,0,4.62,20,12.31,4.62,7.69,4.62,7.69,0,1.54,1.54,"Guard"
"Youtube/138.mp3","Ja Morant","ja morant",2021-02-17,2021,"2020-12-22","2021-07-20",21.5249828884326,74,174,2019,1,2,"2019-10-23",2019,TRUE,"G",284,73,1,"Injury/Illness - Left Knee; Sprain","knee","sprain",35,12,516,19.08,99,98.27,56.53,16.65,7.95,94.57,82.95,56.59,24.81,21.9,4.65,5.43,10.27,0.97,2.91,7.95,4.07,0.78,11.24,6.01,5.81,6.4,0.39,27.33,4.46,3.1,9.88,6.59,2.13,1.16,26.74,1.16,16.86,12.6,1.16,1.36,0.58,0.19,1.55,3.88,3.1,0.78,0.78,0.78,22.29,3.1,0.97,1.55,19.19,1.55,1.94,1.16,0.39,2.71,20.74,9.69,2.71,4.46,5.43,3.1,3.88,1.16,2.33,"Guard"
"Youtube/1957.mp3","Ja Morant","ja morant",2021-04-23,2021,"2020-12-22","2021-07-20",21.7029431895962,74,174,2019,1,2,"2019-10-23",2019,TRUE,"G",219,39,1,"Injury/Illness - Left Knee; Sprain","knee","sprain",100,46,835,12.68,99,99,43.41,14.4,6.95,94.97,82.63,60.36,26.23,22.75,5.99,2.28,11.62,1.44,3.47,9.46,3.71,0.6,14.01,6.95,7.31,7.9,0.96,24.91,4.91,3.59,5.99,2.63,1.92,1.44,27.54,1.08,17.6,13.53,0.72,0.48,0.96,0.24,2.04,4.43,2.99,1.44,1.32,1.08,20.6,2.63,0.72,0.6,18.2,2.63,2.4,1.56,0.48,1.08,20.24,9.22,2.4,6.11,3.95,1.44,4.79,1.2,1.2,"Guard"
"20667","Markieff Morris","markieff morris",2020-09-19,2020,"2019-10-22","2020-10-11",31.047227926078,81,245,2011,1,13,"2011-12-27",2011,FALSE,"PF",206,58,1,"Injury/Illness - Left Ankle; sprain","ankle","sprain",229,27,54,71.02,2.75,99,93.93,27,11.11,90.74,79.63,66.67,12.96,7.41,7.41,0,0,0,5.56,18.52,9.26,3.7,20.37,7.41,9.26,7.41,1.85,7.41,9.26,12.96,0,0,0,0,29.63,3.7,12.96,7.41,1.85,0,0,1.85,3.7,5.56,5.56,0,0,0,1.85,0,0,0,1.85,1.85,1.85,1.85,0,0,3.7,9.26,0,7.41,7.41,1.85,3.7,0,0,"Forward"
"20667","Markieff Morris","markieff morris",2019-04-25,2019,"2018-12-20","2019-06-13",29.6427104722793,81,245,2011,1,13,"2011-12-27",2011,FALSE,"PF",225,22,1,"Injury/Illness - Bilateral Cervical Spine; Strain","neck","strain",76,29,63,15.12,7.41,94.6,70.15,9,17.46,95.24,77.78,60.32,20.63,15.87,11.11,1.59,1.59,1.59,4.76,12.7,6.35,1.59,7.94,14.29,3.17,1.59,4.76,25.4,9.52,3.17,6.35,3.17,1.59,1.59,26.98,1.59,20.63,6.35,0,6.35,3.17,4.76,3.17,3.17,3.17,0,0,0,11.11,4.76,1.59,1.59,7.94,0,6.35,1.59,4.76,0,17.46,9.52,3.17,7.94,1.59,3.17,0,0,0,"Forward"
"Youtube/162.mp3","Markieff Morris","markieff morris",2020-10-06,2020,"2019-10-22","2020-10-11",31.0937713894593,81,245,2011,1,13,"2011-12-27",2011,FALSE,"PF",189,50,1,"Injury/Illness - Left Ankle; sprain","ankle","sprain",246,34,797,24.36,96.44,87.53,53.26,10.22,8.03,92.6,76.79,59.1,21.71,15.06,4.39,5.27,4.14,0.38,6.65,15.18,6.27,2.51,11.67,9.66,4.89,5.77,1.63,22.58,4.39,6.02,8.53,5.77,1.76,1.38,26.35,1.51,11.79,5.52,1,1.51,1.13,0.38,2.76,4.52,3.26,1.13,1.13,0.75,16.31,3.39,0.75,2.13,13.17,2.26,3.39,2.26,1,1.76,14.3,8.66,2.63,6.52,5.02,4.27,5.27,1.76,2.38,"Forward"
"Youtube/1960.mp3","Markieff Morris","markieff morris",2020-10-06,2020,"2019-10-22","2020-10-11",31.0937713894593,81,245,2011,1,13,"2011-12-27",2011,FALSE,"PF",189,50,1,"Injury/Illness - Left Ankle; sprain","ankle","sprain",246,34,797,24.36,96.44,87.53,53.26,10.22,8.03,92.6,76.79,59.1,21.71,15.06,4.39,5.27,4.14,0.38,6.65,15.18,6.27,2.51,11.67,9.66,4.89,5.77,1.63,22.58,4.39,6.02,8.53,5.77,1.76,1.38,26.35,1.51,11.79,5.52,1,1.51,1.13,0.38,2.76,4.52,3.26,1.13,1.13,0.75,16.31,3.39,0.75,2.13,13.17,2.26,3.39,2.26,1,1.76,14.3,8.66,2.63,6.52,5.02,4.27,5.27,1.76,2.38,"Forward"
"Youtube/1992.mp3","Markieff Morris","markieff morris",2020-10-06,2020,"2019-10-22","2020-10-11",31.0937713894593,81,245,2011,1,13,"2011-12-27",2011,FALSE,"PF",189,50,1,"Injury/Illness - Left Ankle; sprain","ankle","sprain",246,34,800,23.99,96.53,87.19,53.12,10.13,8,92.75,76.88,59.38,21.75,15.13,4.38,5.38,4.13,0.38,6.63,15.5,6.38,2.5,11.63,9.75,4.75,5.75,1.88,22.5,4.38,6,8.75,5.88,1.75,1.5,26.38,1.75,11.75,5.5,1,1.5,1.13,0.38,2.75,4.5,3.25,1.13,1.13,0.75,16.38,3.25,0.75,2,13.38,2.25,3.5,2.25,1.13,1.75,14.5,8.5,2.63,6.5,5,4.25,5.13,1.75,2.38,"Forward"
"Youtube/3453.mp3","Markieff Morris","markieff morris",2020-10-06,2020,"2019-10-22","2020-10-11",31.0937713894593,81,245,2011,1,13,"2011-12-27",2011,FALSE,"PF",189,50,1,"Injury/Illness - Left Ankle; sprain","ankle","sprain",246,34,799,23.92,96.11,87.76,53.17,10.11,8.01,92.62,76.85,59.07,21.78,15.02,4.38,5.26,4.13,0.38,6.76,15.27,6.26,2.5,11.64,9.76,4.88,5.63,1.75,22.78,4.38,6.01,8.51,5.76,1.75,1.38,26.41,1.5,11.89,5.51,1,1.5,1.13,0.38,2.88,4.51,3.25,1.13,1.13,0.75,16.27,3.38,0.75,2.13,13.14,2.25,3.38,2.25,1,1.75,14.27,8.64,2.63,6.51,5.01,4.38,5.26,1.75,2.38,"Forward"
"Youtube/4514.mp3","Markieff Morris","markieff morris",2020-10-06,2020,"2019-10-22","2020-10-11",31.0937713894593,81,245,2011,1,13,"2011-12-27",2011,FALSE,"PF",189,50,1,"Injury/Illness - Left Ankle; sprain","ankle","sprain",246,34,797,24.36,96.44,87.53,53.26,10.22,8.03,92.6,76.79,59.1,21.71,15.06,4.39,5.27,4.14,0.38,6.65,15.18,6.27,2.51,11.67,9.66,4.89,5.77,1.63,22.58,4.39,6.02,8.53,5.77,1.76,1.38,26.35,1.51,11.79,5.52,1,1.51,1.13,0.38,2.76,4.52,3.26,1.13,1.13,0.75,16.31,3.39,0.75,2.13,13.17,2.26,3.39,2.26,1,1.76,14.3,8.66,2.63,6.52,5.02,4.27,5.27,1.76,2.38,"Forward"
"Youtube/4798.mp3","Markieff Morris","markieff morris",2020-10-06,2020,"2019-10-22","2020-10-11",31.0937713894593,81,245,2011,1,13,"2011-12-27",2011,FALSE,"PF",189,50,1,"Injury/Illness - Left Ankle; sprain","ankle","sprain",246,34,799,23.92,96.11,87.76,53.17,10.11,8.01,92.62,76.85,59.07,21.78,15.02,4.38,5.26,4.13,0.38,6.76,15.27,6.26,2.5,11.64,9.76,4.88,5.63,1.75,22.78,4.38,6.01,8.51,5.76,1.75,1.38,26.41,1.5,11.89,5.51,1,1.5,1.13,0.38,2.88,4.51,3.25,1.13,1.13,0.75,16.27,3.38,0.75,2.13,13.14,2.25,3.38,2.25,1,1.75,14.27,8.64,2.63,6.51,5.01,4.38,5.26,1.75,2.38,"Forward"
"Youtube/5396.mp3","Markieff Morris","markieff morris",2020-10-06,2020,"2019-10-22","2020-10-11",31.0937713894593,81,245,2011,1,13,"2011-12-27",2011,FALSE,"PF",189,50,1,"Injury/Illness - Left Ankle; sprain","ankle","sprain",246,34,800,24.88,95.58,87.65,53.12,10.13,8,92.63,76.88,59.13,21.5,15,4.5,5.25,4,0.38,6.5,15.5,6.25,2.5,11.75,9.88,4.75,5.5,1.88,22.88,4.38,6,8.5,5.75,1.75,1.38,26.63,1.75,11.88,5.5,1.13,1.5,1.13,0.38,2.75,4.5,3.25,1.13,1.13,0.75,16,3.25,0.75,2,13,2.25,3.38,2.25,1,1.75,14.5,8.5,2.63,6.5,5,4.38,5.25,1.75,2.38,"Forward"
"28560","Monte Morris","monte morris",2022-04-18,2022,"2021-10-19","2022-06-16",26.8090349075975,74,183,2017,2,51,"2017-12-10",2017,FALSE,"PG",296,49,1,"Injury/Illness - Back; Back tightness","back","tightness",63,25,76,17.38,99,42.69,20.23,10.86,15.79,94.74,68.42,51.32,21.05,17.11,2.63,14.47,0,0,3.95,10.53,5.26,0,13.16,13.16,3.95,6.58,2.63,30.26,1.32,2.63,21.05,19.74,1.32,0,25,3.95,9.21,1.32,0,1.32,3.95,0,3.95,6.58,1.32,1.32,1.32,0,17.11,2.63,1.32,0,15.79,0,0,0,0,7.89,10.53,10.53,0,10.53,0,5.26,6.58,2.63,0,"Guard"
"40155","Marcus Morris Sr.","marcus morris sr",2021-06-28,2021,"2020-12-22","2021-07-20",31.8193018480493,80,218,2011,1,14,"2011-12-27",2011,FALSE,"F",566,98,1,"Injury/Illness - Left Knee; Contusion","knee","contusion",95,39,52,21.6,62.84,81.58,1,7.43,17.31,98.08,78.85,57.69,21.15,15.38,7.69,3.85,0,0,5.77,15.38,5.77,0,13.46,13.46,9.62,1.92,0,21.15,9.62,9.62,9.62,3.85,5.77,0,34.62,0,13.46,5.77,0,1.92,3.85,0,0,3.85,0,3.85,1.92,0,9.62,1.92,0,0,7.69,3.85,1.92,0,1.92,0,7.69,11.54,3.85,5.77,5.77,13.46,5.77,1.92,0,"Forward"
"30488","Dejounte Murray","dejounte murray",2022-02-19,2022,"2021-10-19","2022-06-16",25.4182067077344,76,180,2016,1,29,"2016-10-30",2016,TRUE,"G",7,2,1,"Injury/Illness - Left Knee; Contusion","knee","contusion",16,6,83,38.29,97.26,86.1,89.13,13.83,10.84,87.95,71.08,54.22,12.05,9.64,1.2,1.2,2.41,3.61,2.41,6.02,6.02,1.2,14.46,13.25,10.84,4.82,0,28.92,2.41,1.2,1.2,1.2,0,0,16.87,1.2,3.61,2.41,0,1.2,0,0,0,4.82,4.82,0,1.2,1.2,15.66,3.61,0,1.2,12.05,3.61,3.61,1.2,0,3.61,14.46,16.87,3.61,13.25,6.02,7.23,2.41,7.23,0,"Guard"
"Youtube/2632.mp3","Dejounte Murray","dejounte murray",2021-02-25,2021,"2020-12-22","2021-07-20",24.435318275154,76,180,2016,1,29,"2016-10-30",2016,TRUE,"G",339,85,1,"Injury/Illness - Left Knee; Contusion","knee","contusion",352,36,834,12.81,98.29,85.13,67.44,16.35,8.03,95.8,80.58,60.79,23.98,18.35,5.16,2.04,7.43,1.32,5.64,9.47,5.16,0.96,12.11,9.47,5.64,8.15,1.56,26.38,3.24,2.28,6.71,2.4,3.36,0.96,28.06,1.8,15.95,9.59,1.92,1.44,0.72,0.72,2.04,4.68,3.84,0.84,1.8,1.56,17.51,2.16,0.12,0.84,15.11,3.12,4.08,1.68,1.8,1.68,17.99,8.75,1.8,5.88,3.12,3.36,4.68,3,1.2,"Guard"
"Youtube/4372.mp3","Dejounte Murray","dejounte murray",2021-02-25,2021,"2020-12-22","2021-07-20",24.435318275154,76,180,2016,1,29,"2016-10-30",2016,TRUE,"G",339,85,1,"Injury/Illness - Left Knee; Contusion","knee","contusion",352,36,841,13.23,98.21,85.3,67.06,15.87,8.09,95.84,80.5,60.76,23.78,18.19,5.11,2.02,7.37,1.31,5.59,9.51,5.23,0.95,12.13,9.63,5.59,8.09,1.55,26.52,3.21,2.26,6.66,2.38,3.33,0.95,27.82,1.78,15.81,9.51,1.9,1.43,0.71,0.71,2.02,4.64,3.8,0.83,1.78,1.55,17.36,2.14,0.12,0.83,14.98,3.09,4.16,1.66,1.9,1.66,17.95,8.8,1.9,5.95,3.09,3.33,4.64,3.21,1.19,"Guard"
"Youtube/4558.mp3","Dejounte Murray","dejounte murray",2021-02-25,2021,"2020-12-22","2021-07-20",24.435318275154,76,180,2016,1,29,"2016-10-30",2016,TRUE,"G",339,85,1,"Injury/Illness - Left Knee; Contusion","knee","contusion",352,36,841,13.23,98.21,85.3,67.06,16.17,8.09,95.84,80.5,60.76,23.78,18.19,5.11,2.02,7.37,1.31,5.59,9.51,5.23,0.95,12.13,9.63,5.59,8.09,1.55,26.52,3.21,2.26,6.66,2.38,3.33,0.95,27.82,1.78,15.81,9.51,1.9,1.43,0.71,0.71,2.02,4.64,3.8,0.83,1.78,1.55,17.36,2.14,0.12,0.83,14.98,3.09,4.16,1.66,1.9,1.66,17.95,8.8,1.9,5.95,3.09,3.33,4.64,3.21,1.19,"Guard"
"30598","Jamal Murray","jamal murray",2020-09-26,2020,"2019-10-22","2020-10-11",23.5893223819302,76,215,2016,1,7,"2016-10-27",2016,TRUE,"G",200,48,1,"Injury/Illness - Left ACL; Injury","knee","ACL injury",52,22,66,14.87,99,91.71,86.79,11,10.61,95.45,80.3,65.15,22.73,15.15,0,15.15,0,0,7.58,13.64,4.55,6.06,15.15,9.09,7.58,9.09,1.52,18.18,6.06,10.61,18.18,18.18,0,0,28.79,1.52,13.64,1.52,0,1.52,1.52,3.03,9.09,4.55,4.55,0,0,0,18.18,3.03,0,0,15.15,0,7.58,7.58,0,0,4.55,10.61,3.03,7.58,6.06,12.12,4.55,0,0,"Guard"
"30598","Jamal Murray","jamal murray",2020-09-22,2020,"2019-10-22","2020-10-11",23.5783709787817,76,215,2016,1,7,"2016-10-27",2016,TRUE,"G",204,50,1,"Injury/Illness - Left ACL; Injury","knee","ACL injury",48,20,65,16.83,1,97.78,1,13,12.31,93.85,81.54,56.92,20,13.85,12.31,0,0,1.54,6.15,13.85,6.15,0,10.77,10.77,6.15,3.08,6.15,26.15,7.69,6.15,3.08,1.54,1.54,0,26.15,3.08,15.38,6.15,1.54,3.08,1.54,0,6.15,4.62,0,4.62,4.62,0,12.31,9.23,1.54,1.54,3.08,0,4.62,4.62,0,1.54,4.62,3.08,1.54,1.54,4.62,1.54,6.15,3.08,0,"Guard"
"30598","Jamal Murray","jamal murray",2023-06-04,2023,"2022-10-18","2023-06-12",26.2751540041068,76,215,2016,1,7,"2016-10-27",2016,TRUE,"G",155,10,1,"Injury/Illness - Right Hamstring; Strain","hamstring","strain",56,16,53,1.02,87.88,87.76,1,10.6,11.32,94.34,83.02,58.49,24.53,16.98,3.77,1.89,5.66,5.66,7.55,3.77,0,0,13.21,15.09,5.66,11.32,3.77,35.85,9.43,1.89,7.55,3.77,0,3.77,32.08,0,9.43,1.89,0,3.77,1.89,0,3.77,7.55,1.89,5.66,0,0,15.09,1.89,0,1.89,13.21,0,1.89,1.89,0,1.89,15.09,15.09,1.89,11.32,5.66,7.55,11.32,1.89,0,"Guard"
"30598","Jamal Murray","jamal murray",2023-06-03,2023,"2022-10-18","2023-06-12",26.2724161533196,76,215,2016,1,7,"2016-10-27",2016,TRUE,"G",156,11,1,"Injury/Illness - Right Hamstring; Strain","hamstring","strain",55,16,68,59.96,73.71,83.69,7.16,13.6,7.35,86.76,76.47,55.88,14.71,14.71,5.88,2.94,0,2.94,0,19.12,11.76,5.88,10.29,4.41,7.35,7.35,1.47,17.65,5.88,7.35,4.41,2.94,0,1.47,20.59,1.47,13.24,8.82,1.47,1.47,0,1.47,0,1.47,0,1.47,1.47,0,11.76,1.47,0,0,10.29,4.41,1.47,1.47,0,2.94,5.88,10.29,1.47,8.82,2.94,7.35,2.94,0,1.47,"Guard"
"30598","Jamal Murray","jamal murray",2023-05-20,2023,"2022-10-18","2023-06-12",26.2340862422998,76,215,2016,1,7,"2016-10-27",2016,TRUE,"G",170,13,1,"Injury/Illness - Right Hamstring; Strain","hamstring","strain",41,13,96,13.27,98.75,89.39,52.41,19.2,9.38,97.92,86.46,71.88,20.83,15.63,3.13,9.38,0,3.13,5.21,16.67,9.38,4.17,12.5,11.46,10.42,8.33,2.08,23.96,4.17,5.21,11.46,10.42,1.04,0,21.88,1.04,9.38,5.21,1.04,0,0,0,2.08,4.17,3.13,1.04,1.04,1.04,14.58,1.04,1.04,0,14.58,0,2.08,1.04,1.04,1.04,7.29,11.46,3.13,8.33,3.13,13.54,0,3.13,0,"Guard"
"30598","Jamal Murray","jamal murray",2023-05-18,2023,"2022-10-18","2023-06-12",26.2286105407255,76,215,2016,1,7,"2016-10-27",2016,TRUE,"G",172,14,1,"Injury/Illness - Right Hamstring; Strain","hamstring","strain",39,12,95,33.7,6.45,99,96.96,19,9.47,95.79,78.95,61.05,18.95,14.74,9.47,0,0,4.21,4.21,16.84,4.21,2.11,14.74,6.32,5.26,9.47,1.05,18.95,7.37,8.42,2.11,0,2.11,0,21.05,0,12.63,1.05,1.05,2.11,5.26,1.05,3.16,10.53,8.42,2.11,1.05,1.05,6.32,1.05,0,0,5.26,0,5.26,5.26,0,0,14.74,20,6.32,13.68,3.16,6.32,2.11,2.11,0,"Guard"
"30598","Jamal Murray","jamal murray",2023-06-12,2023,"2022-10-18","2023-06-12",26.2970568104038,76,215,2016,1,7,"2016-10-27",2016,TRUE,"G",147,7,1,"Injury/Illness - Right Hamstring; Strain","hamstring","strain",64,19,88,87.88,13.41,73.56,20.23,11,15.91,95.45,77.27,65.91,12.5,5.68,4.55,0,0,1.14,6.82,13.64,11.36,1.14,22.73,7.95,6.82,4.55,3.41,17.05,2.27,1.14,1.14,1.14,1.14,0,21.59,2.27,7.95,1.14,0,1.14,3.41,3.41,2.27,4.55,2.27,2.27,2.27,2.27,6.82,2.27,0,1.14,4.55,1.14,1.14,1.14,0,0,11.36,17.05,1.14,9.09,4.55,4.55,3.41,0,1.14,"Guard"
"30598","Jamal Murray","jamal murray",2023-06-11,2023,"2022-10-18","2023-06-12",26.2943189596167,76,215,2016,1,7,"2016-10-27",2016,TRUE,"G",148,8,1,"Injury/Illness - Right Hamstring; Strain","hamstring","strain",63,19,89,49.11,33.69,48.97,55.18,11.13,10.11,95.51,77.53,67.42,21.35,12.36,6.74,0,1.12,0,8.99,22.47,10.11,1.12,14.61,11.24,5.62,2.25,1.12,23.6,2.25,5.62,2.25,2.25,0,0,19.1,0,7.87,4.49,0,1.12,0,0,1.12,6.74,4.49,2.25,2.25,1.12,11.24,4.49,3.37,1.12,6.74,4.49,1.12,0,0,1.12,6.74,11.24,1.12,7.87,2.25,7.87,3.37,6.74,0,"Guard"
"41107","Keegan Murray","keegan murray",2023-04-23,2023,"2022-10-18","2023-06-12",22.6748802190281,80,225,2022,1,4,"2022-10-23",2022,TRUE,"F",219,16,1,"Injury/Illness - SI Joint; Irritation","pelvis","inflammation",183,83,60,22.17,1.24,99,6.08,30,11.67,98.33,83.33,65,18.33,15,13.33,0,0,1.67,3.33,8.33,5,0,16.67,11.67,11.67,6.67,0,25,6.67,1.67,6.67,0,6.67,0,33.33,0,20,11.67,1.67,5,0,0,1.67,5,1.67,3.33,5,1.67,5,3.33,0,0,1.67,0,0,0,0,3.33,6.67,11.67,5,5,5,8.33,6.67,1.67,1.67,"Forward"
"28637","Abdel Nader","abdel nader",2019-04-25,2019,"2018-12-20","2019-06-13",25.5797399041752,77,225,2016,2,58,"2017-10-18",2017,FALSE,"F",265,32,1,"Injury/Illness - Left Ankle; Sprain","ankle","sprain",121,50,88,20.83,72.71,58.59,55.62,22,21.59,92.05,79.55,68.18,15.91,9.09,2.27,0,6.82,0,6.82,12.5,7.95,2.27,12.5,11.36,7.95,10.23,2.27,20.45,0,3.41,6.82,0,5.68,1.14,20.45,1.14,14.77,2.27,2.27,2.27,5.68,0,3.41,2.27,2.27,0,0,0,7.95,1.14,0,0,6.82,0,6.82,2.27,4.55,3.41,10.23,10.23,1.14,9.09,3.41,1.14,2.27,1.14,0,"Forward"
"36820","Andrew Nembhard","andrew nembhard",2025-06-07,2025,"2024-10-22","2025-06-22",25.3908281998631,76,191,2022,2,31,"2022-10-19",2022,TRUE,"G",140,7,1,"Injury/Illness - Left Shoulder; Strain","shoulder","strain",57,18,51,89.52,51.75,83.69,80.19,8.5,13.73,96.08,76.47,58.82,11.76,5.88,3.92,0,1.96,0,5.88,21.57,17.65,0,9.8,9.8,3.92,1.96,0,23.53,5.88,3.92,1.96,1.96,0,0,23.53,3.92,9.8,3.92,0,0,5.88,0,0,9.8,5.88,1.96,5.88,3.92,3.92,0,0,0,3.92,0,9.8,7.84,1.96,0,3.92,17.65,3.92,9.8,1.96,13.73,1.96,0,0,"Guard"
"25689","Nerlens Noel","nerlens noel",2019-04-25,2019,"2018-12-20","2019-06-13",25.0403832991102,82,220,2013,1,6,"2014-03-12",2013,FALSE,"C",256,34,1,"Injury/Illness - Left Ankle; Sprain","ankle","sprain",38,16,62,46.42,4.4,86.48,97.31,20.67,17.74,93.55,77.42,62.9,19.35,8.06,8.06,0,0,0,11.29,20.97,8.06,0,16.13,8.06,8.06,6.45,0,12.9,6.45,4.84,3.23,1.61,1.61,0,25.81,0,16.13,3.23,1.61,0,0,6.45,3.23,6.45,6.45,0,3.23,3.23,1.61,1.61,1.61,0,1.61,0,4.84,1.61,1.61,0,14.52,12.9,0,8.06,1.61,4.84,6.45,0,0,"Center"
"38731","Kendrick Nunn","kendrick nunn",2020-09-14,2020,"2019-10-22","2020-10-11",25.1170431211499,75,190,NA,NA,NA,"2019-10-23",2019,FALSE,"G",196,47,1,"Injury/Illness - Right Ankle; Sprain","ankle","sprain",327,74,50,69.05,99,13.33,50.98,16.67,8,94,72,60,22,14,0,8,4,2,8,14,10,0,20,10,0,8,0,22,0,4,12,8,4,2,10,0,2,0,2,0,0,0,0,2,2,0,2,2,22,4,0,2,18,4,0,0,0,4,14,14,2,10,0,4,4,0,0,"Guard"
"Youtube/470.mp3","Jordan Nwora","jordan nwora",2023-04-10,2023,"2022-10-18","2023-06-12",24.5831622176591,80,225,2020,2,45,"2020-12-24",2020,FALSE,"SF",370,52,0,NA,NA,NA,660,135,717,12.19,41.71,98.46,76.49,15.26,9.9,96.51,83.54,64.57,23.29,14.92,9.07,1.39,3.77,0.56,8.37,13.53,6.14,0.7,13.11,12.97,7.67,6.83,0.42,25.38,6.97,6.14,4.6,2.65,1.53,0.42,28.73,0.84,15.06,7.67,1.81,1.39,1.39,1.26,2.93,4.74,4.18,0.56,1.81,1.39,9.34,2.51,0.98,1.39,7.53,0.42,3.07,1.39,1.26,1.26,13.95,8.37,1.39,6.42,4.04,5.02,5.02,1.95,0.98,"Forward"
"Youtube/970.mp3","Jordan Nwora","jordan nwora",2023-04-10,2023,"2022-10-18","2023-06-12",24.5831622176591,80,225,2020,2,45,"2020-12-24",2020,FALSE,"SF",370,52,0,NA,NA,NA,660,135,719,12.54,41.71,98.4,76.36,15.3,10.01,96.38,83.45,64.53,23.23,14.88,9.04,1.39,3.76,0.56,8.34,13.49,6.12,0.7,13.21,12.93,7.65,6.82,0.42,25.31,6.95,6.12,4.59,2.64,1.53,0.42,28.65,0.83,15.02,7.65,1.81,1.39,1.39,1.25,2.92,4.73,4.17,0.56,1.81,1.39,9.32,2.5,0.97,1.39,7.51,0.42,3.06,1.39,1.25,1.25,13.91,8.34,1.39,6.4,4.03,5.01,5.01,1.95,0.97,"Forward"
"25142","Kelly Olynyk","kelly olynyk",2020-10-05,2020,"2019-10-22","2020-10-11",29.4647501711157,84,240,2013,1,13,"2013-10-30",2013,FALSE,"F",403,82,1,"Injury/Illness - Left Knee; Sprain","knee","sprain",655,133,58,1,40.06,92,46.24,11.6,12.07,93.1,70.69,62.07,24.14,13.79,10.34,0,3.45,0,10.34,8.62,3.45,0,8.62,17.24,12.07,6.9,0,20.69,3.45,3.45,1.72,0,1.72,0,41.38,5.17,20.69,5.17,1.72,0,12.07,1.72,0,1.72,1.72,0,1.72,1.72,6.9,0,0,0,6.9,0,3.45,1.72,0,0,6.9,6.9,0,6.9,3.45,5.17,10.34,1.72,3.45,"Forward"
"19405","Patrick Patterson","patrick patterson",2019-04-25,2019,"2018-12-20","2019-06-13",30.113620807666,80,235,2010,1,14,"2010-10-27",2010,FALSE,"PF",227,21,1,"Injury/Illness - Back; Back Spasms","back","spasm",124,33,113,16.89,50.6,53.37,96.56,12.56,13.27,95.58,79.65,63.72,21.24,15.93,9.73,1.77,0,0,5.31,14.16,7.96,0,12.39,10.62,8.85,7.08,1.77,21.24,8.85,0.88,11.5,7.08,3.54,0.88,23.01,0.88,9.73,5.31,1.77,1.77,0,0,0,7.96,7.08,0.88,0.88,0.88,14.16,5.31,3.54,0,11.5,7.08,0.88,0,0.88,0.88,7.08,7.96,1.77,5.31,2.65,10.62,0.88,4.42,0,"Forward"
"13870","Chris Paul","chris paul",2021-07-20,2021,"2020-12-22","2021-07-20",36.2053388090349,72,175,2005,1,4,"2005-11-02",2005,FALSE,"G",219,59,1,"Injury/Illness - Right Thumb; Avulsion fracture","thumb","fracture",340,97,69,20.27,73.29,99,7.29,9.86,2.9,91.3,81.16,59.42,21.74,15.94,2.9,7.25,1.45,4.35,5.8,13.04,8.7,1.45,10.14,8.7,5.8,4.35,5.8,23.19,10.14,8.7,7.25,7.25,0,0,23.19,1.45,14.49,4.35,1.45,1.45,0,0,7.25,1.45,0,1.45,0,0,13.04,0,0,0,13.04,0,4.35,4.35,0,1.45,11.59,11.59,2.9,7.25,8.7,13.04,1.45,0,0,"Guard"
"13870","Chris Paul","chris paul",2021-07-19,2021,"2020-12-22","2021-07-20",36.2026009582478,72,175,2005,1,4,"2005-11-02",2005,FALSE,"G",220,60,1,"Injury/Illness - Right Thumb; Avulsion fracture","thumb","fracture",339,97,56,5.64,1,82.24,20.23,8,19.64,89.29,78.57,62.5,12.5,7.14,7.14,0,0,0,5.36,3.57,0,0,14.29,8.93,12.5,12.5,5.36,19.64,7.14,3.57,8.93,1.79,5.36,1.79,35.71,0,30.36,3.57,3.57,3.57,7.14,5.36,10.71,10.71,5.36,5.36,5.36,0,8.93,8.93,3.57,0,0,0,0,0,0,0,3.57,3.57,0,3.57,1.79,0,7.14,0,0,"Guard"
"13870","Chris Paul","chris paul",2021-07-17,2021,"2020-12-22","2021-07-20",36.1971252566735,72,175,2005,1,4,"2005-11-02",2005,FALSE,"G",222,60,1,"Injury/Illness - Right Thumb; Avulsion fracture","thumb","fracture",337,96,63,1.78,99,45.24,43.94,21,12.7,96.83,82.54,69.84,22.22,12.7,1.59,9.52,1.59,0,9.52,11.11,4.76,1.59,9.52,17.46,7.94,9.52,1.59,23.81,3.17,6.35,14.29,11.11,1.59,1.59,26.98,1.59,11.11,0,1.59,3.17,3.17,1.59,0,1.59,1.59,0,0,0,15.87,4.76,1.59,1.59,12.7,0,1.59,1.59,0,0,17.46,12.7,1.59,9.52,7.94,6.35,3.17,1.59,1.59,"Guard"
"13870","Chris Paul","chris paul",2021-07-14,2021,"2020-12-22","2021-07-20",36.1889117043121,72,175,2005,1,4,"2005-11-02",2005,FALSE,"G",225,61,1,"Injury/Illness - Right Thumb; Avulsion fracture","thumb","fracture",334,95,77,41.25,47.76,88.28,39.1,12.83,6.49,92.21,85.71,64.94,22.08,15.58,7.79,5.19,0,2.6,6.49,14.29,5.19,5.19,15.58,7.79,5.19,3.9,1.3,22.08,7.79,9.09,7.79,5.19,2.6,0,14.29,0,5.19,1.3,1.3,0,0,0,2.6,6.49,3.9,2.6,2.6,0,9.09,1.3,1.3,0,7.79,0,0,0,0,5.19,5.19,11.69,5.19,6.49,1.3,10.39,1.3,0,0,"Guard"
"13870","Chris Paul","chris paul",2021-07-13,2021,"2020-12-22","2021-07-20",36.186173853525,72,175,2005,1,4,"2005-11-02",2005,FALSE,"G",226,62,1,"Injury/Illness - Right Thumb; Avulsion fracture","thumb","fracture",333,95,68,13.87,90.28,7.78,66.58,13.6,14.71,89.71,69.12,61.76,17.65,11.76,1.47,0,2.94,1.47,5.88,11.76,4.41,1.47,14.71,7.35,11.76,11.76,1.47,13.24,1.47,2.94,8.82,2.94,0,5.88,32.35,1.47,25,7.35,2.94,0,13.24,0,4.41,2.94,2.94,0,0,0,17.65,2.94,1.47,0,14.71,7.35,2.94,1.47,1.47,0,2.94,2.94,1.47,0,1.47,1.47,5.88,0,0,"Guard"
"13870","Chris Paul","chris paul",2021-07-11,2021,"2020-12-22","2021-07-20",36.1806981519507,72,175,2005,1,4,"2005-11-02",2005,FALSE,"G",228,62,1,"Injury/Illness - Right Thumb; Avulsion fracture","thumb","fracture",331,94,57,67.62,85.76,45.82,5.65,14.25,7.02,96.49,78.95,59.65,12.28,12.28,3.51,5.26,0,3.51,0,14.04,8.77,1.75,15.79,7.02,7.02,7.02,1.75,22.81,3.51,8.77,8.77,5.26,3.51,0,19.3,0,12.28,3.51,0,3.51,1.75,1.75,1.75,1.75,0,1.75,1.75,0,12.28,1.75,0,0,10.53,1.75,5.26,3.51,0,5.26,8.77,12.28,1.75,10.53,0,5.26,1.75,0,0,"Guard"
"13870","Chris Paul","chris paul",2021-07-08,2021,"2020-12-22","2021-07-20",36.1724845995893,72,175,2005,1,4,"2005-11-02",2005,FALSE,"G",231,63,1,"Injury/Illness - Right Thumb; Avulsion fracture","thumb","fracture",328,93,65,6.14,91.46,41.41,20.23,10.83,4.62,95.38,78.46,58.46,23.08,18.46,4.62,1.54,4.62,0,4.62,9.23,3.08,0,10.77,9.23,4.62,12.31,1.54,18.46,10.77,9.23,7.69,3.08,4.62,0,27.69,1.54,9.23,0,1.54,3.08,1.54,0,4.62,3.08,1.54,1.54,1.54,0,18.46,3.08,1.54,1.54,15.38,7.69,6.15,0,6.15,1.54,18.46,9.23,3.08,7.69,7.69,3.08,6.15,1.54,0,"Guard"
"13870","Chris Paul","chris paul",2021-07-06,2021,"2020-12-22","2021-07-20",36.1670088980151,72,175,2005,1,4,"2005-11-02",2005,FALSE,"G",233,64,1,"Injury/Illness - Right Thumb; Avulsion fracture","thumb","fracture",326,92,92,34.72,53.04,60.36,71.41,10.22,15.22,90.22,79.35,60.87,17.39,7.61,3.26,0,3.26,1.09,9.78,15.22,8.7,0,13.04,13.04,5.43,6.52,1.09,26.09,7.61,5.43,2.17,1.09,1.09,0,22.83,1.09,8.7,2.17,2.17,2.17,2.17,0,2.17,7.61,5.43,2.17,1.09,0,10.87,5.43,1.09,4.35,5.43,0,2.17,2.17,0,3.26,8.7,10.87,2.17,6.52,5.43,7.61,4.35,0,0,"Guard"
"13870","Chris Paul","chris paul",2021-06-30,2021,"2020-12-22","2021-07-20",36.1505817932923,72,175,2005,1,4,"2005-11-02",2005,FALSE,"G",239,65,1,"Injury/Illness - Right Thumb; Avulsion fracture","thumb","fracture",320,91,70,15.41,65.33,97.09,0,10,8.57,97.14,85.71,65.71,20,15.71,7.14,2.86,2.86,2.86,4.29,15.71,4.29,7.14,10,7.14,11.43,4.29,1.43,24.29,4.29,11.43,2.86,2.86,0,0,24.29,5.71,8.57,5.71,1.43,0,2.86,0,1.43,0,0,0,0,0,8.57,0,0,0,8.57,0,4.29,4.29,0,1.43,15.71,14.29,4.29,4.29,5.71,8.57,4.29,1.43,0,"Guard"
"13870","Chris Paul","chris paul",2020-02-16,2020,"2019-10-22","2020-10-11",34.7816563997262,72,175,2005,1,4,"2005-11-02",2005,FALSE,"G",180,16,1,"Injury/Illness - Left Hand; Sprain","hand","sprain",387,97,71,40.54,13.57,70.75,94.32,14.2,11.27,92.96,78.87,66.2,18.31,9.86,8.45,0,1.41,0,8.45,12.68,7.04,2.82,18.31,7.04,8.45,9.86,1.41,15.49,4.23,1.41,2.82,2.82,0,0,23.94,0,15.49,1.41,4.23,0,8.45,0,4.23,5.63,5.63,0,1.41,1.41,11.27,4.23,1.41,2.82,7.04,1.41,5.63,5.63,0,4.23,12.68,4.23,0,4.23,2.82,8.45,0,0,0,"Guard"
"13870","Chris Paul","chris paul",2020-02-15,2020,"2019-10-22","2020-10-11",34.7789185489391,72,175,2005,1,4,"2005-11-02",2005,FALSE,"G",181,17,1,"Injury/Illness - Left Hand; Sprain","hand","sprain",386,97,72,29.64,25.13,96.01,99,18,6.94,93.06,72.22,56.94,16.67,6.94,4.17,0,2.78,0,9.72,9.72,8.33,0,12.5,9.72,9.72,6.94,1.39,15.28,9.72,1.39,1.39,0,1.39,0,33.33,1.39,13.89,1.39,0,0,6.94,1.39,4.17,8.33,8.33,0,5.56,5.56,5.56,1.39,0,0,4.17,0,5.56,2.78,1.39,1.39,11.11,9.72,1.39,5.56,11.11,2.78,6.94,0,0,"Guard"
"Youtube/1214.mp3","Chris Paul","chris paul",2021-07-16,2021,"2020-12-22","2021-07-20",36.1943874058864,72,175,2005,1,4,"2005-11-02",2005,FALSE,"G",223,61,1,"Injury/Illness - Right Thumb; Avulsion fracture","thumb","fracture",336,96,857,1.97,77.87,93.54,54.68,8.93,10.85,94.75,81.1,66.04,26.37,16.69,5.83,2.45,6.88,0.58,9.68,10.85,4.2,0.93,10.39,10.74,8.98,9.1,3.15,21.82,4.67,4.32,5.25,3.27,1.17,0.82,31.51,2.22,16.22,4.78,1.05,1.75,3.5,0.58,6.07,4.32,3.15,0.93,1.28,0.93,14.59,1.98,0.23,1.28,12.72,1.17,4.67,2.22,1.52,0.58,11.67,7.7,1.87,5.48,5.13,3.85,7.23,2.22,1.4,"Guard"
"Youtube/1284.mp3","Chris Paul","chris paul",2021-07-16,2021,"2020-12-22","2021-07-20",36.1943874058864,72,175,2005,1,4,"2005-11-02",2005,FALSE,"G",223,61,1,"Injury/Illness - Right Thumb; Avulsion fracture","thumb","fracture",336,96,863,1.89,77.13,93.65,54.42,8.9,11.01,94.67,81.11,66.28,26.19,16.69,5.79,2.55,6.84,0.58,9.5,11.01,4.29,0.93,10.31,10.89,9.15,9.04,3.36,21.9,4.63,4.17,5.33,3.36,1.16,0.81,31.52,2.32,16.22,4.75,1.04,1.74,3.48,0.58,6.14,4.29,3.13,0.93,1.27,0.93,14.6,1.97,0.23,1.27,12.75,1.16,4.63,2.2,1.51,0.58,11.7,7.76,1.85,5.56,5.1,3.94,7.42,2.2,1.39,"Guard"
"Youtube/1753.mp3","Chris Paul","chris paul",2021-07-19,2021,"2020-12-22","2021-07-20",36.2026009582478,72,175,2005,1,4,"2005-11-02",2005,FALSE,"G",220,60,1,"Injury/Illness - Right Thumb; Avulsion fracture","thumb","fracture",339,97,904,6.76,92.37,82.32,62.01,9.52,8.08,95.58,81.53,64.38,25.11,15.49,4.2,6.75,3.54,0.88,9.62,13.05,4.76,0.66,12.39,11.17,6.19,8.19,2.77,22.9,4.42,5.2,10.07,7.41,1.88,1,33.19,2.54,18.81,7.41,1.44,2.32,3.32,1.11,4.54,3.98,3.32,0.66,1,0.66,14.27,1.99,0.55,1,12.39,0.11,3.76,2.77,0.55,1,10.95,6.64,0.77,5.42,3.21,2.88,6.97,2.32,3.1,"Guard"
"Youtube/234.mp3","Chris Paul","chris paul",2021-07-19,2021,"2020-12-22","2021-07-20",36.2026009582478,72,175,2005,1,4,"2005-11-02",2005,FALSE,"G",220,60,1,"Injury/Illness - Right Thumb; Avulsion fracture","thumb","fracture",339,97,900,6.92,92.47,81.75,62.2,9.78,8.11,95.56,81.44,64.33,25,15.56,4.22,6.78,3.56,0.89,9.44,13,4.78,0.67,12.44,11.22,6.11,8.22,2.78,22.89,4.44,5.22,10.11,7.44,1.89,1,33.11,2.56,18.67,7.22,1.33,2.33,3.33,1.11,4.56,4,3.33,0.67,1,0.67,14.33,2,0.56,1,12.44,0.11,3.78,2.78,0.56,1,10.89,6.67,0.78,5.44,3.22,2.89,7,2.33,3.11,"Guard"
"Youtube/2860.mp3","Chris Paul","chris paul",2021-07-16,2021,"2020-12-22","2021-07-20",36.1943874058864,72,175,2005,1,4,"2005-11-02",2005,FALSE,"G",223,61,1,"Injury/Illness - Right Thumb; Avulsion fracture","thumb","fracture",336,96,857,1.97,77.87,93.54,54.68,8.66,10.85,94.75,81.1,66.04,26.37,16.69,5.83,2.45,6.88,0.58,9.68,10.85,4.2,0.93,10.39,10.74,8.98,9.1,3.15,21.82,4.67,4.32,5.25,3.27,1.17,0.82,31.51,2.22,16.22,4.78,1.05,1.75,3.5,0.58,6.07,4.32,3.15,0.93,1.28,0.93,14.59,1.98,0.23,1.28,12.72,1.17,4.67,2.22,1.52,0.58,11.67,7.7,1.87,5.48,5.13,3.85,7.23,2.22,1.4,"Guard"
"Youtube/2966.mp3","Chris Paul","chris paul",2021-07-19,2021,"2020-12-22","2021-07-20",36.2026009582478,72,175,2005,1,4,"2005-11-02",2005,FALSE,"G",220,60,1,"Injury/Illness - Right Thumb; Avulsion fracture","thumb","fracture",339,97,900,6.92,92.47,81.75,62.2,9.57,8.11,95.56,81.44,64.33,25,15.56,4.22,6.78,3.56,0.89,9.44,13,4.78,0.67,12.44,11.22,6.11,8.22,2.78,22.89,4.44,5.22,10.11,7.44,1.89,1,33.11,2.56,18.67,7.22,1.33,2.33,3.33,1.11,4.56,4,3.33,0.67,1,0.67,14.33,2,0.56,1,12.44,0.11,3.78,2.78,0.56,1,10.89,6.67,0.78,5.44,3.22,2.89,7,2.33,3.11,"Guard"
"Youtube/3061.mp3","Chris Paul","chris paul",2021-07-19,2021,"2020-12-22","2021-07-20",36.2026009582478,72,175,2005,1,4,"2005-11-02",2005,FALSE,"G",220,60,1,"Injury/Illness - Right Thumb; Avulsion fracture","thumb","fracture",339,97,901,6.96,92.45,81.63,62.15,9.79,8.1,95.56,81.47,64.37,24.97,15.54,4.22,6.77,3.55,0.89,9.43,13.1,4.77,0.67,12.43,11.21,6.1,8.21,2.77,22.86,4.44,5.22,10.1,7.44,1.89,1,33.07,2.55,18.65,7.21,1.33,2.33,3.33,1.11,4.55,4,3.33,0.67,1,0.67,14.32,2,0.55,1,12.43,0.11,3.77,2.77,0.55,1,10.88,6.66,0.78,5.44,3.22,2.89,6.99,2.33,3.11,"Guard"
"Youtube/334.mp3","Chris Paul","chris paul",2021-07-16,2021,"2020-12-22","2021-07-20",36.1943874058864,72,175,2005,1,4,"2005-11-02",2005,FALSE,"G",223,61,1,"Injury/Illness - Right Thumb; Avulsion fracture","thumb","fracture",336,96,858,1.95,78.36,92.93,54.63,8.5,10.84,94.76,81.12,66.32,26.46,16.78,5.83,2.56,6.88,0.58,9.67,11.07,4.31,0.93,10.37,10.72,8.97,9.09,3.26,21.68,4.66,4.2,5.36,3.38,1.17,0.82,31.35,2.33,16.08,4.66,1.05,1.75,3.5,0.58,6.06,4.31,3.15,0.93,1.28,0.93,14.69,1.98,0.23,1.28,12.82,1.17,4.66,2.21,1.52,0.58,11.66,7.69,1.86,5.48,5.01,3.85,7.23,2.21,1.4,"Guard"
"Youtube/3468.mp3","Chris Paul","chris paul",2021-07-07,2021,"2020-12-22","2021-07-20",36.1697467488022,72,175,2005,1,4,"2005-11-02",2005,FALSE,"G",232,64,1,"Injury/Illness - Right Thumb; Avulsion fracture","thumb","fracture",327,93,1109,7.34,71.34,93.18,62.81,10.77,10.19,95.04,81.06,65.19,25.07,15.51,6.76,2.34,4.24,0.99,9.56,14.97,5.5,1.44,11.9,12.62,6.31,6.94,2.16,22.27,5.32,6.04,7.03,4.51,2.16,0.72,29.58,1.53,13.44,5.05,0.9,1.26,2.52,0.81,4.15,3.07,2.89,0.18,0.81,0.81,13.71,3.34,1.53,1.17,11.9,1.35,2.98,1.35,1.62,0.99,11.45,7.12,1.44,5.23,5.68,4.87,6.76,1.89,1.89,"Guard"
"Youtube/3511.mp3","Chris Paul","chris paul",2021-07-16,2021,"2020-12-22","2021-07-20",36.1943874058864,72,175,2005,1,4,"2005-11-02",2005,FALSE,"G",223,61,1,"Injury/Illness - Right Thumb; Avulsion fracture","thumb","fracture",336,96,857,1.97,77.87,93.54,54.68,8.74,10.85,94.75,81.1,66.04,26.37,16.69,5.83,2.45,6.88,0.58,9.68,10.85,4.2,0.93,10.39,10.74,8.98,9.1,3.15,21.82,4.67,4.32,5.25,3.27,1.17,0.82,31.51,2.22,16.22,4.78,1.05,1.75,3.5,0.58,6.07,4.32,3.15,0.93,1.28,0.93,14.59,1.98,0.23,1.28,12.72,1.17,4.67,2.22,1.52,0.58,11.67,7.7,1.87,5.48,5.13,3.85,7.23,2.22,1.4,"Guard"
"Youtube/3662.mp3","Chris Paul","chris paul",2021-07-07,2021,"2020-12-22","2021-07-20",36.1697467488022,72,175,2005,1,4,"2005-11-02",2005,FALSE,"G",232,64,1,"Injury/Illness - Right Thumb; Avulsion fracture","thumb","fracture",327,93,1110,7.18,70.39,93.54,62.77,10.78,10.18,95.05,81.08,65.14,25.14,15.59,6.85,2.34,4.23,0.99,9.55,14.95,5.5,1.44,11.89,12.7,6.31,6.85,2.25,22.43,5.32,6.04,7.03,4.5,2.16,0.72,29.55,1.53,13.42,5.05,0.9,1.26,2.52,0.81,4.14,3.06,2.88,0.18,0.81,0.81,13.69,3.33,1.53,1.17,11.89,1.35,2.97,1.35,1.62,0.99,11.44,7.21,1.53,5.23,5.68,4.86,6.76,2.07,1.89,"Guard"
"Youtube/3929.mp3","Chris Paul","chris paul",2021-07-19,2021,"2020-12-22","2021-07-20",36.2026009582478,72,175,2005,1,4,"2005-11-02",2005,FALSE,"G",220,60,1,"Injury/Illness - Right Thumb; Avulsion fracture","thumb","fracture",339,97,900,6.92,92.47,81.75,62.2,9.57,8.11,95.56,81.44,64.33,25,15.56,4.22,6.78,3.56,0.89,9.44,13,4.78,0.67,12.44,11.22,6.11,8.22,2.78,22.89,4.44,5.22,10.11,7.44,1.89,1,33.11,2.56,18.67,7.22,1.33,2.33,3.33,1.11,4.56,4,3.33,0.67,1,0.67,14.33,2,0.56,1,12.44,0.11,3.78,2.78,0.56,1,10.89,6.67,0.78,5.44,3.22,2.89,7,2.33,3.11,"Guard"
"Youtube/688.mp3","Chris Paul","chris paul",2021-07-16,2021,"2020-12-22","2021-07-20",36.1943874058864,72,175,2005,1,4,"2005-11-02",2005,FALSE,"G",223,61,1,"Injury/Illness - Right Thumb; Avulsion fracture","thumb","fracture",336,96,857,1.97,77.87,93.54,54.68,8.66,10.85,94.75,81.1,66.04,26.37,16.69,5.83,2.45,6.88,0.58,9.68,10.85,4.2,0.93,10.39,10.74,8.98,9.1,3.15,21.82,4.67,4.32,5.25,3.27,1.17,0.82,31.51,2.22,16.22,4.78,1.05,1.75,3.5,0.58,6.07,4.32,3.15,0.93,1.28,0.93,14.59,1.98,0.23,1.28,12.72,1.17,4.67,2.22,1.52,0.58,11.67,7.7,1.87,5.48,5.13,3.85,7.23,2.22,1.4,"Guard"
"Youtube/896.mp3","Chris Paul","chris paul",2021-07-19,2021,"2020-12-22","2021-07-20",36.2026009582478,72,175,2005,1,4,"2005-11-02",2005,FALSE,"G",220,60,1,"Injury/Illness - Right Thumb; Avulsion fracture","thumb","fracture",339,97,900,6.92,92.47,81.75,62.2,9.68,8.11,95.56,81.44,64.33,25,15.56,4.22,6.78,3.56,0.89,9.44,13,4.78,0.67,12.44,11.22,6.11,8.22,2.78,22.89,4.44,5.22,10.11,7.44,1.89,1,33.11,2.56,18.67,7.22,1.33,2.33,3.33,1.11,4.56,4,3.33,0.67,1,0.67,14.33,2,0.56,1,12.44,0.11,3.78,2.78,0.56,1,10.89,6.67,0.78,5.44,3.22,2.89,7,2.33,3.11,"Guard"
"29267","Cameron Payne","cameron payne",2021-07-05,2021,"2020-12-22","2021-07-20",26.9075975359343,75,183,2015,1,14,"2015-11-02",2015,FALSE,"PG",110,8,1,"Injury/Illness - Right Hamstring; Strain","hamstring","strain",64,24,79,1,40.06,22.32,59.98,11.29,8.86,98.73,87.34,69.62,31.65,18.99,10.13,0,0,1.27,12.66,13.92,6.33,1.27,10.13,18.99,3.8,10.13,1.27,31.65,7.59,2.53,3.8,3.8,0,0,27.85,1.27,8.86,6.33,1.27,0,0,0,1.27,7.59,3.8,1.27,6.33,2.53,13.92,1.27,0,1.27,12.66,0,2.53,1.27,0,1.27,5.06,7.59,0,2.53,1.27,16.46,10.13,0,0,"Guard"
"29267","Cameron Payne","cameron payne",2021-06-22,2021,"2020-12-22","2021-07-20",26.8720054757016,75,183,2015,1,14,"2015-11-02",2015,FALSE,"PG",123,12,1,"Injury/Illness - Right Hamstring; Strain","hamstring","strain",51,19,73,26.97,71.69,2.05,63.38,10.43,10.96,91.78,73.97,61.64,26.03,12.33,2.74,0,1.37,0,13.7,16.44,8.22,0,17.81,12.33,5.48,4.11,2.74,17.81,6.85,6.85,1.37,0,1.37,0,23.29,0,6.85,0,1.37,1.37,1.37,0,2.74,4.11,2.74,0,1.37,0,15.07,2.74,1.37,1.37,12.33,9.59,2.74,2.74,0,1.37,10.96,5.48,0,4.11,6.85,5.48,5.48,1.37,1.37,"Guard"
"29267","Cameron Payne","cameron payne",2021-06-20,2021,"2020-12-22","2021-07-20",26.8665297741273,75,183,2015,1,14,"2015-11-02",2015,FALSE,"PG",125,13,1,"Injury/Illness - Right Hamstring; Strain","hamstring","strain",49,18,70,15.41,79.51,24.32,98.65,10,14.29,91.43,84.29,60,17.14,12.86,4.29,4.29,0,0,4.29,7.14,5.71,0,11.43,7.14,14.29,8.57,0,22.86,8.57,2.86,4.29,4.29,0,0,21.43,0,11.43,2.86,0,2.86,2.86,2.86,1.43,8.57,7.14,0,7.14,5.71,10,1.43,0,0,8.57,4.29,4.29,2.86,0,7.14,15.71,15.71,0,11.43,1.43,7.14,4.29,4.29,0,"Guard"
"35155","Jordan Poole","jordan poole",2022-06-15,2022,"2021-10-19","2022-06-16",22.9897330595483,76,194,2019,1,28,"2019-10-25",2019,TRUE,"G",927,200,1,"Injury/Illness - Left Hip; Contusion","hip","contusion",836,154,66,14.87,81.31,8.65,99,33,12.12,95.45,72.73,63.64,13.64,4.55,0,1.52,1.52,0,9.09,12.12,6.06,1.52,10.61,12.12,10.61,10.61,0,16.67,4.55,3.03,9.09,3.03,6.06,0,25.76,1.52,13.64,1.52,0,3.03,4.55,3.03,1.52,12.12,12.12,0,4.55,4.55,10.61,4.55,1.52,3.03,6.06,3.03,1.52,1.52,0,1.52,12.12,9.09,1.52,6.06,4.55,1.52,4.55,1.52,1.52,"Guard"
"35155","Jordan Poole","jordan poole",2022-06-12,2022,"2021-10-19","2022-06-16",22.9815195071869,76,194,2019,1,28,"2019-10-25",2019,TRUE,"G",930,201,1,"Injury/Illness - Left Hip; Contusion","hip","contusion",833,153,52,41.98,93.13,57.98,4.87,13,11.54,94.23,73.08,51.92,17.31,13.46,3.85,9.62,0,0,3.85,13.46,5.77,0,11.54,5.77,7.69,3.85,1.92,15.38,5.77,5.77,15.38,9.62,5.77,0,23.08,1.92,15.38,3.85,0,1.92,5.77,1.92,1.92,5.77,1.92,3.85,1.92,0,11.54,1.92,0,0,9.62,0,3.85,3.85,0,3.85,13.46,11.54,3.85,3.85,3.85,0,5.77,0,1.92,"Guard"
"35155","Jordan Poole","jordan poole",2022-06-01,2022,"2021-10-19","2022-06-16",22.9514031485284,76,194,2019,1,28,"2019-10-25",2019,TRUE,"G",941,205,1,"Injury/Illness - Left Hip; Contusion","hip","contusion",822,149,70,27.91,89.5,98.38,98.65,35,18.57,94.29,80,64.29,18.57,11.43,2.86,8.57,0,0,7.14,17.14,5.71,2.86,14.29,10,10,4.29,1.43,20,7.14,8.57,20,8.57,10,4.29,21.43,1.43,11.43,2.86,1.43,1.43,1.43,0,2.86,7.14,7.14,0,0,0,8.57,0,0,0,8.57,0,4.29,1.43,2.86,0,10,17.14,5.71,12.86,4.29,11.43,0,1.43,0,"Guard"
"35155","Jordan Poole","jordan poole",2022-05-20,2022,"2021-10-19","2022-06-16",22.9185489390828,76,194,2019,1,28,"2019-10-25",2019,TRUE,"G",953,208,1,"Injury/Illness - Left Hip; Contusion","hip","contusion",810,145,90,5.4,13.82,47.52,99,22.5,10,96.67,87.78,68.89,20,14.44,7.78,0,0,0,5.56,14.44,6.67,1.11,12.22,14.44,11.11,7.78,3.33,23.33,7.78,6.67,0,0,0,0,23.33,1.11,10,5.56,2.22,0,0,0,3.33,7.78,7.78,0,5.56,5.56,10,0,0,0,8.89,6.67,3.33,2.22,1.11,0,7.78,11.11,0,6.67,1.11,2.22,10,0,0,"Guard"
"35155","Jordan Poole","jordan poole",2022-05-18,2022,"2021-10-19","2022-06-16",22.9130732375086,76,194,2019,1,28,"2019-10-25",2019,TRUE,"G",955,209,1,"Injury/Illness - Left Hip; Contusion","hip","contusion",808,144,66,32.02,74.59,71.27,20.23,33,12.12,92.42,77.27,60.61,15.15,9.09,1.52,3.03,0,4.55,6.06,9.09,7.58,1.52,15.15,13.64,7.58,9.09,0,24.24,4.55,1.52,9.09,3.03,3.03,3.03,24.24,0,6.06,3.03,0,0,0,0,3.03,3.03,1.52,1.52,3.03,1.52,9.09,1.52,0,0,7.58,0,3.03,1.52,1.52,1.52,9.09,10.61,3.03,4.55,6.06,6.06,9.09,6.06,1.52,"Guard"
"35155","Jordan Poole","jordan poole",2022-04-18,2022,"2021-10-19","2022-06-16",22.8309377138946,76,194,2019,1,28,"2019-10-25",2019,TRUE,"G",985,219,1,"Injury/Illness - Left Hip; Contusion","hip","contusion",778,134,53,18.67,87.88,5.76,78.39,17.67,18.87,92.45,69.81,54.72,22.64,18.87,5.66,1.89,0,0,3.77,16.98,1.89,1.89,11.32,5.66,5.66,7.55,0,16.98,3.77,7.55,7.55,1.89,3.77,1.89,20.75,1.89,9.43,1.89,0,0,5.66,1.89,0,3.77,3.77,0,1.89,1.89,15.09,0,0,0,13.21,11.32,3.77,3.77,0,1.89,5.66,15.09,1.89,7.55,3.77,0,7.55,0,0,"Guard"
"35155","Jordan Poole","jordan poole",2023-05-13,2023,"2022-10-18","2023-06-12",23.8986995208761,76,194,2019,1,28,"2019-10-25",2019,TRUE,"G",595,104,1,"Injury/Illness - Left Hip; Contusion","hip","contusion",1168,250,88,86.07,27.64,85.15,94.54,11,13.64,94.32,79.55,62.5,12.5,5.68,3.41,1.14,1.14,0,6.82,22.73,11.36,3.41,17.05,9.09,3.41,4.55,1.14,20.45,3.41,10.23,3.41,1.14,2.27,1.14,25,0,12.5,3.41,1.14,2.27,2.27,1.14,3.41,7.95,6.82,1.14,3.41,3.41,7.95,4.55,0,1.14,3.41,1.14,2.27,2.27,0,0,10.23,9.09,1.14,9.09,5.68,7.95,2.27,0,0,"Guard"
"Youtube/2496.mp3","Jordan Poole","jordan poole",2023-05-12,2023,"2022-10-18","2023-06-12",23.895961670089,76,194,2019,1,28,"2019-10-25",2019,TRUE,"G",596,104,1,"Injury/Illness - Left Hip; Contusion","hip","contusion",1167,249,1371,18.22,96.57,86.86,72.76,14.28,10.58,94.68,79.5,60.98,21.44,14.37,3.72,3.14,5.84,0.88,7.08,13.13,6.27,1.09,11.96,9.34,7.51,7.15,1.31,22.39,4.52,4.3,7.22,4.38,2.77,0.51,29.03,1.39,17.29,7.88,1.24,1.82,1.9,1.53,3.36,4.74,4.01,0.66,1.97,1.46,16.12,3.43,0.88,1.24,13.2,1.39,2.7,1.6,0.66,1.09,14.44,8.46,1.75,5.54,4.6,3.65,6.05,1.46,0.66,"Guard"
"Youtube/3858.mp3","Jordan Poole","jordan poole",2022-05-01,2022,"2021-10-19","2022-06-16",22.8665297741273,76,194,2019,1,28,"2019-10-25",2019,TRUE,"G",972,215,1,"Injury/Illness - Left Hip; Contusion","hip","contusion",791,138,912,27.77,96.35,72.3,57.97,13.82,8.22,94.19,79.06,60.96,18.64,13.38,2.52,2.74,4.28,1.97,5.26,11.18,5.59,0.88,13.93,10.42,7.35,6.8,0.66,22.37,6.25,4.39,7.68,3.73,2.85,1.32,23.36,0.99,13.05,6.03,1.1,1.43,0.77,1.54,2.74,4.82,3.62,1.21,1.54,0.77,15.24,3.18,0.66,0.77,12.5,2.3,2.52,1.75,0.77,1.54,12.5,11.73,2.85,8,2.52,5.92,3.51,0.99,1.32,"Guard"
"Youtube/5802.mp3","Jordan Poole","jordan poole",2022-05-01,2022,"2021-10-19","2022-06-16",22.8665297741273,76,194,2019,1,28,"2019-10-25",2019,TRUE,"G",972,215,1,"Injury/Illness - Left Hip; Contusion","hip","contusion",791,138,912,27.77,96.35,72.3,57.97,13.82,8.22,94.19,79.06,60.96,18.64,13.38,2.52,2.74,4.28,1.97,5.26,11.18,5.59,0.88,13.93,10.42,7.35,6.8,0.66,22.37,6.25,4.39,7.68,3.73,2.85,1.32,23.36,0.99,13.05,6.03,1.1,1.43,0.77,1.54,2.74,4.82,3.62,1.21,1.54,0.77,15.24,3.18,0.66,0.77,12.5,2.3,2.52,1.75,0.77,1.54,12.5,11.73,2.85,8,2.52,5.92,3.51,0.99,1.32,"Guard"
"Youtube/5842.mp3","Jordan Poole","jordan poole",2022-05-01,2022,"2021-10-19","2022-06-16",22.8665297741273,76,194,2019,1,28,"2019-10-25",2019,TRUE,"G",972,215,1,"Injury/Illness - Left Hip; Contusion","hip","contusion",791,138,921,28.37,96.19,72.35,62.96,13.95,8.14,94.25,78.94,60.8,18.57,13.25,2.5,2.71,4.23,1.95,5.32,11.18,5.65,0.87,13.9,10.31,7.38,6.73,0.65,22.37,6.19,4.34,7.6,3.69,2.82,1.3,23.34,0.98,13.25,6.19,1.09,1.41,0.76,1.63,2.71,5.1,3.91,1.19,1.63,0.87,15.09,3.15,0.65,0.76,12.38,2.28,2.5,1.74,0.76,1.52,12.6,11.94,2.82,7.93,2.5,5.75,3.58,0.98,1.3,"Guard"
"42138","Otto Porter Jr.","otto porter jr",2022-05-20,2022,"2021-10-19","2022-06-16",28.9609856262834,80,230,2013,1,3,"2013-12-07",2013,FALSE,"SF",152,7,1,"Injury/Illness - Left Hamstring; Strain","hamstring","strain",106,31,68,59.96,99,76.27,98.98,13.6,10.29,98.53,76.47,52.94,17.65,14.71,2.94,8.82,1.47,1.47,2.94,8.82,5.88,0,14.71,7.35,2.94,5.88,0,25,4.41,2.94,14.71,8.82,4.41,1.47,19.12,0,7.35,5.88,0,1.47,0,0,0,10.29,8.82,1.47,2.94,1.47,14.71,2.94,0,1.47,11.76,0,5.88,4.41,1.47,4.41,14.71,11.76,2.94,5.88,5.88,10.29,0,4.41,0,"Forward"
"26122","Bobby Portis","bobby portis",2021-07-16,2021,"2020-12-22","2021-07-20",26.4284736481862,81,250,2015,1,22,"2015-10-28",2015,TRUE,"F",95,2,1,"Injury/Illness - Left Hamstring; Strain","hamstring","strain",924,191,59,89.52,30.62,7.47,91.11,11.8,6.78,89.83,79.66,61.02,18.64,15.25,8.47,0,0,1.69,3.39,13.56,10.17,0,18.64,5.08,3.39,1.69,0,22.03,0,5.08,6.78,0,6.78,0,15.25,3.39,8.47,1.69,0,6.78,0,0,0,5.08,5.08,0,0,0,6.78,0,0,0,6.78,5.08,5.08,0,3.39,1.69,11.86,8.47,3.39,6.78,1.69,10.17,0,0,0,"Forward"
"26122","Bobby Portis","bobby portis",2021-07-11,2021,"2020-12-22","2021-07-20",26.4147843942505,81,250,2015,1,22,"2015-10-28",2015,TRUE,"F",100,3,1,"Injury/Illness - Left Hamstring; Strain","hamstring","strain",919,189,76,4.13,19.89,84.38,80.5,12.67,7.89,94.74,84.21,68.42,19.74,10.53,7.89,1.32,0,0,9.21,13.16,2.63,1.32,10.53,11.84,15.79,3.95,1.32,23.68,5.26,7.89,1.32,1.32,0,0,18.42,6.58,3.95,1.32,0,1.32,1.32,0,0,3.95,3.95,0,1.32,1.32,7.89,3.95,0,0,3.95,1.32,9.21,7.89,1.32,0,15.79,14.47,3.95,10.53,1.32,0,9.21,2.63,0,"Forward"
"26122","Bobby Portis","bobby portis",2021-07-05,2021,"2020-12-22","2021-07-20",26.3983572895277,81,250,2015,1,22,"2015-10-28",2015,TRUE,"F",106,6,1,"Injury/Illness - Left Hamstring; Strain","hamstring","strain",913,187,99,10.19,19.5,95.15,34.44,24.75,9.09,95.96,81.82,70.71,19.19,11.11,8.08,3.03,0,0,8.08,14.14,10.1,0,14.14,9.09,14.14,14.14,1.01,17.17,1.01,2.02,5.05,3.03,2.02,1.01,22.22,0,6.06,2.02,1.01,0,1.01,1.01,1.01,5.05,3.03,2.02,1.01,1.01,3.03,0,0,0,3.03,0,5.05,1.01,3.03,4.04,6.06,6.06,1.01,5.05,10.1,6.06,6.06,0,1.01,"Forward"
"26122","Bobby Portis","bobby portis",2021-06-27,2021,"2020-12-22","2021-07-20",26.3764544832307,81,250,2015,1,22,"2015-10-28",2015,TRUE,"F",114,9,1,"Injury/Illness - Left Hamstring; Strain","hamstring","strain",905,183,105,10.19,96.04,1.91,65.27,9.55,9.52,87.62,80.95,59.05,27.62,20.95,3.81,0.95,0,4.76,6.67,18.1,6.67,0,5.71,10.48,0.95,6.67,0,19.05,6.67,11.43,3.81,1.9,1.9,0,28.57,5.71,7.62,0,2.86,0,0.95,0.95,2.86,2.86,2.86,0,2.86,2.86,20,0,0,0,19.05,13.33,0.95,0.95,0,2.86,12.38,7.62,0.95,2.86,7.62,1.9,10.48,0,0.95,"Forward"
"26122","Bobby Portis","bobby portis",2021-06-24,2021,"2020-12-22","2021-07-20",26.3682409308693,81,250,2015,1,22,"2015-10-28",2015,TRUE,"F",117,11,1,"Injury/Illness - Left Hamstring; Strain","hamstring","strain",902,182,106,40.26,67.67,23.57,64.84,17.67,17.92,83.96,73.58,55.66,14.15,11.32,2.83,3.77,0,4.72,2.83,17.92,8.49,3.77,6.6,10.38,3.77,6.6,0,21.7,6.6,8.49,6.6,4.72,1.89,0,22.64,0,14.15,3.77,1.89,1.89,2.83,0.94,5.66,6.6,4.72,1.89,1.89,0,12.26,2.83,0.94,0,9.43,0.94,3.77,3.77,0,4.72,6.6,2.83,0.94,0.94,1.89,6.6,1.89,1.89,0.94,"Forward"
"29265","Kristaps Porzingis","kristaps porzingis",2021-06-06,2021,"2020-12-22","2021-07-20",25.845311430527,86,240,2015,1,4,"2015-10-29",2015,TRUE,"C",144,3,1,"Injury/Illness - Low Back; Tightness","back","tightness",40,10,61,89.52,97.52,18.18,6.23,6.78,6.56,86.89,67.21,54.1,13.11,8.2,0,6.56,0,1.64,4.92,19.67,14.75,4.92,11.48,8.2,1.64,3.28,0,14.75,4.92,8.2,8.2,6.56,1.64,0,14.75,0,3.28,0,3.28,0,0,0,0,4.92,1.64,3.28,0,0,9.84,1.64,0,1.64,8.2,0,4.92,4.92,0,0,3.28,11.48,4.92,4.92,3.28,11.48,1.64,0,0,"Center"
"29265","Kristaps Porzingis","kristaps porzingis",2021-06-04,2021,"2020-12-22","2021-07-20",25.8398357289528,86,240,2015,1,4,"2015-10-29",2015,TRUE,"C",146,4,1,"Injury/Illness - Low Back; Tightness","back","tightness",38,9,59,17.64,77.93,7.47,73.26,14.75,6.78,98.31,77.97,61.02,22.03,10.17,5.08,1.69,3.39,0,11.86,10.17,6.78,0,11.86,15.25,3.39,6.78,0,28.81,3.39,0,10.17,5.08,1.69,3.39,27.12,0,11.86,1.69,3.39,5.08,1.69,0,0,6.78,5.08,1.69,0,0,11.86,6.78,3.39,1.69,6.78,0,0,0,0,1.69,3.39,10.17,0,5.08,3.39,3.39,11.86,8.47,3.39,"Center"
"29265","Kristaps Porzingis","kristaps porzingis",2021-05-30,2021,"2020-12-22","2021-07-20",25.8261464750171,86,240,2015,1,4,"2015-10-29",2015,TRUE,"C",151,6,1,"Injury/Illness - Low Back; Tightness","back","tightness",33,7,61,16.31,99,92.94,20.23,15.25,8.2,93.44,73.77,67.21,16.39,13.11,0,6.56,0,6.56,3.28,14.75,11.48,3.28,13.11,11.48,11.48,14.75,0,18.03,0,1.64,9.84,6.56,1.64,1.64,16.39,0,6.56,3.28,1.64,0,3.28,1.64,0,6.56,3.28,3.28,3.28,3.28,16.39,3.28,0,1.64,13.11,0,1.64,1.64,0,1.64,8.2,19.67,8.2,9.84,4.92,1.64,8.2,0,0,"Center"
"29265","Kristaps Porzingis","kristaps porzingis",2021-05-28,2021,"2020-12-22","2021-07-20",25.8206707734428,86,240,2015,1,4,"2015-10-29",2015,TRUE,"C",153,7,1,"Injury/Illness - Low Back; Tightness","back","tightness",31,6,73,23.64,78.24,37.99,93.52,10.43,12.33,98.63,73.97,56.16,16.44,9.59,1.37,6.85,0,1.37,6.85,13.7,9.59,0,9.59,12.33,5.48,6.85,4.11,19.18,10.96,5.48,15.07,8.22,5.48,1.37,24.66,0,13.7,1.37,1.37,2.74,0,2.74,4.11,9.59,6.85,1.37,2.74,0,10.96,2.74,1.37,0,9.59,0,4.11,4.11,0,0,15.07,8.22,2.74,4.11,5.48,4.11,5.48,2.74,1.37,"Center"
"29265","Kristaps Porzingis","kristaps porzingis",2021-05-25,2021,"2020-12-22","2021-07-20",25.8124572210815,86,240,2015,1,4,"2015-10-29",2015,TRUE,"C",156,8,1,"Injury/Illness - Low Back; Tightness","back","tightness",28,5,61,35.92,1.37,61.1,6.23,15.25,16.39,98.36,80.33,59.02,19.67,13.11,11.48,1.64,0,0,6.56,13.11,9.84,0,14.75,14.75,1.64,9.84,0,27.87,3.28,6.56,6.56,1.64,4.92,0,34.43,0,14.75,0,1.64,4.92,1.64,1.64,4.92,11.48,4.92,6.56,3.28,1.64,3.28,1.64,0,1.64,1.64,0,3.28,1.64,0,1.64,3.28,4.92,1.64,3.28,3.28,8.2,9.84,1.64,0,"Center"
"29265","Kristaps Porzingis","kristaps porzingis",2024-06-06,2024,"2023-10-24","2024-06-17",28.8459958932238,86,240,2015,1,4,"2015-10-29",2015,TRUE,"C",6,1,1,"Injury/Illness - Left Posterior Tibialis; Dislocation","posterior tibialis","dislocation",10,0,89,24.07,7.56,72.1,94.24,29.67,14.61,96.63,79.78,64.04,16.85,7.87,6.74,1.12,0,0,8.99,15.73,8.99,0,11.24,10.11,7.87,10.11,1.12,20.22,4.49,1.12,3.37,3.37,0,0,30.34,1.12,13.48,1.12,1.12,2.25,2.25,3.37,2.25,5.62,5.62,0,2.25,2.25,4.49,3.37,3.37,0,1.12,0,5.62,2.25,1.12,3.37,6.74,6.74,2.25,5.62,5.62,12.36,1.12,1.12,1.12,"Center"
"26740","Norman Powell","norman powell",2019-05-29,2019,"2018-12-20","2019-06-13",26.009582477755,76,215,2015,2,46,"2015-10-28",2015,TRUE,"G",205,33,1,"Injury/Illness - Left Shoulder; Subluxation","shoulder","subluxation",159,65,89,11.23,72.39,1,72.98,12.71,14.61,95.51,77.53,66.29,20.22,12.36,3.37,0,1.12,1.12,7.87,16.85,11.24,0,10.11,17.98,6.74,6.74,2.25,24.72,4.49,4.49,5.62,2.25,0,3.37,24.72,1.12,12.36,1.12,3.37,2.25,3.37,1.12,1.12,5.62,4.49,1.12,2.25,2.25,17.98,7.87,1.12,1.12,11.24,6.74,1.12,1.12,0,0,10.11,8.99,1.12,6.74,0,1.12,10.11,0,0,"Guard"
"26740","Norman Powell","norman powell",2019-05-25,2019,"2018-12-20","2019-06-13",25.9986310746064,76,215,2015,2,46,"2015-10-28",2015,TRUE,"G",209,33,1,"Injury/Illness - Left Shoulder; Subluxation","shoulder","subluxation",155,64,145,39.7,99,92.88,40.45,18.13,12.41,91.03,77.24,58.62,23.45,12.41,2.76,8.97,0,0,11.03,17.93,6.21,2.76,14.48,10.34,2.07,4.14,0.69,20.69,4.14,6.9,13.79,9.66,2.76,1.38,25.52,0.69,9.66,2.76,3.45,1.38,0.69,0.69,0.69,2.76,2.07,0.69,0,0,15.17,3.45,0.69,0,12.41,0.69,3.45,0,3.45,1.38,11.03,11.72,4.14,6.9,10.34,7.59,2.76,1.38,0,"Guard"
"26740","Norman Powell","norman powell",2019-05-21,2019,"2018-12-20","2019-06-13",25.9876796714579,76,215,2015,2,46,"2015-10-28",2015,TRUE,"G",213,35,1,"Injury/Illness - Left Shoulder; Subluxation","shoulder","subluxation",151,62,61,35.92,2.43,71.87,71.67,12.2,3.28,98.36,86.89,62.3,14.75,11.48,11.48,0,0,0,3.28,16.39,9.84,1.64,11.48,9.84,11.48,4.92,1.64,32.79,3.28,3.28,6.56,0,4.92,1.64,21.31,1.64,9.84,3.28,3.28,4.92,0,0,0,3.28,3.28,0,1.64,1.64,3.28,1.64,0,1.64,1.64,1.64,6.56,6.56,0,1.64,9.84,16.39,3.28,8.2,0,1.64,9.84,1.64,0,"Guard"
"26740","Norman Powell","norman powell",2019-05-19,2019,"2018-12-20","2019-06-13",25.9822039698836,76,215,2015,2,46,"2015-10-28",2015,TRUE,"G",215,36,1,"Injury/Illness - Left Shoulder; Subluxation","shoulder","subluxation",149,61,78,49.68,15.29,30.98,99,19.5,7.69,94.87,75.64,61.54,15.38,7.69,6.41,0,0,0,7.69,16.67,10.26,0,12.82,7.69,6.41,7.69,2.56,20.51,1.28,3.85,12.82,6.41,6.41,0,28.21,3.85,15.38,1.28,3.85,5.13,2.56,0,2.56,8.97,8.97,0,0,0,12.82,10.26,6.41,1.28,6.41,0,2.56,2.56,0,1.28,10.26,7.69,2.56,7.69,0,0,10.26,0,0,"Guard"
"Youtube/2289.mp3","Norman Powell","norman powell",2020-12-23,2021,"2020-12-22","2021-07-20",27.5811088295688,76,215,2015,2,46,"2015-10-28",2015,TRUE,"G",37,17,1,"Injury/Illness - Right Quadriceps; Contusion","quadriceps","contusion",302,25,747,22.85,96.57,87.64,53.41,14.37,10.84,94.51,82.6,63.45,19.95,14.99,3.75,3.88,5.35,1.61,4.95,13.52,6.02,2.01,14.32,8.97,7.76,8.57,1.47,22.09,6.16,6.16,7.23,4.82,2.14,0.54,24.77,0.67,13.52,5.49,1.2,1.87,2.68,0.54,2.95,4.55,3.35,1.2,1.2,0.8,13.92,1.61,0.54,0.27,12.72,0.8,2.28,1.47,0.54,2.41,10.98,11.24,2.28,8.7,3.61,4.95,3.21,2.81,2.14,"Guard"
"32180","Payton Pritchard","payton pritchard",2022-06-02,2022,"2021-10-19","2022-06-16",24.3422313483915,73,195,2020,1,26,"2020-12-24",2020,TRUE,"G",208,26,1,"Injury/Illness - Right Thigh; Contusion","thigh","contusion",484,147,50,63.53,74.29,75.94,20.23,12.5,4,94,86,70,20,10,4,6,0,0,10,22,8,4,18,10,4,4,0,18,8,12,6,6,0,0,20,4,8,4,0,0,0,2,2,4,2,2,4,2,6,0,0,0,6,0,2,0,2,0,14,12,2,8,2,4,4,0,2,"Guard"
"32180","Payton Pritchard","payton pritchard",2022-05-17,2022,"2021-10-19","2022-06-16",24.2984257357974,73,195,2020,1,26,"2020-12-24",2020,TRUE,"G",224,33,1,"Injury/Illness - Right Thigh; Contusion","thigh","contusion",468,140,53,43.04,51.31,87.76,49.04,17.67,15.09,98.11,92.45,64.15,20.75,11.32,3.77,7.55,0,0,9.43,18.87,3.77,3.77,16.98,5.66,5.66,5.66,1.89,24.53,11.32,11.32,15.09,7.55,5.66,1.89,35.85,1.89,22.64,3.77,1.89,3.77,1.89,3.77,7.55,1.89,1.89,0,0,0,7.55,0,0,0,7.55,0,0,0,0,1.89,3.77,7.55,1.89,3.77,7.55,3.77,3.77,0,0,"Guard"
"32180","Payton Pritchard","payton pritchard",2024-06-13,2024,"2023-10-24","2024-06-17",26.3737166324435,73,195,2020,1,26,"2020-12-24",2020,TRUE,"G",289,74,1,"Injury/Illness - Left Hip Flexor; Tightness","hip","tightness",435,111,51,13.06,51.75,32.94,80.19,17,7.84,96.08,76.47,64.71,25.49,17.65,5.88,1.96,0,7.84,7.84,13.73,7.84,0,13.73,9.8,5.88,5.88,5.88,17.65,3.92,5.88,3.92,3.92,0,0,23.53,0,15.69,3.92,0,0,5.88,5.88,3.92,3.92,3.92,0,0,0,19.61,5.88,1.96,3.92,15.69,1.96,0,0,0,0,9.8,3.92,0,1.96,1.96,0,7.84,0,0,"Guard"
"34357","Austin Reaves","austin reaves",2023-05-22,2023,"2022-10-18","2023-06-12",24.9801505817933,77,197,NA,NA,NA,"2021-10-20",2021,TRUE,"G",559,108,1,"Injury/Illness - Left Pelvic; Contusion","pelvis","contusion",107,44,61,50.51,76.91,71.87,0,12.2,9.84,93.44,78.69,67.21,11.48,4.92,1.64,0,3.28,0,6.56,26.23,14.75,8.2,9.84,11.48,9.84,6.56,1.64,14.75,4.92,16.39,4.92,1.64,3.28,0,22.95,1.64,6.56,3.28,0,0,0,3.28,0,0,0,0,0,0,8.2,3.28,1.64,0,6.56,1.64,0,0,0,0,8.2,6.56,1.64,6.56,8.2,4.92,3.28,1.64,1.64,"Guard"
"34357","Austin Reaves","austin reaves",2023-05-16,2023,"2022-10-18","2023-06-12",24.9637234770705,77,197,NA,NA,NA,"2021-10-20",2021,TRUE,"G",565,111,1,"Injury/Illness - Left Pelvic; Contusion","pelvis","contusion",101,41,74,66.85,56.18,36.48,2.35,14.8,6.76,98.65,91.89,64.86,13.51,8.11,2.7,4.05,1.35,0,5.41,17.57,10.81,4.05,14.86,5.41,8.11,6.76,2.7,21.62,10.81,10.81,8.11,4.05,4.05,1.35,32.43,4.05,13.51,2.7,1.35,2.7,1.35,4.05,2.7,5.41,1.35,4.05,0,0,10.81,5.41,0,4.05,5.41,0,1.35,1.35,0,1.35,6.76,6.76,2.7,4.05,4.05,10.81,1.35,1.35,1.35,"Guard"
"34357","Austin Reaves","austin reaves",2023-12-08,2024,"2023-10-24","2024-06-17",25.5277207392197,77,197,NA,NA,NA,"2021-10-20",2021,TRUE,"G",359,85,1,"Injury/Illness - Left Pelvic; Contusion","pelvis","contusion",307,68,84,67.11,54.27,31.58,57.46,21,7.14,88.1,66.67,55.95,14.29,9.52,1.19,0,1.19,7.14,4.76,14.29,8.33,1.19,14.29,4.76,5.95,5.95,2.38,10.71,4.76,4.76,4.76,0,4.76,0,25,2.38,16.67,1.19,2.38,1.19,7.14,3.57,3.57,2.38,2.38,0,0,0,8.33,0,0,0,8.33,0,2.38,2.38,0,1.19,8.33,8.33,2.38,4.76,3.57,0,2.38,1.19,0,"Guard"
"34357","Austin Reaves","austin reaves",2023-12-07,2024,"2023-10-24","2024-06-17",25.5249828884326,77,197,NA,NA,NA,"2021-10-20",2021,TRUE,"G",360,85,1,"Injury/Illness - Left Pelvic; Contusion","pelvis","contusion",306,67,50,63.53,82.98,49.13,50.98,25,8,84,70,60,18,10,2,0,2,0,8,22,6,4,14,4,8,2,0,8,8,8,6,0,6,0,24,4,12,6,4,0,2,0,2,4,2,0,2,0,10,0,0,0,10,6,4,2,0,2,6,10,2,10,2,0,6,0,2,"Guard"
"36244","Cam Reddish","cam reddish",2021-06-29,2021,"2020-12-22","2021-07-20",21.8261464750171,79,217,2019,1,10,"2019-10-24",2019,FALSE,"SF",155,23,1,"Injury/Illness - Left Wrist; Sprain","wrist","sprain",154,14,61,23.18,1,99,97.57,15.25,4.92,95.08,80.33,62.3,19.67,11.48,11.48,0,0,0,8.2,11.48,4.92,1.64,14.75,8.2,6.56,9.84,1.64,16.39,11.48,6.56,3.28,1.64,1.64,0,27.87,0,19.67,8.2,0,1.64,1.64,0,8.2,6.56,6.56,0,3.28,3.28,1.64,1.64,1.64,0,1.64,0,3.28,3.28,0,1.64,11.48,13.11,1.64,6.56,4.92,9.84,1.64,0,0,"Forward"
"30754","Duncan Robinson","duncan robinson",2020-09-29,2020,"2019-10-22","2020-10-11",26.4394250513347,79,215,NA,NA,NA,"2018-10-17",2018,TRUE,"F",780,189,1,"Injury/Illness - Right Hand; Sprain","hand","sprain",599,99,78,1,1,91.37,91.4,19.5,25.64,92.31,78.21,69.23,24.36,10.26,10.26,0,0,0,14.1,10.26,1.28,1.28,11.54,15.38,8.97,8.97,5.13,21.79,2.56,3.85,3.85,0,2.56,2.56,38.46,1.28,26.92,5.13,0,3.85,6.41,5.13,7.69,5.13,5.13,0,3.85,3.85,1.28,1.28,0,0,0,0,1.28,0,1.28,0,2.56,6.41,1.28,5.13,0,3.85,10.26,3.85,0,"Forward"
"30754","Duncan Robinson","duncan robinson",2023-05-25,2023,"2022-10-18","2023-06-12",29.0896646132786,79,215,NA,NA,NA,"2018-10-17",2018,TRUE,"F",183,22,1,"Injury/Illness - Right Thumb; Sprain","thumb","sprain",101,29,69,51.87,48.67,55.19,84.9,17.25,10.14,91.3,75.36,62.32,17.39,5.8,1.45,1.45,0,0,11.59,15.94,5.8,1.45,18.84,11.59,4.35,4.35,2.9,23.19,0,4.35,7.25,2.9,2.9,0,24.64,0,13.04,2.9,0,1.45,5.8,1.45,2.9,4.35,4.35,0,0,0,10.14,2.9,1.45,0,7.25,1.45,4.35,1.45,2.9,2.9,7.25,10.14,4.35,7.25,2.9,2.9,8.7,4.35,1.45,"Forward"
"30754","Duncan Robinson","duncan robinson",2023-06-11,2023,"2022-10-18","2023-06-12",29.1362080766598,79,215,NA,NA,NA,"2018-10-17",2018,TRUE,"F",166,16,1,"Injury/Illness - Right Thumb; Sprain","thumb","sprain",118,36,70,21.11,92.91,11.24,98.65,17.5,15.71,91.43,78.57,55.71,17.14,7.14,0,5.71,0,1.43,10,12.86,5.71,0,11.43,10,8.57,8.57,0,22.86,10,11.43,8.57,7.14,0,1.43,20,0,12.86,2.86,2.86,1.43,4.29,0,1.43,7.14,7.14,0,2.86,2.86,8.57,1.43,1.43,0,7.14,0,2.86,1.43,0,0,8.57,11.43,2.86,4.29,1.43,2.86,12.86,2.86,1.43,"Forward"
"16339","Rajon Rondo","rajon rondo",2021-05-28,2021,"2020-12-22","2021-07-20",35.2607802874743,73,180,2006,1,21,"2006-11-02",2006,FALSE,"PG",166,17,1,"Injury/Illness - Left Hamstring; Strain","hamstring","strain",35,11,51,97.68,98.21,95.46,50.31,12.75,9.8,92.16,80.39,52.94,13.73,11.76,0,7.84,0,3.92,1.96,21.57,11.76,5.88,15.69,0,0,3.92,0,17.65,9.8,11.76,13.73,7.84,3.92,1.96,17.65,0,9.8,3.92,1.96,0,0,0,3.92,1.96,1.96,0,0,0,11.76,0,0,0,11.76,0,1.96,1.96,0,3.92,11.76,15.69,5.88,9.8,3.92,9.8,0,3.92,0,"Guard"
"16339","Rajon Rondo","rajon rondo",2020-10-11,2020,"2019-10-22","2020-10-11",34.6338124572211,73,180,2006,1,21,"2006-11-02",2006,FALSE,"PG",108,9,1,"Injury/Illness - Left Ankle; Sprain","ankle","sprain",50,15,75,14.24,99,72.01,7.99,18.75,20,94.67,73.33,61.33,18.67,13.33,1.33,12,0,0,5.33,6.67,5.33,1.33,10.67,12,5.33,9.33,1.33,20,4,2.67,21.33,13.33,2.67,5.33,32,0,13.33,4,1.33,2.67,1.33,0,2.67,1.33,0,1.33,0,0,13.33,1.33,0,1.33,12,0,4,2.67,1.33,0,10.67,6.67,2.67,4,9.33,13.33,0,1.33,0,"Guard"
"28568","D'Angelo Russell","dangelo russell",2022-04-12,2022,"2021-10-19","2022-06-16",26.1327857631759,75,193,2015,1,2,"2015-10-29",2015,TRUE,"G",246,33,1,"Injury/Illness - Left Knee; Contusion","knee","contusion",68,27,86,22,78.8,97.61,20.23,17.2,16.28,95.35,75.58,63.95,27.91,20.93,10.47,1.16,9.3,0,6.98,20.93,3.49,1.16,15.12,6.98,3.49,4.65,2.33,17.44,2.33,5.81,6.98,2.33,1.16,3.49,29.07,5.81,10.47,4.65,0,3.49,1.16,0,1.16,2.33,1.16,1.16,0,0,12.79,2.33,0,0,10.47,0,4.65,3.49,1.16,0,10.47,11.63,4.65,9.3,2.33,2.33,4.65,4.65,1.16,"Guard"
"27403","Dario Saric","dario saric",2021-06-25,2021,"2020-12-22","2021-07-20",27.2142368240931,82,225,2014,1,12,"2016-10-27",2016,FALSE,"F",13,4,1,"Injury/Illness - Right ACL; Tear","knee","ACL tear",119,46,113,43.9,97.77,28.83,62.01,10.27,16.81,84.96,68.14,55.75,18.58,12.39,2.65,7.96,1.77,0,6.19,18.58,6.19,0.88,10.62,7.96,6.19,2.65,0,14.16,7.08,7.96,9.73,7.96,1.77,0,30.09,3.54,18.58,3.54,1.77,2.65,4.42,0.88,2.65,4.42,3.54,0.88,0.88,0,13.27,2.65,0,1.77,10.62,0,4.42,4.42,0,0,5.31,4.42,0.88,3.54,4.42,0.88,5.31,0,0.88,"Forward"
"27403","Dario Saric","dario saric",2024-04-17,2024,"2023-10-24","2024-06-17",30.0260095824778,82,225,2014,1,12,"2016-10-27",2016,FALSE,"F",234,10,1,"Injury/Illness - Left Ankle; Sprain","ankle","sprain",8,2,174,41.08,1,99,65.53,15.82,10.34,95.98,73.56,61.49,18.39,10.34,8.62,0,1.72,0,8.05,12.64,7.47,0,16.67,11.49,5.75,3.45,4.6,20.11,2.87,3.45,2.3,1.15,1.15,0,37.93,0.57,23.56,5.75,2.87,2.3,8.05,3.45,5.17,4.02,3.45,0.57,1.72,1.15,2.87,1.15,1.15,0,2.3,0,1.72,1.15,0.57,1.15,14.94,7.47,2.3,5.75,9.2,2.87,5.75,1.72,0,"Forward"
"32645","Landry Shamet","landry shamet",2020-08-29,2020,"2019-10-22","2020-10-11",23.4633812457221,77,190,2018,1,26,"2018-10-17",2018,TRUE,"G",206,47,1,"Injury/Illness - Right Ankle; Sprain","ankle","sprain",15,5,88,20.83,66.75,92.7,55.62,29.33,12.5,97.73,81.82,65.91,21.59,7.95,3.41,1.14,2.27,1.14,13.64,14.77,4.55,2.27,15.91,10.23,12.5,3.41,0,21.59,5.68,2.27,2.27,2.27,0,0,40.91,1.14,27.27,9.09,4.55,1.14,9.09,4.55,1.14,2.27,2.27,0,0,0,5.68,0,0,0,5.68,0,1.14,1.14,0,1.14,11.36,10.23,2.27,5.68,5.68,9.09,1.14,0,0,"Guard"
"32645","Landry Shamet","landry shamet",2020-08-24,2020,"2019-10-22","2020-10-11",23.4496919917864,77,190,2018,1,26,"2018-10-17",2018,TRUE,"G",211,48,1,"Injury/Illness - Right Ankle; Sprain","ankle","sprain",10,4,129,2.79,93.3,59.03,30.82,16.13,12.4,93.8,82.17,68.99,27.13,16.28,6.98,7.75,1.55,0,10.85,17.83,5.43,3.1,10.08,17.83,7.75,3.88,0.78,24.81,4.65,6.98,13.95,10.85,2.33,1.55,30.23,0.78,15.5,4.65,1.55,3.1,3.1,1.55,1.55,3.88,2.33,1.55,0,0,13.18,3.88,2.33,0,11.63,0,0.78,0.78,0,0,9.3,7.75,1.55,3.88,3.88,6.98,10.08,0,0,"Guard"
"32645","Landry Shamet","landry shamet",2020-08-08,2020,"2019-10-22","2020-10-11",23.4058863791923,77,190,2018,1,26,"2018-10-17",2018,TRUE,"G",4,1,1,"Injury/Illness - Left Foot; Sprain","foot","sprain",239,41,71,44.73,99,41.26,98.49,11.83,12.68,95.77,78.87,56.34,22.54,19.72,1.41,16.9,0,0,2.82,12.68,5.63,1.41,15.49,7.04,4.23,4.23,1.41,23.94,5.63,4.23,25.35,16.9,7.04,1.41,25.35,0,12.68,2.82,0,4.23,0,0,5.63,7.04,7.04,0,1.41,1.41,22.54,1.41,0,1.41,21.13,1.41,7.04,4.23,2.82,2.82,7.04,12.68,0,8.45,2.82,7.04,5.63,0,0,"Guard"
"32645","Landry Shamet","landry shamet",2020-07-01,2020,"2019-10-22","2020-10-11",23.3018480492813,77,190,2018,1,26,"2018-10-17",2018,TRUE,"G",42,6,1,"Injury/Illness - Left Foot; Sprain","foot","sprain",201,37,122,33.63,2.43,92.94,31.5,13.56,5.74,94.26,84.43,68.85,19.67,5.74,5.74,0,0,0,13.93,13.11,8.2,0,18.03,14.75,6.56,4.1,3.28,26.23,4.1,0.82,3.28,0,2.46,0.82,23.77,1.64,13.11,2.46,3.28,3.28,0.82,0.82,2.46,0.82,0.82,0,0,0,0,0,0,0,0,0,0.82,0.82,0,0,13.11,13.11,7.38,10.66,0.82,0,9.84,1.64,0.82,"Guard"
"32645","Landry Shamet","landry shamet",2026-06-05,2026,"2025-10-21","2026-06-13",29.2292950034223,77,190,2018,1,26,"2018-10-17",2018,TRUE,"G",8,3,0,NA,NA,NA,54,15,77,45.12,99,50.45,61.07,8.56,18.18,90.91,72.73,55.84,20.78,16.88,0,5.19,1.3,10.39,3.9,12.99,3.9,1.3,14.29,7.79,5.19,2.6,0,16.88,7.79,2.6,9.09,5.19,3.9,0,11.69,0,3.9,0,1.3,0,0,2.6,0,5.19,3.9,1.3,2.6,1.3,18.18,1.3,0,0,16.88,0,7.79,3.9,2.6,0,14.29,12.99,5.19,9.09,3.9,6.49,1.3,2.6,0,"Guard"
"32645","Landry Shamet","landry shamet",2026-06-02,2026,"2025-10-21","2026-06-13",29.2210814510609,77,190,2018,1,26,"2018-10-17",2018,TRUE,"G",11,5,0,NA,NA,NA,51,14,58,32.86,50.33,95.69,5.8,11.6,18.97,96.55,82.76,58.62,17.24,3.45,0,3.45,0,0,13.79,13.79,3.45,0,18.97,12.07,8.62,5.17,1.72,25.86,8.62,12.07,6.9,3.45,3.45,1.72,34.48,3.45,13.79,3.45,0,1.72,0,3.45,3.45,10.34,3.45,5.17,1.72,0,3.45,0,0,0,3.45,0,5.17,3.45,0,1.72,8.62,17.24,3.45,13.79,5.17,6.9,6.9,0,1.72,"Guard"
"Youtube/1517.mp3","Jamal Shead","jamal shead",2025-03-08,2025,"2024-10-22","2025-06-22",22.6228610540726,73,200,2024,2,45,"2024-10-23",2024,TRUE,"G",421,106,0,NA,NA,NA,72,30,595,10.5,99,79.65,67.87,13.84,10.08,96.47,84.03,63.7,24.71,19.16,4.2,3.53,8.07,0.5,5.55,14.29,5.21,0.84,11.26,8.4,7.39,8.07,1.01,22.86,4.2,5.38,7.9,4.03,2.86,1.18,31.09,1.34,17.48,8.24,1.51,2.02,2.86,0.17,2.86,3.87,3.36,0.34,1.51,1.01,18.66,2.52,0.5,1.01,16.13,3.36,3.36,1.85,1.34,1.85,13.95,6.55,1.51,4.37,6.39,5.04,5.21,1.18,1.34,"Guard"
"Youtube/295.mp3","Jamal Shead","jamal shead",2025-12-15,2026,"2025-10-21","2026-06-13",23.3949349760438,73,200,2024,2,45,"2024-10-23",2024,TRUE,"G",139,62,0,NA,NA,NA,354,74,642,13.94,90.25,82.22,56.71,14.59,9.5,92.99,82.09,62.77,20.87,14.33,4.21,3.12,2.96,1.25,6.54,11.68,5.61,1.09,13.08,9.19,9.66,8.72,1.09,22.74,4.98,4.67,6.39,3.74,1.4,1.4,25.39,1.25,14.17,5.61,0.47,1.87,3.12,1.71,2.18,4.05,3.12,0.78,1.4,0.47,13.86,2.18,0.47,0.16,11.68,2.96,1.87,1.4,0.47,1.25,10.75,11.68,3.89,7.79,4.21,5.61,4.98,0.31,1.09,"Guard"
"Youtube/4893.mp3","Jamal Shead","jamal shead",2026-01-16,2026,"2025-10-21","2026-06-13",23.482546201232,73,200,2024,2,45,"2024-10-23",2024,TRUE,"G",107,46,0,NA,NA,NA,386,90,567,8.83,94,81.72,87.16,15.75,7.58,93.83,80.95,61.02,24.51,17.28,4.94,4.41,4.41,0.88,7.23,14.64,4.94,1.23,9.7,10.05,7.76,5.47,1.23,23.99,6.7,5.11,7.94,5.11,1.76,1.23,28.92,0.88,16.23,7.23,1.23,1.41,2.12,0.53,3.7,6.35,5.47,0.88,1.06,0.88,14.99,1.94,0.35,0.35,13.23,2.82,2.65,1.59,0.71,3.35,12.35,8.29,1.76,5.29,4.06,3.88,5.82,1.41,0.71,"Guard"
"28723","Pascal Siakam","pascal siakam",2019-06-13,2019,"2018-12-20","2019-06-13",25.1964407939767,80,245,2016,1,27,"2016-10-26",2016,TRUE,"F",190,27,1,"Injury/Illness - Groin; Strain","groin","strain",174,71,75,32.18,63.73,53.97,39.67,15,24,94.67,72,49.33,20,9.33,4,1.33,4,0,10.67,10.67,2.67,0,9.33,6.67,2.67,5.33,0,20,9.33,4,4,4,0,0,30.67,1.33,26.67,6.67,0,1.33,10.67,0,6.67,1.33,1.33,0,0,0,16,6.67,1.33,2.67,9.33,2.67,0,0,0,1.33,1.33,2.67,0,2.67,0,4,4,0,0,"Forward"
"28723","Pascal Siakam","pascal siakam",2019-06-12,2019,"2018-12-20","2019-06-13",25.1937029431896,80,245,2016,1,27,"2016-10-26",2016,TRUE,"F",191,28,1,"Injury/Illness - Groin; Strain","groin","strain",173,71,62,20.52,95.44,35.88,44.38,10.33,4.84,98.39,83.87,69.35,22.58,16.13,3.23,0,4.84,0,6.45,16.13,4.84,3.23,16.13,11.29,9.68,1.61,3.23,22.58,8.06,8.06,1.61,1.61,0,0,29.03,3.23,11.29,4.84,1.61,1.61,3.23,3.23,1.61,4.84,3.23,1.61,1.61,1.61,24.19,9.68,1.61,6.45,16.13,9.68,0,0,0,0,11.29,12.9,1.61,11.29,3.23,1.61,11.29,0,0,"Forward"
"28723","Pascal Siakam","pascal siakam",2019-06-09,2019,"2018-12-20","2019-06-13",25.1854893908282,80,245,2016,1,27,"2016-10-26",2016,TRUE,"F",194,29,1,"Injury/Illness - Groin; Strain","groin","strain",170,70,69,4.38,65.68,44.75,7.29,17.25,8.7,95.65,75.36,65.22,20.29,8.7,1.45,7.25,0,0,11.59,13.04,8.7,1.45,8.7,10.14,10.14,11.59,4.35,18.84,1.45,0,13.04,7.25,5.8,0,27.54,2.9,15.94,4.35,1.45,1.45,2.9,1.45,4.35,1.45,0,1.45,0,0,8.7,1.45,0,0,7.25,0,10.14,5.8,4.35,1.45,10.14,8.7,1.45,5.8,1.45,0,10.14,1.45,0,"Forward"
"28723","Pascal Siakam","pascal siakam",2019-06-06,2019,"2018-12-20","2019-06-13",25.1772758384668,80,245,2016,1,27,"2016-10-26",2016,TRUE,"F",197,30,1,"Injury/Illness - Groin; Strain","groin","strain",167,69,51,69.58,73.71,21.25,99,51,13.73,100,78.43,58.82,11.76,5.88,1.96,0,3.92,0,5.88,5.88,5.88,0,21.57,9.8,5.88,9.8,0,23.53,7.84,1.96,9.8,0,9.8,0,13.73,0,5.88,1.96,0,0,0,1.96,0,9.8,9.8,0,0,0,3.92,0,0,0,3.92,0,3.92,0,3.92,7.84,15.69,3.92,0,3.92,5.88,0,3.92,11.76,0,"Forward"
"28723","Pascal Siakam","pascal siakam",2019-06-04,2019,"2018-12-20","2019-06-13",25.1718001368925,80,245,2016,1,27,"2016-10-26",2016,TRUE,"F",199,31,1,"Injury/Illness - Groin; Strain","groin","strain",165,68,97,3.08,52.36,79.6,68.9,19.4,22.68,95.88,81.44,64.95,18.56,7.22,1.03,3.09,1.03,2.06,11.34,8.25,2.06,0,12.37,14.43,9.28,12.37,1.03,29.9,4.12,3.09,7.22,5.15,2.06,1.03,43.3,2.06,29.9,5.15,7.22,2.06,3.09,4.12,11.34,3.09,3.09,0,0,0,12.37,3.09,2.06,0,11.34,2.06,2.06,1.03,1.03,0,14.43,5.15,2.06,2.06,3.09,2.06,9.28,5.15,0,"Forward"
"28723","Pascal Siakam","pascal siakam",2019-05-30,2019,"2018-12-20","2019-06-13",25.1581108829569,80,245,2016,1,27,"2016-10-26",2016,TRUE,"F",204,32,1,"Injury/Illness - Groin; Strain","groin","strain",160,66,59,53.96,30.62,30.14,99,19.67,20.34,84.75,69.49,57.63,15.25,6.78,5.08,0,0,1.69,8.47,10.17,6.78,0,15.25,5.08,6.78,10.17,0,13.56,3.39,0,0,0,0,0,16.95,0,11.86,5.08,0,3.39,5.08,0,0,8.47,8.47,0,6.78,6.78,5.08,1.69,0,0,3.39,0,5.08,3.39,0,0,3.39,10.17,0,6.78,1.69,1.69,5.08,1.69,0,"Forward"
"28723","Pascal Siakam","pascal siakam",2019-05-29,2019,"2018-12-20","2019-06-13",25.1553730321697,80,245,2016,1,27,"2016-10-26",2016,TRUE,"F",205,33,1,"Injury/Illness - Groin; Strain","groin","strain",159,66,69,8.37,73.29,4.38,41.62,23,14.49,95.65,73.91,56.52,14.49,11.59,2.9,0,0,0,2.9,11.59,5.8,1.45,7.25,8.7,10.14,14.49,0,23.19,5.8,2.9,1.45,0,1.45,0,24.64,0,17.39,8.7,1.45,0,7.25,1.45,0,2.9,1.45,0,2.9,1.45,11.59,2.9,0,2.9,8.7,8.7,4.35,4.35,0,2.9,5.8,2.9,1.45,1.45,2.9,0,14.49,5.8,0,"Forward"
"28723","Pascal Siakam","pascal siakam",2019-05-19,2019,"2018-12-20","2019-06-13",25.1279945242984,80,245,2016,1,27,"2016-10-26",2016,TRUE,"F",215,36,1,"Injury/Illness - Groin; Strain","groin","strain",149,62,65,23.35,75.04,88.07,43.1,10.83,13.85,92.31,75.38,58.46,26.15,15.38,9.23,0,6.15,0,10.77,15.38,4.62,0,13.85,7.69,4.62,6.15,0,18.46,4.62,3.08,3.08,1.54,1.54,0,23.08,3.08,7.69,3.08,0,0,3.08,0,0,4.62,3.08,1.54,4.62,3.08,10.77,3.08,1.54,1.54,9.23,0,4.62,1.54,3.08,1.54,6.15,10.77,0,7.69,4.62,3.08,4.62,0,0,"Forward"
"28723","Pascal Siakam","pascal siakam",2023-02-18,2023,"2022-10-18","2023-06-12",28.8815879534565,80,245,2016,1,27,"2016-10-26",2016,TRUE,"F",326,61,1,"Injury/Illness - Back; Spasms","back","spasm",84,40,84,26.1,21.49,89.39,75.77,16.8,9.52,97.62,85.71,65.48,19.05,8.33,5.95,0,1.19,0,10.71,15.48,4.76,3.57,16.67,9.52,10.71,5.95,1.19,17.86,9.52,7.14,0,0,0,0,25,1.19,13.1,2.38,0,0,7.14,3.57,1.19,4.76,3.57,0,1.19,0,3.57,0,0,0,3.57,0,2.38,2.38,0,1.19,9.52,16.67,0,11.9,3.57,1.19,5.95,0,1.19,"Forward"
"28723","Pascal Siakam","pascal siakam",2025-06-18,2025,"2024-10-22","2025-06-22",31.211498973306,80,245,2016,1,27,"2016-10-26",2016,TRUE,"F",251,56,1,"Injury/Illness - Left Wrist; Sprain","wrist","sprain",73,23,56,21.9,94.84,24.32,99,7,5.36,94.64,71.43,58.93,23.21,12.5,3.57,7.14,0,1.79,10.71,19.64,8.93,0,12.5,23.21,1.79,0,0,30.36,8.93,5.36,10.71,7.14,3.57,0,28.57,3.57,7.14,3.57,0,1.79,1.79,0,0,10.71,10.71,0,3.57,3.57,8.93,0,0,0,8.93,0,5.36,1.79,1.79,0,8.93,5.36,0,5.36,3.57,0,16.07,7.14,0,"Forward"
"28723","Pascal Siakam","pascal siakam",2025-06-11,2025,"2024-10-22","2025-06-22",31.192334017796,80,245,2016,1,27,"2016-10-26",2016,TRUE,"F",258,58,1,"Injury/Illness - Left Wrist; Sprain","wrist","sprain",66,20,58,1,40.06,97.87,91.69,19.33,3.45,93.1,87.93,81.03,31.03,17.24,10.34,3.45,0,0,13.79,17.24,8.62,1.72,10.34,31.03,10.34,6.9,0,36.21,1.72,1.72,3.45,3.45,0,0,37.93,1.72,6.9,3.45,3.45,0,0,0,0,5.17,5.17,0,3.45,3.45,6.9,0,0,0,6.9,0,1.72,1.72,0,0,15.52,10.34,1.72,5.17,8.62,22.41,10.34,0,0,"Forward"
"Youtube/102.mp3","Pascal Siakam","pascal siakam",2021-11-07,2022,"2021-10-19","2022-06-16",27.6002737850787,80,245,2016,1,27,"2016-10-26",2016,TRUE,"F",364,82,1,"Injury/Illness - Right Groin; Strain","groin","strain",175,0,1922,3.98,52.16,97.08,59.39,14.13,7.39,97.55,88.29,68.99,25.08,17.01,9.68,1.14,5.46,0.52,8.06,10.77,3.28,0.94,13.22,9.42,9,11.5,1.2,22.27,4.47,4.32,3.12,1.77,1.2,0.26,28.3,1.35,15.76,9.11,0.78,1.3,1.72,0.99,2.55,3.85,3.17,0.68,1.46,0.99,11.13,2.5,0.52,1.46,8.84,0.62,1.51,0.78,0.42,0.99,16.75,5.62,1.2,3.59,3.95,5.25,4.73,1.93,4.06,"Forward"
"Youtube/1247.mp3","Pascal Siakam","pascal siakam",2022-04-16,2022,"2021-10-19","2022-06-16",28.0383299110199,80,245,2016,1,27,"2016-10-26",2016,TRUE,"F",204,14,1,"Injury/Illness - Right Groin; Strain","groin","strain",335,68,680,2.5,96.27,65.35,80.77,11.93,6.76,96.62,86.76,65,23.97,18.24,4.41,5.59,3.09,2.65,5.74,9.71,4.26,1.18,9.56,11.91,5.44,13.38,1.62,25.74,5.59,3.24,8.09,6.18,1.91,0,27.65,0.88,13.53,5.88,0.88,1.62,1.18,0.88,3.82,4.85,4.41,0.44,1.03,0.88,16.03,1.62,0.88,0.59,14.71,2.94,3.24,2.94,0.15,1.18,10.29,6.91,1.62,4.12,4.56,5.88,4.56,4.12,5.59,"Forward"
"Youtube/1258.mp3","Pascal Siakam","pascal siakam",2022-02-04,2022,"2021-10-19","2022-06-16",27.8439425051335,80,245,2016,1,27,"2016-10-26",2016,TRUE,"F",275,45,1,"Injury/Illness - Right Groin; Strain","groin","strain",264,37,1987,7.16,73.24,89.6,66.24,13.9,7.75,97.38,85.66,66.53,23.8,15.7,7.35,2.92,4.33,0.45,8.1,11.68,3.88,0.81,13.03,9.11,7.55,10.52,1.81,21.69,4.33,3.67,5.79,3.82,1.61,0.55,27.23,2.52,15.65,7.55,1.11,1.81,1.81,1.36,2.72,4.28,3.57,0.65,1.46,1.26,12.13,2.01,0.6,0.75,10.47,1.46,2.52,1.91,0.3,1.56,17.11,7.7,1.46,4.43,3.98,3.77,4.98,1.36,2.82,"Forward"
"Youtube/1296.mp3","Pascal Siakam","pascal siakam",2022-03-01,2022,"2021-10-19","2022-06-16",27.9123887748118,80,245,2016,1,27,"2016-10-26",2016,TRUE,"F",250,35,1,"Injury/Illness - Right Groin; Strain","groin","strain",289,47,1862,2.75,62.06,83.91,76.82,10.46,7.47,96.94,85.82,66.17,26.64,17.99,9.13,1.18,5.21,1.02,8.65,10.9,3.06,0.7,12.73,13.48,5.85,9.13,2.63,26.42,4.73,4.14,3.49,1.61,1.5,0.48,29.86,1.88,14.07,7.36,0.97,1.77,1.45,0.27,2.26,5.53,4.46,0.81,1.83,1.4,13.21,1.77,0.32,1.02,11.44,2.85,1.56,0.75,0.64,1.13,16.33,6.12,1.77,3.44,2.85,3.92,9.02,2.36,3.92,"Forward"
"Youtube/1337.mp3","Pascal Siakam","pascal siakam",2022-04-03,2022,"2021-10-19","2022-06-16",28.0027378507871,80,245,2016,1,27,"2016-10-26",2016,TRUE,"F",217,18,1,"Injury/Illness - Right Groin; Strain","groin","strain",322,64,910,1.39,94.52,61.09,50.6,17.5,7.58,96.37,89.34,71.21,28.35,17.47,5.05,2.53,5.49,1.43,10.88,12.75,3.96,0.66,10.66,10.88,5.71,14.07,1.43,22.75,4.51,3.41,5.6,3.41,1.54,0.66,28.24,1.65,14.73,7.25,0.88,0.44,1.65,1.21,3.3,2.42,2.2,0.22,1.32,1.1,16.15,2.42,0.44,0.66,14.07,3.41,1.76,0.33,1.32,0.66,12.2,4.95,1.1,3.3,3.08,6.04,5.27,1.21,2.75,"Forward"
"Youtube/1700.mp3","Pascal Siakam","pascal siakam",2021-12-14,2022,"2021-10-19","2022-06-16",27.7015742642026,80,245,2016,1,27,"2016-10-26",2016,TRUE,"F",327,66,1,"Injury/Illness - Right Groin; Strain","groin","strain",212,16,782,3.26,98.73,83.11,75.89,17,7.29,98.34,87.21,66.37,25.58,17.14,4.22,5.24,5.63,0.38,8.44,10.1,3.84,0.26,11.25,9.34,7.93,11.89,1.28,24.17,5.24,2.81,8.31,5.75,1.66,1.28,31.07,1.02,18.41,8.95,1.15,3.07,2.43,0.9,2.94,4.48,3.96,0.38,1.53,1.15,16.75,2.56,0.64,0.77,14.19,1.79,2.17,1.41,0.64,1.15,15.73,7.54,2.05,5.5,4.22,2.05,6.39,3.45,3.96,"Forward"
"Youtube/1728.mp3","Pascal Siakam","pascal siakam",2021-12-31,2022,"2021-10-19","2022-06-16",27.7481177275838,80,245,2016,1,27,"2016-10-26",2016,TRUE,"F",310,64,1,"Injury/Illness - Right Groin; Strain","groin","strain",229,18,446,4.78,82.39,90.47,62.58,12.05,9.64,95.07,87.44,65.25,21.52,17.49,7.62,2.24,6.28,0,4.04,7.62,2.47,0.67,11.43,8.07,9.87,12.33,0.67,22.87,6.28,5.38,6.05,3.14,2.47,0.9,29.15,2.02,18.39,9.42,0.45,2.47,1.12,2.47,3.59,4.26,3.14,0.45,2.24,1.12,12.78,1.57,0.67,0.67,11.21,1.79,1.12,0.45,0.67,1.35,15.25,7.17,1.12,4.04,3.36,4.48,3.36,1.12,2.69,"Forward"
"Youtube/1832.mp3","Pascal Siakam","pascal siakam",2022-02-09,2022,"2021-10-19","2022-06-16",27.8576317590691,80,245,2016,1,27,"2016-10-26",2016,TRUE,"F",270,43,1,"Injury/Illness - Right Groin; Strain","groin","strain",269,39,785,5.46,77.8,95.57,45.11,14.02,8.15,97.32,87.64,65.61,25.73,15.8,7.64,1.91,5.99,0.13,9.94,11.85,3.31,0.76,12.74,8.92,8.66,9.68,0.76,24.97,4.71,3.57,5.73,2.68,2.55,0.64,26.24,1.02,15.41,8.92,0.89,0.89,3.18,0.13,1.66,3.69,2.68,1.02,1.4,0.76,11.21,2.93,1.15,1.15,8.92,0.13,2.8,1.27,1.27,1.27,15.03,7.77,1.91,5.35,3.06,2.04,5.86,1.78,4.08,"Forward"
"Youtube/2202.mp3","Pascal Siakam","pascal siakam",2022-01-26,2022,"2021-10-19","2022-06-16",27.8193018480493,80,245,2016,1,27,"2016-10-26",2016,TRUE,"F",284,50,1,"Injury/Illness - Right Groin; Strain","groin","strain",255,32,878,7.28,48.86,95.06,59.54,12.19,6.72,97.15,86.33,66.63,24.37,17.2,8.88,1.82,3.87,1.03,7.18,12.87,5.58,1.37,11.73,10.48,7.18,9.68,1.37,24.94,3.99,3.99,3.3,2.62,0.68,0.11,27.45,0.91,15.72,7.06,2.05,2.05,1.48,0.34,3.53,3.53,2.96,0.46,0.91,0.8,11.28,1.82,1.03,0.23,9.57,2.05,1.59,1.48,0,1.82,15.49,8.31,1.59,6.04,3.76,3.99,5.92,2.05,3.76,"Forward"
"Youtube/2220.mp3","Pascal Siakam","pascal siakam",2021-12-31,2022,"2021-10-19","2022-06-16",27.7481177275838,80,245,2016,1,27,"2016-10-26",2016,TRUE,"F",310,64,1,"Injury/Illness - Right Groin; Strain","groin","strain",229,18,446,4.78,83.25,89.76,62.58,12.39,9.64,95.07,87.44,65.25,21.3,17.26,7.4,2.24,6.28,0,4.04,7.62,2.47,0.67,11.43,8.07,9.87,12.56,0.67,22.87,6.28,5.38,6.05,3.14,2.47,0.9,29.15,2.02,18.39,9.42,0.45,2.47,1.12,2.47,3.59,4.26,3.14,0.45,2.24,1.12,12.78,1.57,0.67,0.67,11.21,1.79,1.12,0.45,0.67,1.35,15.25,7.17,1.12,4.04,3.36,4.48,3.36,1.12,2.69,"Forward"
"Youtube/2639.mp3","Pascal Siakam","pascal siakam",2022-01-23,2022,"2021-10-19","2022-06-16",27.8110882956879,80,245,2016,1,27,"2016-10-26",2016,TRUE,"F",287,52,1,"Injury/Illness - Right Groin; Strain","groin","strain",252,30,481,4.71,97.89,84.45,48.77,13.36,4.99,97.51,86.07,67.78,27.44,18.09,6.24,6.65,4.37,0.83,9.36,11.43,4.57,0.42,13.1,11.23,6.65,9.98,1.04,25.36,2.49,2.49,8.73,7.69,0.83,0.21,29.11,2.29,16.42,7.69,0.83,2.49,1.25,0.42,3.53,5.61,3.74,1.87,1.25,0.83,17.26,2.91,0.83,0.42,14.97,1.46,1.66,1.46,0,0.42,17.05,6.65,2.08,3.53,3.12,3.53,7.28,2.91,3.12,"Forward"
"Youtube/2879.mp3","Pascal Siakam","pascal siakam",2022-04-07,2022,"2021-10-19","2022-06-16",28.0136892539357,80,245,2016,1,27,"2016-10-26",2016,TRUE,"F",213,16,1,"Injury/Illness - Right Groin; Strain","groin","strain",326,66,1379,8.08,60.76,94.43,68.18,11.69,6.6,97.17,85.42,66.42,24.87,17.62,9.5,2.76,4.13,0.44,7.25,10.73,3.7,0.44,14.29,9.21,7.32,9.93,1.67,22.04,4.06,3.05,5.58,3.48,1.74,0.44,28.35,1.81,16.03,7.83,0.73,1.96,2.18,1.38,2.25,4.64,3.84,0.8,1.45,0.87,11.75,1.74,0.15,0.8,10.01,1.45,3.63,2.54,0.44,1.02,15.88,6.82,1.23,4.5,4.13,2.47,6.02,1.81,3.55,"Forward"
"Youtube/3035.mp3","Pascal Siakam","pascal siakam",2022-01-31,2022,"2021-10-19","2022-06-16",27.8329911019849,80,245,2016,1,27,"2016-10-26",2016,TRUE,"F",279,48,1,"Injury/Illness - Right Groin; Strain","groin","strain",260,34,1216,1.45,98.72,73.29,84.17,11.47,8.31,97.37,86.84,67.27,27.71,17.27,4.69,4.44,6.74,0.08,10.44,11.43,2.96,0.9,10.77,12.25,6.91,11.51,0.99,26.15,4.19,3.04,8.96,6.58,1.81,0.58,29.28,1.32,16.45,8.47,0.82,1.81,1.89,1.07,3.13,5.26,4.77,0.49,1.23,0.9,16.2,2.71,1.56,1.07,14.23,1.56,2.38,1.73,0.49,1.32,14.97,5.84,1.32,4.44,2.55,2.06,7.98,2.06,3.78,"Forward"
"Youtube/3831.mp3","Pascal Siakam","pascal siakam",2022-03-03,2022,"2021-10-19","2022-06-16",27.917864476386,80,245,2016,1,27,"2016-10-26",2016,TRUE,"F",248,34,1,"Injury/Illness - Right Groin; Strain","groin","strain",291,48,633,9.36,99,60.53,80.52,16.66,6.64,98.1,86.89,65.4,23.38,15.17,2.53,5.37,5.37,0.79,8.21,12.64,4.58,1.11,12.32,8.06,5.21,12.95,1.26,22.59,4.27,3.48,9.48,6.32,2.53,0.63,26.07,2.05,16.75,7.42,1.11,3.48,2.21,0.63,2.84,4.9,4.42,0.47,2.05,2.05,15.8,2.21,1.42,0,14.38,1.26,2.05,1.11,0.32,1.9,14.22,9.48,2.21,6.79,2.37,1.9,5.37,3,4.42,"Forward"
"Youtube/4016.mp3","Pascal Siakam","pascal siakam",2022-03-03,2022,"2021-10-19","2022-06-16",27.917864476386,80,245,2016,1,27,"2016-10-26",2016,TRUE,"F",248,34,1,"Injury/Illness - Right Groin; Strain","groin","strain",291,48,634,9.23,99,60.31,80.45,16.26,6.62,98.11,86.91,65.46,23.34,15.14,2.52,5.36,5.36,0.79,8.2,12.62,4.57,1.1,12.3,8.2,5.21,12.93,1.26,22.71,4.26,3.47,9.46,6.31,2.52,0.63,26.18,2.05,16.72,7.41,1.1,3.47,2.21,0.63,2.84,4.89,4.42,0.47,2.05,2.05,15.77,2.21,1.42,0,14.35,1.26,2.05,1.1,0.32,1.89,14.2,9.46,2.21,6.78,2.37,2.05,5.36,3,4.42,"Forward"
"Youtube/4130.mp3","Pascal Siakam","pascal siakam",2021-11-07,2022,"2021-10-19","2022-06-16",27.6002737850787,80,245,2016,1,27,"2016-10-26",2016,TRUE,"F",364,82,1,"Injury/Illness - Right Groin; Strain","groin","strain",175,0,1924,3.94,52.46,97,59.35,14.25,7.33,97.56,88.31,68.97,25.1,17.05,9.67,1.14,5.46,0.57,8.06,10.81,3.27,0.94,13.15,9.41,8.99,11.49,1.2,22.3,4.47,4.37,3.12,1.77,1.2,0.26,28.33,1.4,15.75,9.1,0.78,1.3,1.72,0.99,2.55,3.85,3.17,0.68,1.46,0.99,11.17,2.49,0.52,1.46,8.89,0.62,1.51,0.78,0.42,1.04,16.79,5.56,1.2,3.53,3.95,5.25,4.73,1.92,4.05,"Forward"
"Youtube/4945.mp3","Pascal Siakam","pascal siakam",2022-04-23,2022,"2021-10-19","2022-06-16",28.0574948665298,80,245,2016,1,27,"2016-10-26",2016,TRUE,"F",197,11,1,"Injury/Illness - Right Groin; Strain","groin","strain",342,71,1015,3,87.65,66.03,55.5,13.01,7.78,98.33,88.37,69.85,26.11,18.13,6.5,3.05,4.63,0.3,7.98,10.64,5.02,0.1,12.02,10.44,8.87,11.13,1.87,23.15,4.83,2.17,6.4,3.74,1.77,1.58,28.67,1.87,15.07,8.08,1.38,0.99,1.58,1.08,2.76,4.63,3.35,1.08,1.77,1.38,15.17,2.76,0.59,0.79,12.81,3.94,1.67,0.99,0.69,0.79,14.98,5.52,0.49,4.04,3.15,3.35,6.31,1.38,2.36,"Forward"
"Youtube/5260.mp3","Pascal Siakam","pascal siakam",2022-01-09,2022,"2021-10-19","2022-06-16",27.772758384668,80,245,2016,1,27,"2016-10-26",2016,TRUE,"F",301,59,1,"Injury/Illness - Right Groin; Strain","groin","strain",238,23,1079,2.53,90.5,89.16,93.96,18.29,10.29,97.96,87.3,69.32,24.37,15.76,6.3,3.99,4.73,0.56,8.62,10.66,4.08,0.46,11.58,8.9,7.88,15.85,1.11,21.87,5.19,3.71,7.6,4.54,2.78,0.46,27.43,1.95,15.48,8.9,0.74,1.39,1.76,0.74,2.32,6.3,5.93,0.37,2.5,2.41,12.42,1.2,0.37,0.37,11.4,0.93,2.59,1.67,0.74,1.85,17.15,7.04,1.48,3.61,3.89,2.5,6.77,1.48,2.32,"Forward"
"Youtube/5412.mp3","Pascal Siakam","pascal siakam",2021-11-19,2022,"2021-10-19","2022-06-16",27.6331279945243,80,245,2016,1,27,"2016-10-26",2016,TRUE,"F",352,77,1,"Injury/Illness - Right Groin; Strain","groin","strain",187,5,1021,3.59,91.7,93.89,68.04,14.18,6.56,97.65,85.99,66.5,26.35,17.73,7.54,2.55,5.97,1.27,8.62,10.48,2.64,0.78,12.93,9.89,8.42,10.77,0.49,23.6,4.21,3.43,4.41,3.23,0.39,0.78,25.95,1.67,14.89,9.21,0.88,1.27,1.86,0.49,1.47,3.62,3.33,0.29,1.47,1.37,14.3,2.55,0.49,0.78,11.85,0.98,1.47,1.08,0.39,0.69,16.85,8.33,1.37,5.09,3.62,1.76,6.37,2.35,3.13,"Forward"
"Youtube/5882.mp3","Pascal Siakam","pascal siakam",2022-01-25,2022,"2021-10-19","2022-06-16",27.8165639972622,80,245,2016,1,27,"2016-10-26",2016,TRUE,"F",285,51,1,"Injury/Illness - Right Groin; Strain","groin","strain",254,31,1363,5.4,47.45,95.19,73.04,11.08,6.82,97.8,87.53,67.64,24.58,14.97,7.92,1.47,4.33,0.37,9.61,11.67,4.11,0.66,13.28,11.23,7.78,9.54,2.05,25.02,4.99,3.3,4.48,1.98,1.91,0.73,28.83,1.25,16.58,8.88,1.03,1.91,1.25,0.66,3.23,4.04,3.67,0.29,1.03,0.95,10.2,1.83,0.51,0.59,8.66,1.83,2.05,1.47,0.29,0.95,17.83,7.26,1.98,4.55,3.52,3.37,6.97,1.54,3.08,"Forward"
"Youtube/5964.mp3","Pascal Siakam","pascal siakam",2022-02-07,2022,"2021-10-19","2022-06-16",27.8521560574949,80,245,2016,1,27,"2016-10-26",2016,TRUE,"F",272,44,1,"Injury/Illness - Right Groin; Strain","groin","strain",267,38,1153,6.04,74.22,97.51,58.24,17.47,7.81,97.83,87.16,69.3,24.54,16.48,8.24,1.65,5.9,0.61,8.07,12.4,4.68,0.52,13.44,7.63,9.54,12.14,1.3,20.73,2.95,3.47,5.12,3.47,1.47,0.43,25.93,2.52,16.57,9.71,1.04,1.04,2.34,1.04,1.82,3.47,2.95,0.52,0.87,0.69,11.54,2.43,1.91,0.61,9.8,0.52,2.6,1.91,0.43,0.69,14.92,7.03,1.13,4.34,4.86,1.39,5.2,0.52,2.08,"Forward"
"Youtube/5999.mp3","Pascal Siakam","pascal siakam",2022-01-23,2022,"2021-10-19","2022-06-16",27.8110882956879,80,245,2016,1,27,"2016-10-26",2016,TRUE,"F",287,52,1,"Injury/Illness - Right Groin; Strain","groin","strain",252,30,478,4.83,97.6,84.19,48.97,13.66,5.02,97.49,86.19,67.78,27.2,17.78,6.07,6.49,4.39,0.84,9.41,11.3,4.6,0.42,13.18,11.3,6.69,10.04,1.05,25.52,2.51,2.51,8.37,7.32,0.84,0.21,29.29,2.3,16.53,7.74,0.84,2.51,1.26,0.42,3.56,5.65,3.77,1.88,1.26,0.84,16.95,2.72,0.63,0.42,14.64,1.46,1.67,1.46,0,0.42,17.15,6.69,2.09,3.56,3.14,3.56,7.32,2.93,3.14,"Forward"
"Youtube/6006.mp3","Pascal Siakam","pascal siakam",2022-02-12,2022,"2021-10-19","2022-06-16",27.8658453114305,80,245,2016,1,27,"2016-10-26",2016,TRUE,"F",267,41,1,"Injury/Illness - Right Groin; Strain","groin","strain",272,41,1173,5.84,70.26,89.04,53.23,17,8.1,97.44,86.79,70.76,25.23,15.77,7.67,3.24,4.26,0,9.46,13.13,5.03,0.6,13.55,8.53,8.27,12.45,1.36,19.1,3.92,3.24,6.22,4.26,1.71,0.34,25.49,1.88,15.77,7.67,0.68,1.71,2.39,1.45,2.81,3.32,2.73,0.6,0.51,0.51,10.23,0.94,0.51,0.26,9.55,0.94,1.71,1.11,0.51,1.19,16.03,7.84,0.85,4.35,3.84,3.75,4.52,0.68,3.84,"Forward"
"Youtube/6053.mp3","Pascal Siakam","pascal siakam",2022-03-28,2022,"2021-10-19","2022-06-16",27.9863107460643,80,245,2016,1,27,"2016-10-26",2016,TRUE,"F",223,21,1,"Injury/Illness - Right Groin; Strain","groin","strain",316,61,1428,3.56,73.36,87.69,47.9,12,6.3,96.5,85.99,68.35,24.23,16.04,6.58,1.75,4.76,1.26,8.19,12.68,4.48,0.77,12.11,11.48,7.56,11.62,2.1,23.32,4.2,3.99,4.48,2.87,1.19,0.49,29.48,1.68,16.18,7.91,0.91,1.82,2.31,1.47,3.01,3.08,2.45,0.63,0.56,0.49,12.68,2.03,0.98,0.7,10.99,1.89,2.1,1.33,0.56,1.33,15.06,7.21,1.19,5.18,4.06,3.78,7.28,1.26,3.64,"Forward"
"Youtube/771.mp3","Pascal Siakam","pascal siakam",2022-03-28,2022,"2021-10-19","2022-06-16",27.9863107460643,80,245,2016,1,27,"2016-10-26",2016,TRUE,"F",223,21,1,"Injury/Illness - Right Groin; Strain","groin","strain",316,61,1406,3.48,74.17,87.53,47.17,12.02,6.33,96.51,86.13,68.49,24.25,16.15,6.54,1.78,4.84,1.28,8.11,12.73,4.48,0.78,12.16,11.45,7.54,11.81,2.13,23.26,4.27,4.05,4.55,2.92,1.21,0.5,29.52,1.71,16.15,7.89,0.92,1.78,2.28,1.49,3.06,3.06,2.42,0.64,0.5,0.43,12.73,1.99,1,0.64,11.1,1.85,2.13,1.35,0.57,1.35,14.86,7.18,1.14,5.19,4.05,3.63,7.4,1.28,3.63,"Forward"
"30592","Ben Simmons","ben simmons",2019-02-15,2019,"2018-12-20","2019-06-13",22.5735797399042,82,240,2016,1,1,"2017-10-18",2017,FALSE,"PG",54,23,1,"Injury/Illness - Dental procedure","mouth","surgery",55,25,51,29.85,7.61,32.94,99,10.2,3.92,100,86.27,66.67,19.61,9.8,7.84,0,1.96,0,9.8,17.65,9.8,0,13.73,9.8,5.88,5.88,5.88,23.53,11.76,7.84,1.96,0,0,1.96,27.45,0,15.69,3.92,0,3.92,3.92,5.88,1.96,7.84,7.84,0,3.92,3.92,9.8,3.92,0,1.96,5.88,1.96,5.88,5.88,0,1.96,9.8,5.88,0,3.92,1.96,5.88,7.84,0,0,"Guard"
"25024","Marcus Smart","marcus smart",2022-06-08,2022,"2021-10-19","2022-06-16",28.2573579739904,75,220,2014,1,6,"2014-10-29",2014,TRUE,"G",161,17,1,"Injury/Illness - Right Ankle; Inflammation","ankle","inflammation",16,5,75,22.17,63.73,19.26,20.23,25,12,92,74.67,60,18.67,12,4,0,0,8,6.67,14.67,4,4,16,8,8,9.33,2.67,17.33,9.33,2.67,8,1.33,2.67,4,20,2.67,6.67,0,1.33,1.33,1.33,1.33,1.33,2.67,1.33,1.33,1.33,0,13.33,2.67,1.33,1.33,12,1.33,2.67,0,2.67,1.33,10.67,6.67,2.67,2.67,4,2.67,6.67,5.33,0,"Guard"
"25024","Marcus Smart","marcus smart",2022-06-07,2022,"2021-10-19","2022-06-16",28.2546201232033,75,220,2014,1,6,"2014-10-29",2014,TRUE,"G",162,18,1,"Injury/Illness - Right Ankle; Inflammation","ankle","inflammation",15,5,62,1,99,95.4,6.37,20.67,12.9,98.39,91.94,75.81,30.65,16.13,1.61,14.52,0,0,14.52,11.29,1.61,0,16.13,16.13,6.45,11.29,4.84,30.65,1.61,1.61,14.52,14.52,0,0,38.71,1.61,19.35,6.45,1.61,1.61,4.84,0,4.84,8.06,3.23,4.84,0,0,17.74,3.23,0,1.61,14.52,0,0,0,0,0,8.06,11.29,3.23,4.84,8.06,12.9,6.45,1.61,0,"Guard"
"25024","Marcus Smart","marcus smart",2022-06-04,2022,"2021-10-19","2022-06-16",28.2464065708419,75,220,2014,1,6,"2014-10-29",2014,TRUE,"G",165,19,1,"Injury/Illness - Right Ankle; Inflammation","ankle","inflammation",12,4,56,26.1,79.51,60.9,20.23,14,14.29,87.5,73.21,67.86,19.64,7.14,0,3.57,3.57,0,12.5,19.64,7.14,0,16.07,10.71,7.14,5.36,5.36,16.07,3.57,1.79,8.93,7.14,0,1.79,30.36,5.36,16.07,3.57,0,0,3.57,0,8.93,3.57,1.79,1.79,1.79,1.79,16.07,5.36,3.57,0,14.29,0,1.79,0,1.79,0,7.14,5.36,0,5.36,1.79,8.93,5.36,0,0,"Guard"
"25024","Marcus Smart","marcus smart",2022-06-01,2022,"2021-10-19","2022-06-16",28.2381930184805,75,220,2014,1,6,"2014-10-29",2014,TRUE,"G",168,20,1,"Injury/Illness - Right Ankle; Inflammation","ankle","inflammation",9,3,98,3.92,40.06,59.08,20.23,10.89,9.18,93.88,83.67,71.43,28.57,14.29,8.16,2.04,1.02,2.04,14.29,18.37,4.08,0,12.24,15.31,5.1,3.06,4.08,22.45,5.1,4.08,6.12,3.06,1.02,2.04,23.47,6.12,6.12,2.04,1.02,0,0,1.02,1.02,4.08,2.04,2.04,1.02,1.02,13.27,2.04,0,1.02,10.2,3.06,1.02,1.02,0,0,10.2,6.12,3.06,4.08,1.02,12.24,3.06,0,0,"Guard"
"25024","Marcus Smart","marcus smart",2022-05-29,2022,"2021-10-19","2022-06-16",28.2299794661191,75,220,2014,1,6,"2014-10-29",2014,TRUE,"G",171,20,1,"Injury/Illness - Right Ankle; Inflammation","ankle","inflammation",6,2,110,27.25,80.05,7.03,93.39,12.22,8.18,92.73,76.36,61.82,16.36,8.18,1.82,1.82,0,0,8.18,14.55,5.45,0.91,13.64,10.91,8.18,8.18,0,18.18,4.55,7.27,5.45,2.73,2.73,0,25.45,2.73,9.09,2.73,0.91,0.91,1.82,1.82,0.91,5.45,5.45,0,2.73,2.73,10,0.91,0,0,8.18,6.36,7.27,2.73,3.64,1.82,10.91,8.18,0,5.45,4.55,8.18,4.55,0,0.91,"Guard"
"25024","Marcus Smart","marcus smart",2022-05-19,2022,"2021-10-19","2022-06-16",28.2026009582478,75,220,2014,1,6,"2014-10-29",2014,TRUE,"G",4,1,1,"Injury/Illness - Right Ankle; Sprain","ankle","sprain",2,0,104,5.64,4.48,76.58,98,11.56,5.77,98.08,79.81,58.65,25,12.5,8.65,0.96,2.88,0,12.5,9.62,3.85,1.92,11.54,8.65,6.73,8.65,3.85,24.04,4.81,1.92,2.88,0.96,1.92,0,27.88,0,16.35,3.85,1.92,3.85,3.85,1.92,4.81,8.65,7.69,0.96,3.85,2.88,7.69,3.85,0.96,1.92,3.85,0,4.81,3.85,0.96,3.85,13.46,9.62,0,5.77,2.88,9.62,2.88,0.96,0,"Guard"
"25024","Marcus Smart","marcus smart",2020-09-27,2020,"2019-10-22","2020-10-11",26.5626283367556,75,220,2014,1,6,"2014-10-29",2014,TRUE,"G",99,7,1,"Injury/Illness - Right Thumb; Sprain","thumb","sprain",235,37,98,32.77,64.19,99,99,7.54,8.16,96.94,85.71,56.12,20.41,14.29,7.14,6.12,1.02,0,6.12,12.24,6.12,0,14.29,11.22,4.08,5.1,2.04,23.47,14.29,4.08,11.22,7.14,4.08,0,26.53,0,9.18,0,0,1.02,1.02,1.02,6.12,9.18,9.18,0,4.08,4.08,16.33,4.08,1.02,1.02,12.24,3.06,5.1,3.06,1.02,2.04,6.12,12.24,5.1,8.16,10.2,8.16,6.12,0,0,"Guard"
"25024","Marcus Smart","marcus smart",2020-09-21,2020,"2019-10-22","2020-10-11",26.5462012320329,75,220,2014,1,6,"2014-10-29",2014,TRUE,"G",105,10,1,"Injury/Illness - Right Thumb; Sprain","thumb","sprain",229,35,66,58.76,98.75,8.65,86.79,13.2,10.61,92.42,71.21,56.06,15.15,10.61,1.52,6.06,1.52,0,4.55,9.09,7.58,1.52,16.67,4.55,12.12,6.06,0,16.67,1.52,3.03,9.09,6.06,3.03,0,18.18,0,9.09,3.03,3.03,1.52,1.52,3.03,0,7.58,6.06,1.52,0,0,12.12,1.52,0,0,10.61,1.52,4.55,1.52,1.52,4.55,10.61,6.06,0,4.55,3.03,4.55,6.06,0,0,"Guard"
"Youtube/1798.mp3","Marcus Smart","marcus smart",2026-04-24,2026,"2025-10-21","2026-06-13",32.1341546885695,75,220,2014,1,6,"2014-10-29",2014,TRUE,"G",17,7,0,NA,NA,NA,15,4,434,90.74,38.72,23.04,74.2,8.35,8.06,85.25,72.58,56.68,9.45,3.23,0.69,0.23,0.23,0,6.22,23.27,8.99,9.68,16.82,5.99,3.92,3.92,1.61,13.82,7.83,12.9,3.23,1.38,0.69,1.15,16.36,0.92,5.76,0,0.92,1.15,0.92,0.69,2.3,7.6,5.3,1.84,0.92,0.46,7.14,3.69,0.92,1.38,4.15,2.3,2.07,1.15,0.92,3.23,8.29,9.22,2.76,7.14,4.38,3,5.3,1.61,1.15,"Guard"
"Youtube/3789.mp3","Marcus Smart","marcus smart",2026-04-24,2026,"2025-10-21","2026-06-13",32.1341546885695,75,220,2014,1,6,"2014-10-29",2014,TRUE,"G",17,7,0,NA,NA,NA,15,4,439,90.72,38.74,22.16,79.6,8.61,8.2,85.19,72.44,56.72,9.57,3.19,0.68,0.23,0.23,0,6.38,23.01,8.66,9.57,17.08,5.92,4.1,3.64,1.59,13.9,7.74,12.76,3.64,1.59,0.68,1.37,16.4,0.91,5.69,0,0.91,1.14,0.91,0.68,2.28,7.97,5.69,1.82,0.91,0.46,7.06,3.64,0.91,1.37,4.1,2.28,2.05,1.14,0.91,3.19,8.43,9.11,2.51,7.29,4.33,2.96,5.47,1.59,1.14,"Guard"
"36748","Max Strus","max strus",2022-05-21,2022,"2021-10-19","2022-06-16",26.1464750171116,77,215,NA,NA,NA,"2019-11-21",2019,TRUE,"G",186,22,1,"Injury/Illness - Right Shoulder; Impingement","shoulder","impingement",105,39,59,58.98,93.75,65.66,45.75,11.8,8.47,89.83,76.27,59.32,18.64,13.56,3.39,5.08,0,1.69,5.08,18.64,13.56,0,11.86,8.47,5.08,6.78,0,22.03,3.39,1.69,6.78,5.08,1.69,0,25.42,1.69,6.78,1.69,3.39,1.69,0,0,0,1.69,1.69,0,1.69,1.69,13.56,3.39,0,3.39,10.17,3.39,1.69,1.69,0,1.69,8.47,15.25,5.08,10.17,5.08,10.17,3.39,0,1.69,"Guard"
"36748","Max Strus","max strus",2023-06-06,2023,"2022-10-18","2023-06-12",27.1895961670089,77,215,NA,NA,NA,"2019-11-21",2019,TRUE,"G",273,63,1,"Injury/Illness - Right Knee; Strain","knee","strain",193,84,67,13.11,97.67,85.22,99,13.4,16.42,86.57,70.15,59.7,16.42,13.43,2.99,7.46,0,2.99,2.99,14.93,7.46,1.49,7.46,19.4,4.48,5.97,0,26.87,4.48,8.96,10.45,8.96,1.49,0,29.85,4.48,1.49,0,0,0,0,0,1.49,7.46,7.46,0,4.48,1.49,16.42,4.48,1.49,1.49,11.94,0,1.49,0,0,0,11.94,14.93,4.48,7.46,7.46,11.94,4.48,1.49,0,"Guard"
"36748","Max Strus","max strus",2023-06-12,2023,"2022-10-18","2023-06-12",27.2060232717317,77,215,NA,NA,NA,"2019-11-21",2019,TRUE,"G",267,60,1,"Injury/Illness - Right Knee; Strain","knee","strain",199,86,61,16.31,76.91,71.87,97.57,12.2,8.2,95.08,80.33,59.02,16.39,8.2,1.64,6.56,0,0,8.2,11.48,3.28,0,13.11,11.48,9.84,6.56,1.64,22.95,8.2,4.92,13.11,11.48,1.64,0,24.59,1.64,11.48,3.28,1.64,3.28,0,0,4.92,6.56,6.56,0,6.56,6.56,11.48,3.28,0,1.64,8.2,0,3.28,3.28,0,1.64,11.48,13.11,6.56,4.92,3.28,14.75,1.64,0,0,"Guard"
"39761","Jalen Suggs","jalen suggs",2022-02-18,2022,"2021-10-19","2022-06-16",20.7118412046543,77,205,2021,1,5,"2021-10-21",2021,TRUE,"G",15,4,1,"Injury/Illness - Right Ankle; Sprain","ankle","sprain",37,18,57,27.21,85.76,58.46,99,5.7,15.79,94.74,78.95,54.39,15.79,5.26,1.75,3.51,0,0,10.53,15.79,1.75,1.75,10.53,12.28,5.26,3.51,0,21.05,14.04,10.53,5.26,3.51,1.75,0,28.07,5.26,7.02,1.75,1.75,3.51,0,0,0,15.79,14.04,1.75,7.02,5.26,7.02,0,0,0,7.02,0,7.02,7.02,0,3.51,22.81,14.04,1.75,12.28,5.26,8.77,1.75,3.51,0,"Guard"
"32867","Jayson Tatum","jayson tatum",2022-06-15,2022,"2021-10-19","2022-06-16",24.2847364818617,80,210,2017,1,3,"2017-10-18",2017,TRUE,"F",165,20,1,"Injury/Illness - Left Ankle; Sprain","ankle","sprain",69,24,57,15.72,1,99,46.76,11.4,8.77,89.47,78.95,66.67,14.04,10.53,10.53,0,0,0,3.51,14.04,5.26,1.75,14.04,14.04,10.53,8.77,1.75,21.05,5.26,7.02,7.02,1.75,3.51,1.75,29.82,0,12.28,3.51,1.75,0,1.75,1.75,3.51,1.75,1.75,0,0,0,1.75,1.75,1.75,0,1.75,0,0,0,0,0,14.04,15.79,1.75,12.28,5.26,12.28,7.02,0,0,"Forward"
"32867","Jayson Tatum","jayson tatum",2022-06-12,2022,"2021-10-19","2022-06-16",24.2765229295003,80,210,2017,1,3,"2017-10-18",2017,TRUE,"F",168,21,1,"Injury/Illness - Left Ankle; Sprain","ankle","sprain",66,23,59,48.82,99,20.4,45.75,29.5,13.56,100,83.05,67.8,22.03,11.86,0,6.78,0,3.39,10.17,11.86,6.78,0,23.73,11.86,8.47,5.08,0,22.03,5.08,0,16.95,8.47,8.47,1.69,18.64,0,10.17,3.39,1.69,1.69,3.39,0,1.69,1.69,1.69,0,0,0,16.95,3.39,1.69,1.69,15.25,1.69,5.08,5.08,0,1.69,8.47,8.47,1.69,5.08,3.39,0,6.78,3.39,0,"Forward"
"32867","Jayson Tatum","jayson tatum",2022-06-09,2022,"2021-10-19","2022-06-16",24.2683093771389,80,210,2017,1,3,"2017-10-18",2017,TRUE,"F",171,22,1,"Injury/Illness - Left Ankle; Sprain","ankle","sprain",63,22,69,23.51,31.94,34.62,99,11.5,13.04,98.55,79.71,60.87,11.59,2.9,0,0,2.9,0,8.7,15.94,8.7,0,11.59,10.14,11.59,10.14,2.9,20.29,5.8,5.8,4.35,0,4.35,0,27.54,2.9,13.04,1.45,0,4.35,1.45,1.45,4.35,10.14,10.14,0,7.25,7.25,2.9,0,0,0,2.9,0,10.14,7.25,2.9,1.45,18.84,7.25,2.9,7.25,4.35,2.9,5.8,1.45,0,"Forward"
"32867","Jayson Tatum","jayson tatum",2022-06-04,2022,"2021-10-19","2022-06-16",24.2546201232033,80,210,2017,1,3,"2017-10-18",2017,TRUE,"F",176,24,1,"Injury/Illness - Left Ankle; Sprain","ankle","sprain",58,20,71,28.77,98.1,51.38,83.63,14.2,12.68,95.77,74.65,66.2,15.49,8.45,0,4.23,1.41,0,7.04,11.27,5.63,0,18.31,9.86,9.86,11.27,1.41,15.49,4.23,1.41,5.63,4.23,1.41,0,14.08,0,11.27,2.82,0,2.82,2.82,4.23,1.41,4.23,4.23,0,0,0,14.08,1.41,1.41,0,12.68,1.41,12.68,8.45,1.41,0,9.86,15.49,1.41,14.08,4.23,1.41,0,0,0,"Forward"
"32867","Jayson Tatum","jayson tatum",2022-06-01,2022,"2021-10-19","2022-06-16",24.2464065708419,80,210,2017,1,3,"2017-10-18",2017,TRUE,"F",179,25,1,"Injury/Illness - Left Ankle; Sprain","ankle","sprain",55,19,76,63.99,63.42,98.55,0,12.67,13.16,93.42,68.42,57.89,15.79,10.53,5.26,0,3.95,1.32,5.26,15.79,7.89,2.63,14.47,11.84,2.63,3.95,0,17.11,2.63,6.58,0,0,0,0,26.32,2.63,13.16,3.95,0,1.32,3.95,2.63,1.32,1.32,0,0,0,0,7.89,0,0,0,7.89,0,3.95,0,3.95,0,15.79,18.42,1.32,13.16,6.58,0,6.58,2.63,0,"Forward"
"32867","Jayson Tatum","jayson tatum",2022-05-29,2022,"2021-10-19","2022-06-16",24.2381930184805,80,210,2017,1,3,"2017-10-18",2017,TRUE,"F",182,25,1,"Injury/Illness - Left Ankle; Sprain","ankle","sprain",52,18,51,4.31,4.22,99,20.23,25.5,15.69,100,88.24,70.59,21.57,17.65,11.76,1.96,3.92,0,3.92,9.8,3.92,1.96,13.73,7.84,15.69,7.84,3.92,21.57,5.88,1.96,9.8,3.92,5.88,1.96,39.22,0,33.33,17.65,1.96,1.96,9.8,3.92,7.84,3.92,1.96,1.96,1.96,1.96,17.65,11.76,1.96,7.84,7.84,0,0,0,0,0,9.8,11.76,0,7.84,0,0,9.8,0,0,"Forward"
"32867","Jayson Tatum","jayson tatum",2022-05-27,2022,"2021-10-19","2022-06-16",24.2327173169062,80,210,2017,1,3,"2017-10-18",2017,TRUE,"F",184,26,1,"Injury/Illness - Left Ankle; Sprain","ankle","sprain",50,17,73,62.58,14.07,95.37,0,24.33,8.22,95.89,75.34,57.53,10.96,5.48,5.48,0,0,0,5.48,16.44,15.07,0,9.59,9.59,12.33,4.11,0,24.66,2.74,1.37,0,0,0,0,28.77,0,17.81,10.96,2.74,0,2.74,2.74,1.37,0,0,0,0,0,1.37,0,0,0,1.37,1.37,6.85,6.85,0,1.37,8.22,16.44,5.48,4.11,0,5.48,2.74,2.74,0,"Forward"
"32867","Jayson Tatum","jayson tatum",2022-05-21,2022,"2021-10-19","2022-06-16",24.2162902121834,80,210,2017,1,3,"2017-10-18",2017,TRUE,"F",190,29,1,"Injury/Illness - Left Ankle; Sprain","ankle","sprain",44,14,60,77.34,10.48,99,1.23,30,15,100,76.67,55,11.67,6.67,6.67,0,0,0,5,16.67,6.67,0,15,0,1.67,15,0,20,1.67,5,1.67,0,1.67,0,11.67,0,6.67,5,0,0,0,1.67,0,3.33,0,3.33,3.33,0,1.67,1.67,0,0,0,0,3.33,0,3.33,8.33,6.67,28.33,8.33,13.33,3.33,15,1.67,0,0,"Forward"
"32867","Jayson Tatum","jayson tatum",2022-05-19,2022,"2021-10-19","2022-06-16",24.2108145106092,80,210,2017,1,3,"2017-10-18",2017,TRUE,"F",192,30,1,"Injury/Illness - Left Ankle; Sprain","ankle","sprain",42,13,61,6.96,83.72,92.94,99,10.17,9.84,100,83.61,60.66,19.67,16.39,6.56,9.84,0,0,3.28,9.84,3.28,1.64,8.2,6.56,14.75,6.56,0,22.95,9.84,4.92,14.75,9.84,4.92,0,37.7,0,18.03,6.56,9.84,0,6.56,0,4.92,14.75,11.48,3.28,3.28,3.28,13.11,3.28,0,3.28,9.84,0,6.56,6.56,0,0,3.28,6.56,1.64,4.92,1.64,19.67,0,3.28,1.64,"Forward"
"32867","Jayson Tatum","jayson tatum",2022-02-19,2022,"2021-10-19","2022-06-16",23.9671457905544,80,210,2017,1,3,"2017-10-18",2017,TRUE,"F",37,16,1,"Injury/Illness - Right Patella; Tendinopathy","knee","tendinopathy",279,62,79,46.48,95.09,80.13,78.69,15.8,7.59,96.2,83.54,63.29,21.52,16.46,6.33,0,7.59,0,5.06,29.11,8.86,6.33,11.39,7.59,5.06,3.8,0,17.72,12.66,16.46,5.06,2.53,1.27,1.27,25.32,2.53,10.13,6.33,0,0,3.8,0,1.27,3.8,3.8,0,3.8,3.8,13.92,2.53,1.27,0,12.66,2.53,1.27,1.27,0,3.8,13.92,5.06,1.27,2.53,7.59,0,7.59,0,1.27,"Forward"
"32867","Jayson Tatum","jayson tatum",2020-09-27,2020,"2019-10-22","2020-10-11",22.570841889117,80,210,2017,1,3,"2017-10-18",2017,TRUE,"F",212,56,1,"Injury/Illness - Left Ankle; Impingement","ankle","impingement",45,16,60,4.95,30.77,74.02,45.29,12,6.67,98.33,91.67,68.33,31.67,11.67,6.67,0,5,0,20,18.33,1.67,0,13.33,13.33,0,6.67,1.67,28.33,6.67,8.33,1.67,0,1.67,0,26.67,0,16.67,5,0,6.67,1.67,0,5,1.67,1.67,0,0,0,10,3.33,0,0,6.67,1.67,0,0,0,1.67,8.33,10,3.33,6.67,1.67,0,10,3.33,0,"Forward"
"32867","Jayson Tatum","jayson tatum",2020-09-19,2020,"2019-10-22","2020-10-11",22.54893908282,80,210,2017,1,3,"2017-10-18",2017,TRUE,"F",220,59,1,"Injury/Illness - Left Ankle; Impingement","ankle","impingement",37,13,59,17.64,99,65.66,99,5.9,10.17,98.31,84.75,67.8,25.42,18.64,1.69,16.95,0,0,6.78,16.95,6.78,3.39,11.86,11.86,5.08,5.08,0,23.73,5.08,3.39,20.34,16.95,3.39,0,30.51,1.69,11.86,3.39,0,1.69,0,1.69,5.08,15.25,11.86,3.39,1.69,0,20.34,3.39,0,0,16.95,0,6.78,6.78,0,1.69,11.86,8.47,1.69,6.78,3.39,10.17,6.78,1.69,0,"Forward"
"32867","Jayson Tatum","jayson tatum",2019-02-16,2019,"2018-12-20","2019-06-13",20.9582477754962,80,210,2017,1,3,"2017-10-18",2017,TRUE,"F",36,14,1,"Injury/Illness - Right Low Back Contusion","back","contusion",57,29,65,62.64,1,92.75,6.78,16.25,7.69,90.77,78.46,58.46,16.92,13.85,12.31,0,0,0,3.08,13.85,12.31,1.54,13.85,10.77,3.08,4.62,3.08,27.69,4.62,1.54,3.08,0,3.08,0,27.69,0,16.92,3.08,0,4.62,3.08,1.54,4.62,1.54,0,1.54,0,0,6.15,3.08,0,0,3.08,3.08,1.54,0,1.54,3.08,10.77,9.23,1.54,7.69,3.08,13.85,3.08,4.62,0,"Forward"
"32867","Jayson Tatum","jayson tatum",2019-02-15,2019,"2018-12-20","2019-06-13",20.9555099247091,80,210,2017,1,3,"2017-10-18",2017,TRUE,"F",37,14,1,"Injury/Illness - Right Low Back Contusion","back","contusion",56,28,51,89.52,63.27,83.69,80.19,12.75,11.76,96.08,80.39,58.82,9.8,3.92,1.96,0,1.96,0,5.88,25.49,13.73,1.96,13.73,9.8,7.84,0,0,13.73,11.76,17.65,3.92,1.96,1.96,0,23.53,3.92,5.88,3.92,0,0,0,0,1.96,3.92,3.92,0,1.96,1.96,5.88,0,0,0,5.88,1.96,1.96,1.96,0,0,19.61,11.76,0,7.84,7.84,0,5.88,1.96,0,"Forward"
"32867","Jayson Tatum","jayson tatum",2023-05-29,2023,"2022-10-18","2023-06-12",25.2375085557837,80,210,2017,1,3,"2017-10-18",2017,TRUE,"F",205,26,1,"Injury/Illness - Left Ankle; Sprain","ankle","sprain",50,19,62,46.42,1.48,79.1,6.37,10.33,11.29,95.16,75.81,64.52,25.81,11.29,11.29,0,0,0,14.52,16.13,9.68,1.61,14.52,6.45,4.84,4.84,0,14.52,4.84,3.23,0,0,0,0,22.58,0,14.52,0,3.23,0,6.45,0,1.61,4.84,1.61,3.23,3.23,0,0,0,0,0,0,0,3.23,3.23,0,0,3.23,9.68,3.23,3.23,3.23,9.68,1.61,0,0,"Forward"
"32867","Jayson Tatum","jayson tatum",2023-05-27,2023,"2022-10-18","2023-06-12",25.2320328542094,80,210,2017,1,3,"2017-10-18",2017,TRUE,"F",207,27,1,"Injury/Illness - Left Ankle; Sprain","ankle","sprain",48,18,73,46.21,32.36,82.59,82.37,9.13,10.96,89.04,76.71,57.53,20.55,9.59,4.11,2.74,0,1.37,10.96,13.7,6.85,1.37,13.7,4.11,2.74,9.59,1.37,17.81,4.11,1.37,4.11,2.74,1.37,0,26.03,2.74,12.33,1.37,1.37,1.37,5.48,0,5.48,4.11,4.11,0,0,0,6.85,0,0,0,6.85,2.74,2.74,1.37,0,2.74,5.48,12.33,2.74,6.85,5.48,13.7,0,0,2.74,"Forward"
"32867","Jayson Tatum","jayson tatum",2023-05-25,2023,"2022-10-18","2023-06-12",25.2265571526352,80,210,2017,1,3,"2017-10-18",2017,TRUE,"F",209,28,1,"Injury/Illness - Left Ankle; Sprain","ankle","sprain",46,17,59,58.98,60.23,90.74,99,9.83,22.03,89.83,76.27,54.24,18.64,8.47,3.39,3.39,0,0,10.17,15.25,5.08,3.39,13.56,5.08,6.78,1.69,0,18.64,10.17,5.08,8.47,5.08,0,3.39,25.42,1.69,10.17,6.78,3.39,0,0,1.69,1.69,10.17,8.47,0,0,0,10.17,1.69,0,0,6.78,1.69,6.78,6.78,0,1.69,3.39,11.86,1.69,8.47,5.08,10.17,0,0,0,"Forward"
"32867","Jayson Tatum","jayson tatum",2023-05-23,2023,"2022-10-18","2023-06-12",25.2210814510609,80,210,2017,1,3,"2017-10-18",2017,TRUE,"F",211,29,1,"Injury/Illness - Left Ankle; Sprain","ankle","sprain",44,16,69,64.68,99,95.6,65.92,11.5,11.59,91.3,78.26,55.07,14.49,14.49,2.9,10.14,0,1.45,0,13.04,8.7,1.45,11.59,8.7,4.35,4.35,0,23.19,5.8,8.7,13.04,10.14,2.9,0,17.39,0,10.14,4.35,0,1.45,0,1.45,2.9,2.9,2.9,0,0,0,13.04,0,0,0,13.04,1.45,1.45,1.45,0,4.35,8.7,14.49,4.35,10.14,4.35,10.14,0,2.9,1.45,"Forward"
"32867","Jayson Tatum","jayson tatum",2023-05-17,2023,"2022-10-18","2023-06-12",25.2046543463381,80,210,2017,1,3,"2017-10-18",2017,TRUE,"F",217,32,1,"Injury/Illness - Left Ankle; Sprain","ankle","sprain",38,13,50,57.7,96.81,75.94,50.98,16.67,16,92,72,56,20,12,2,10,0,0,8,16,4,2,16,8,4,0,2,16,10,10,20,10,6,4,18,0,14,2,2,2,6,0,2,2,2,0,0,0,10,0,0,0,10,0,0,0,0,4,8,14,2,12,4,6,4,0,0,"Forward"
"32867","Jayson Tatum","jayson tatum",2024-06-16,2024,"2023-10-24","2024-06-17",26.2888432580424,80,210,2017,1,3,"2017-10-18",2017,TRUE,"F",171,22,1,"Injury/Illness - Right Knee; Tendinopathy","knee","tendinopathy",65,18,73,20.57,64.35,88.22,99,24.33,16.44,91.78,72.6,63.01,17.81,8.22,4.11,2.74,1.37,0,9.59,12.33,6.85,1.37,13.7,9.59,8.22,10.96,1.37,17.81,1.37,2.74,6.85,4.11,2.74,0,23.29,2.74,8.22,1.37,0,1.37,2.74,1.37,1.37,8.22,8.22,0,1.37,1.37,6.85,1.37,1.37,0,6.85,0,4.11,0,4.11,1.37,13.7,10.96,4.11,6.85,8.22,2.74,4.11,0,0,"Forward"
"32867","Jayson Tatum","jayson tatum",2024-06-12,2024,"2023-10-24","2024-06-17",26.2778918548939,80,210,2017,1,3,"2017-10-18",2017,TRUE,"F",175,23,1,"Injury/Illness - Right Knee; Tendinopathy","knee","tendinopathy",61,16,83,1.74,94.09,6.2,89.13,10.38,13.25,100,85.54,68.67,27.71,14.46,1.2,6.02,3.61,0,13.25,16.87,6.02,2.41,8.43,10.84,9.64,6.02,4.82,22.89,6.02,4.82,7.23,6.02,1.2,0,28.92,2.41,12.05,3.61,0,1.2,2.41,1.2,6.02,10.84,7.23,2.41,7.23,4.82,21.69,7.23,0,6.02,14.46,4.82,4.82,4.82,0,2.41,8.43,2.41,0,1.2,2.41,7.23,7.23,0,0,"Forward"
"32867","Jayson Tatum","jayson tatum",2024-06-09,2024,"2023-10-24","2024-06-17",26.2696783025325,80,210,2017,1,3,"2017-10-18",2017,TRUE,"F",178,24,1,"Injury/Illness - Right Knee; Tendinopathy","knee","tendinopathy",58,15,65,35.28,96.64,30.98,96.43,32.5,12.31,86.15,78.46,63.08,16.92,10.77,1.54,4.62,1.54,3.08,6.15,15.38,6.15,0,13.85,4.62,9.23,10.77,0,16.92,4.62,3.08,7.69,4.62,0,3.08,16.92,1.54,10.77,6.15,3.08,1.54,0,1.54,0,9.23,7.69,1.54,1.54,1.54,12.31,3.08,0,1.54,9.23,0,0,0,0,1.54,12.31,10.77,1.54,7.69,0,1.54,7.69,0,0,"Forward"
"32867","Jayson Tatum","jayson tatum",2024-06-08,2024,"2023-10-24","2024-06-17",26.2669404517454,80,210,2017,1,3,"2017-10-18",2017,TRUE,"F",179,25,1,"Injury/Illness - Right Knee; Tendinopathy","knee","tendinopathy",57,15,94,33.06,18.61,99,99,23.5,12.77,97.87,81.91,61.7,25.53,18.09,13.83,1.06,3.19,0,7.45,14.89,4.26,2.13,19.15,9.57,4.26,6.38,0,24.47,2.13,7.45,10.64,6.38,4.26,0,29.79,2.13,6.38,4.26,2.13,0,0,0,1.06,7.45,7.45,0,1.06,1.06,11.7,5.32,3.19,1.06,6.38,0,5.32,1.06,3.19,2.13,11.7,11.7,1.06,11.7,6.38,10.64,7.45,0,1.06,"Forward"
"32867","Jayson Tatum","jayson tatum",2024-06-06,2024,"2023-10-24","2024-06-17",26.2614647501711,80,210,2017,1,3,"2017-10-18",2017,TRUE,"F",181,25,1,"Injury/Illness - Right Knee; Tendinopathy","knee","tendinopathy",55,14,63,25.13,67.92,99,1.48,9,6.35,96.83,73.02,55.56,19.05,14.29,6.35,1.59,6.35,0,4.76,7.94,6.35,0,15.87,15.87,4.76,4.76,3.17,23.81,9.52,3.17,1.59,1.59,0,0,36.51,1.59,17.46,4.76,1.59,0,4.76,4.76,3.17,6.35,1.59,4.76,4.76,0,12.7,3.17,0,1.59,9.52,0,3.17,0,3.17,0,15.87,11.11,1.59,9.52,9.52,7.94,6.35,6.35,0,"Forward"
"Youtube/3527.mp3","Jayson Tatum","jayson tatum",2023-05-14,2023,"2022-10-18","2023-06-12",25.1964407939767,80,210,2017,1,3,"2017-10-18",2017,TRUE,"F",220,33,1,"Injury/Illness - Left Ankle; Sprain","ankle","sprain",35,12,1140,15.56,96.55,93.14,80.5,11.52,8.16,96.05,80.53,62.37,24.39,17.81,6.05,2.02,7.11,1.75,6.58,13.16,6.23,1.4,12.19,9.65,6.4,7.46,0.44,22.98,4.47,4.47,6.05,2.63,2.54,1.23,27.98,0.53,15.18,8.95,0.53,1.4,1.67,0.96,1.93,5.18,4.47,0.53,2.37,2.11,14.82,2.02,0.53,0.53,13.07,0.96,4.04,3.25,0.53,0.79,14.91,8.25,1.32,5.88,4.47,6.05,3.77,1.23,1.84,"Forward"
"Youtube/5120.mp3","Jayson Tatum","jayson tatum",2026-04-19,2026,"2025-10-21","2026-06-13",28.1286789869952,80,210,2017,1,3,"2017-10-18",2017,TRUE,"F",13,5,1,"Injury/Illness - Left Knee; Stiffness","knee","stiffness",7,0,899,11.22,73.78,98.1,78.5,18.35,11.23,94.88,79.09,61.18,22.47,15.8,7.34,0.78,6.01,1.67,6.67,12.35,4.78,1.22,11.46,8.79,9.23,7.12,1.22,19.58,4.78,5.45,4.78,1.33,2.56,1,31.59,1.56,17.69,9.12,0.78,0.67,2.56,3.11,2.34,5.12,4.45,0.67,1,0.89,11.57,1.67,0.67,0.78,10.01,0.56,3.34,2.78,0.33,1,15.13,6.45,1.11,5.01,5.34,4.89,4.45,1.67,2.78,"Forward"
"34588","Daniel Theis","daniel theis",2020-09-16,2020,"2019-10-22","2020-10-11",28.4517453798768,80,245,NA,NA,NA,"2017-10-18",2017,FALSE,"C",153,31,1,"Injury/Illness - Right Index Finger; Sprain","finger","sprain",222,32,69,27.02,65.68,74.45,1.92,13.8,13.04,95.65,73.91,56.52,15.94,13.04,4.35,8.7,0,0,2.9,15.94,8.7,0,10.14,7.25,7.25,7.25,5.8,20.29,4.35,5.8,15.94,11.59,0,4.35,24.64,1.45,10.14,0,1.45,1.45,1.45,0,5.8,2.9,0,2.9,2.9,0,15.94,7.25,2.9,4.35,11.59,0,2.9,2.9,0,8.7,13.04,5.8,1.45,4.35,7.25,8.7,2.9,0,0,"Center"
"Youtube/101.mp3","Daniel Theis","daniel theis",2020-09-25,2020,"2019-10-22","2020-10-11",28.476386036961,80,245,NA,NA,NA,"2017-10-18",2017,FALSE,"C",144,27,1,"Injury/Illness - Right Index Finger; Sprain","finger","sprain",231,35,312,19.54,98.75,44.14,55.12,10.76,11.86,92.95,81.73,62.82,21.47,15.38,3.53,8.01,0.32,2.88,6.09,15.38,4.49,4.17,13.14,10.9,7.37,4.81,0.96,23.4,6.73,9.94,9.62,8.65,0,0.96,23.08,3.21,7.37,0.96,1.28,1.92,1.6,0,1.28,5.45,3.85,1.6,2.24,0.64,16.99,3.21,0.64,1.28,14.1,0.64,4.81,4.17,0.32,3.21,11.54,10.26,3.85,7.37,2.88,8.65,4.17,1.92,1.92,"Center"
"Youtube/1140.mp3","Daniel Theis","daniel theis",2020-09-25,2020,"2019-10-22","2020-10-11",28.476386036961,80,245,NA,NA,NA,"2017-10-18",2017,FALSE,"C",144,27,1,"Injury/Illness - Right Index Finger; Sprain","finger","sprain",231,35,312,19.54,98.75,44.14,55.12,10.76,11.86,92.95,81.73,62.82,21.47,15.38,3.53,8.01,0.32,2.88,6.09,15.38,4.49,4.17,13.14,10.9,7.37,4.81,0.96,23.4,6.73,9.94,9.62,8.65,0,0.96,23.08,3.21,7.37,0.96,1.28,1.92,1.6,0,1.28,5.45,3.85,1.6,2.24,0.64,16.99,3.21,0.64,1.28,14.1,0.64,4.81,4.17,0.32,3.21,11.54,10.26,3.85,7.37,2.88,8.65,4.17,1.92,1.92,"Center"
"Youtube/144.mp3","Daniel Theis","daniel theis",2020-09-25,2020,"2019-10-22","2020-10-11",28.476386036961,80,245,NA,NA,NA,"2017-10-18",2017,FALSE,"C",144,27,1,"Injury/Illness - Right Index Finger; Sprain","finger","sprain",231,35,312,19.54,98.75,44.14,55.12,10.76,11.86,92.95,81.73,62.82,21.47,15.38,3.53,8.01,0.32,2.88,6.09,15.38,4.49,4.17,13.14,10.9,7.37,4.81,0.96,23.4,6.73,9.94,9.62,8.65,0,0.96,23.08,3.21,7.37,0.96,1.28,1.92,1.6,0,1.28,5.45,3.85,1.6,2.24,0.64,16.99,3.21,0.64,1.28,14.1,0.64,4.81,4.17,0.32,3.21,11.54,10.26,3.85,7.37,2.88,8.65,4.17,1.92,1.92,"Center"
"Youtube/1609.mp3","Daniel Theis","daniel theis",2020-09-25,2020,"2019-10-22","2020-10-11",28.476386036961,80,245,NA,NA,NA,"2017-10-18",2017,FALSE,"C",144,27,1,"Injury/Illness - Right Index Finger; Sprain","finger","sprain",231,35,310,18.5,98.81,42.63,55.37,10,11.94,92.9,81.61,62.9,21.61,15.48,3.55,8.06,0.32,2.9,6.13,15.48,4.52,4.19,12.9,10.97,7.42,4.84,0.97,23.23,6.77,10,9.68,8.71,0,0.97,22.9,3.23,7.1,0.65,1.29,1.94,1.61,0,1.29,5.48,3.87,1.61,2.26,0.65,17.1,3.23,0.65,1.29,14.19,0.65,4.84,4.19,0.32,3.23,10.97,10.32,3.87,7.42,2.9,8.71,4.19,1.94,1.94,"Center"
"Youtube/2351.mp3","Daniel Theis","daniel theis",2023-04-10,2023,"2022-10-18","2023-06-12",31.0143737166324,80,245,NA,NA,NA,"2017-10-18",2017,FALSE,"C",363,57,1,"Injury/Illness - Left Thumb; Sprain","thumb","sprain",54,1,1669,28.11,69.37,74.51,81.98,15.45,10.43,94.07,81.67,64.59,18.81,13.54,5.21,1.86,1.92,1.62,5.27,13.24,5.93,1.74,15.4,9.17,7.61,8.87,1.08,18.99,7.13,6.89,6.11,3.65,2.1,0.9,24.57,2.22,9.83,2.46,1.08,1.56,1.68,0.3,3.42,5.33,4.67,0.6,1.14,0.78,14.56,4.31,1.38,1.98,11.02,3.48,4.19,2.76,0.9,1.5,10.96,9.65,2.1,6.77,5.93,5.57,4.97,1.68,1.08,"Center"
"Youtube/2599.mp3","Daniel Theis","daniel theis",2023-04-10,2023,"2022-10-18","2023-06-12",31.0143737166324,80,245,NA,NA,NA,"2017-10-18",2017,FALSE,"C",363,57,1,"Injury/Illness - Left Thumb; Sprain","thumb","sprain",54,1,1673,27.65,69.95,74.55,81.87,15.93,10.4,94.02,81.65,64.55,18.83,13.57,5.2,1.85,1.97,1.61,5.26,13.15,5.86,1.73,15.36,9.21,7.59,8.91,1.08,19.07,7.11,6.87,6.1,3.65,2.09,0.9,24.69,2.21,9.86,2.51,1.08,1.55,1.67,0.3,3.41,5.32,4.66,0.6,1.14,0.78,14.58,4.3,1.37,1.97,11.06,3.47,4.18,2.75,0.9,1.49,10.94,9.62,2.09,6.75,5.92,5.68,4.96,1.67,1.08,"Center"
"Youtube/2895.mp3","Daniel Theis","daniel theis",2023-04-10,2023,"2022-10-18","2023-06-12",31.0143737166324,80,245,NA,NA,NA,"2017-10-18",2017,FALSE,"C",363,57,1,"Injury/Illness - Left Thumb; Sprain","thumb","sprain",54,1,1673,27.95,69.95,74.55,81.87,15.78,10.4,94.02,81.65,64.55,18.83,13.57,5.2,1.85,1.97,1.61,5.26,13.21,5.92,1.73,15.36,9.21,7.59,8.85,1.08,19.07,7.11,6.87,6.1,3.65,2.09,0.9,24.63,2.21,9.86,2.51,1.08,1.55,1.67,0.3,3.41,5.32,4.66,0.6,1.14,0.78,14.58,4.3,1.37,1.97,11.06,3.47,4.18,2.75,0.9,1.49,11,9.62,2.09,6.75,5.92,5.62,4.96,1.67,1.08,"Center"
"Youtube/4773.mp3","Daniel Theis","daniel theis",2023-04-10,2023,"2022-10-18","2023-06-12",31.0143737166324,80,245,NA,NA,NA,"2017-10-18",2017,FALSE,"C",363,57,1,"Injury/Illness - Left Thumb; Sprain","thumb","sprain",54,1,1671,27.58,69.34,74.35,81.93,15.91,10.41,94.08,81.69,64.63,18.79,13.52,5.21,1.86,1.92,1.62,5.27,13.17,5.86,1.74,15.38,9.28,7.6,8.92,1.08,19.09,7.12,6.88,6.1,3.65,2.09,0.9,24.72,2.21,9.81,2.45,1.08,1.56,1.68,0.3,3.41,5.33,4.67,0.6,1.14,0.78,14.54,4.31,1.38,1.97,11.01,3.47,4.19,2.75,0.9,1.5,10.89,9.63,2.09,6.76,5.92,5.75,4.97,1.68,1.08,"Center"
"Youtube/5189.mp3","Daniel Theis","daniel theis",2020-09-25,2020,"2019-10-22","2020-10-11",28.476386036961,80,245,NA,NA,NA,"2017-10-18",2017,FALSE,"C",144,27,1,"Injury/Illness - Right Index Finger; Sprain","finger","sprain",231,35,310,19.84,98.81,38.08,55.37,11.07,11.61,92.9,81.29,62.9,21.29,15.16,3.55,8.06,0.65,2.26,6.13,15.81,4.52,4.19,13.23,10.97,7.42,4.84,0.97,22.9,6.77,10,9.68,8.71,0,0.97,22.9,3.23,7.1,0.65,1.29,1.94,1.61,0,1.29,5.48,3.87,1.61,2.26,0.65,16.77,3.23,0.65,1.29,13.87,0.65,4.84,4.19,0.32,3.23,11.29,10.32,3.55,7.1,2.9,8.71,4.19,1.94,1.94,"Center"
"Youtube/6016.mp3","Daniel Theis","daniel theis",2020-09-25,2020,"2019-10-22","2020-10-11",28.476386036961,80,245,NA,NA,NA,"2017-10-18",2017,FALSE,"C",144,27,1,"Injury/Illness - Right Index Finger; Sprain","finger","sprain",231,35,312,19.54,98.75,44.14,55.12,10.76,11.86,92.95,81.73,62.82,21.47,15.38,3.53,8.01,0.32,2.88,6.09,15.38,4.49,4.17,13.14,10.9,7.37,4.81,0.96,23.4,6.73,9.94,9.62,8.65,0,0.96,23.08,3.21,7.37,0.96,1.28,1.92,1.6,0,1.28,5.45,3.85,1.6,2.24,0.64,16.99,3.21,0.64,1.28,14.1,0.64,4.81,4.17,0.32,3.21,11.54,10.26,3.85,7.37,2.88,8.65,4.17,1.92,1.92,"Center"
"Youtube/6194.mp3","Daniel Theis","daniel theis",2023-04-10,2023,"2022-10-18","2023-06-12",31.0143737166324,80,245,NA,NA,NA,"2017-10-18",2017,FALSE,"C",363,57,1,"Injury/Illness - Left Thumb; Sprain","thumb","sprain",54,1,1675,27.73,69.6,74.05,81.81,15.8,10.39,94.03,81.73,64.72,18.81,13.49,5.19,1.85,1.91,1.61,5.31,13.25,5.91,1.73,15.4,9.31,7.58,8.9,1.07,19.1,7.1,6.87,6.09,3.64,2.09,0.9,24.66,2.21,9.79,2.45,1.07,1.55,1.67,0.3,3.4,5.25,4.66,0.6,1.13,0.78,14.51,4.3,1.37,1.97,10.99,3.46,4.18,2.75,0.9,1.49,10.93,9.61,2.09,6.75,5.91,5.73,4.96,1.67,1.07,"Center"
"Youtube/6262.mp3","Daniel Theis","daniel theis",2023-04-10,2023,"2022-10-18","2023-06-12",31.0143737166324,80,245,NA,NA,NA,"2017-10-18",2017,FALSE,"C",363,57,1,"Injury/Illness - Left Thumb; Sprain","thumb","sprain",54,1,1673,27.65,69.95,74.55,81.87,15.93,10.4,94.02,81.65,64.55,18.83,13.57,5.2,1.85,1.97,1.61,5.26,13.15,5.86,1.73,15.36,9.21,7.59,8.91,1.08,19.07,7.11,6.87,6.1,3.65,2.09,0.9,24.69,2.21,9.86,2.51,1.08,1.55,1.67,0.3,3.41,5.32,4.66,0.6,1.14,0.78,14.58,4.3,1.37,1.97,11.06,3.47,4.18,2.75,0.9,1.49,10.94,9.62,2.09,6.75,5.92,5.68,4.96,1.67,1.08,"Center"
"22165","Klay Thompson","klay thompson",2022-06-13,2022,"2021-10-19","2022-06-16",32.3422313483915,77,220,2011,1,11,"2011-12-26",2011,TRUE,"G",655,152,1,"Injury/Illness - Right Knee; Tendonitis","knee","inflammation",167,52,61,2.45,59.57,87.98,99,20.33,4.92,95.08,80.33,67.21,18.03,13.11,3.28,6.56,3.28,0,4.92,6.56,4.92,1.64,11.48,18.03,6.56,13.11,3.28,26.23,6.56,1.64,6.56,6.56,0,0,39.34,1.64,21.31,6.56,0,1.64,4.92,0,9.84,9.84,9.84,0,3.28,3.28,11.48,1.64,0,0,9.84,0,3.28,3.28,0,1.64,18.03,4.92,0,1.64,4.92,6.56,9.84,4.92,0,"Guard"
"22165","Klay Thompson","klay thompson",2022-06-10,2022,"2021-10-19","2022-06-16",32.3340177960301,77,220,2011,1,11,"2011-12-26",2011,TRUE,"G",658,153,1,"Injury/Illness - Right Knee; Tendonitis","knee","inflammation",164,51,73,30.5,96.47,67.02,63.38,24.33,6.85,97.26,76.71,60.27,23.29,17.81,4.11,4.11,1.37,0,5.48,10.96,4.11,1.37,13.7,6.85,4.11,5.48,1.37,17.81,5.48,4.11,6.85,6.85,0,0,23.29,0,12.33,4.11,1.37,0,2.74,0,4.11,6.85,2.74,0,4.11,0,19.18,2.74,2.74,0,17.81,10.96,0,0,0,2.74,15.07,12.33,2.74,6.85,6.85,4.11,4.11,0,1.37,"Guard"
"22165","Klay Thompson","klay thompson",2022-06-09,2022,"2021-10-19","2022-06-16",32.331279945243,77,220,2011,1,11,"2011-12-26",2011,TRUE,"G",659,154,1,"Injury/Illness - Right Knee; Tendonitis","knee","inflammation",163,51,67,54.92,5.5,90.58,86.16,11.17,13.43,94.03,83.58,56.72,8.96,1.49,1.49,0,0,0,7.46,19.4,8.96,2.99,11.94,13.43,7.46,4.48,1.49,16.42,11.94,13.43,2.99,0,2.99,0,29.85,0,11.94,1.49,0,1.49,2.99,2.99,5.97,5.97,4.48,0,2.99,1.49,1.49,1.49,0,1.49,0,0,1.49,0,1.49,1.49,5.97,7.46,2.99,2.99,11.94,5.97,1.49,0,2.99,"Guard"
"22165","Klay Thompson","klay thompson",2022-06-08,2022,"2021-10-19","2022-06-16",32.3285420944559,77,220,2011,1,11,"2011-12-26",2011,TRUE,"G",660,154,1,"Injury/Illness - Right Knee; Tendonitis","knee","inflammation",162,50,76,10.79,87.2,18.39,61.63,19,11.84,96.05,81.58,68.42,15.79,10.53,2.63,5.26,2.63,0,5.26,18.42,7.89,3.95,7.89,15.79,9.21,6.58,1.32,25,9.21,7.89,7.89,5.26,2.63,0,28.95,0,19.74,2.63,7.89,3.95,1.32,1.32,2.63,5.26,3.95,1.32,0,0,7.89,0,0,0,7.89,0,3.95,2.63,1.32,1.32,10.53,6.58,2.63,5.26,1.32,5.26,3.95,2.63,0,"Guard"
"22165","Klay Thompson","klay thompson",2022-06-01,2022,"2021-10-19","2022-06-16",32.3093771389459,77,220,2011,1,11,"2011-12-26",2011,TRUE,"G",667,157,1,"Injury/Illness - Right Knee; Tendonitis","knee","inflammation",155,48,81,7.24,99,69.87,77.5,11.57,11.11,95.06,83.95,62.96,20.99,18.52,2.47,7.41,1.23,7.41,2.47,8.64,3.7,2.47,9.88,11.11,8.64,8.64,0,19.75,11.11,6.17,11.11,7.41,2.47,1.23,23.46,0,8.64,4.94,1.23,0,1.23,0,2.47,3.7,3.7,0,0,0,18.52,2.47,1.23,0,16.05,0,4.94,1.23,2.47,1.23,13.58,9.88,0,6.17,4.94,6.17,6.17,6.17,1.23,"Guard"
"22165","Klay Thompson","klay thompson",2022-05-18,2022,"2021-10-19","2022-06-16",32.2710472279261,77,220,2011,1,11,"2011-12-26",2011,TRUE,"G",681,161,1,"Injury/Illness - Right Knee; Tendonitis","knee","inflammation",141,43,71,16.18,56.87,85.48,40.95,23.67,14.08,88.73,73.24,57.75,16.9,9.86,4.23,5.63,0,0,7.04,8.45,2.82,1.41,11.27,8.45,8.45,7.04,2.82,18.31,5.63,7.04,9.86,7.04,2.82,0,29.58,1.41,16.9,2.82,2.82,0,5.63,2.82,2.82,4.23,2.82,1.41,0,0,7.04,1.41,1.41,0,7.04,0,1.41,0,1.41,0,5.63,8.45,4.23,4.23,5.63,5.63,4.23,2.82,0,"Guard"
"22165","Klay Thompson","klay thompson",2022-05-13,2022,"2021-10-19","2022-06-16",32.2573579739904,77,220,2011,1,11,"2011-12-26",2011,TRUE,"G",686,162,1,"Injury/Illness - Right Knee; Tendonitis","knee","inflammation",136,42,62,4.68,11.07,99,89.28,20.67,17.74,91.94,80.65,62.9,20.97,11.29,8.06,0,3.23,0,9.68,11.29,3.23,3.23,11.29,11.29,12.9,6.45,1.61,25.81,3.23,3.23,0,0,0,0,29.03,0,14.52,9.68,3.23,0,3.23,0,3.23,4.84,4.84,0,1.61,1.61,3.23,0,0,0,3.23,0,1.61,1.61,0,0,9.68,12.9,9.68,8.06,4.84,4.84,6.45,0,0,"Guard"
"22165","Klay Thompson","klay thompson",2022-05-07,2022,"2021-10-19","2022-06-16",32.2409308692676,77,220,2011,1,11,"2011-12-26",2011,TRUE,"G",692,165,1,"Injury/Illness - Right Knee; Tendonitis","knee","inflammation",130,39,75,28.63,14.57,72.01,7.99,12.5,6.67,94.67,72,60,16,13.33,6.67,2.67,0,0,2.67,14.67,8,0,14.67,14.67,4,5.33,6.67,24,5.33,1.33,8,4,2.67,1.33,29.33,1.33,16,2.67,2.67,2.67,4,0,5.33,6.67,2.67,4,2.67,0,13.33,2.67,0,1.33,10.67,4,4,4,0,0,14.67,13.33,1.33,10.67,1.33,2.67,10.67,2.67,0,"Guard"
"22165","Klay Thompson","klay thompson",2022-04-27,2022,"2021-10-19","2022-06-16",32.2135523613963,77,220,2011,1,11,"2011-12-26",2011,TRUE,"G",702,168,1,"Injury/Illness - Right Knee; Tendonitis","knee","inflammation",120,36,55,24.99,61.66,2.49,99,18.33,20,87.27,72.73,60,12.73,7.27,1.82,1.82,0,3.64,5.45,12.73,7.27,1.82,9.09,9.09,9.09,9.09,1.82,14.55,5.45,5.45,10.91,5.45,5.45,1.82,21.82,1.82,7.27,1.82,1.82,0,0,1.82,1.82,12.73,12.73,0,5.45,5.45,10.91,5.45,1.82,1.82,7.27,0,1.82,1.82,0,1.82,10.91,5.45,0,0,1.82,3.64,7.27,1.82,0,"Guard"
"22165","Klay Thompson","klay thompson",2022-04-16,2022,"2021-10-19","2022-06-16",32.1834360027378,77,220,2011,1,11,"2011-12-26",2011,TRUE,"G",713,172,1,"Injury/Illness - Right Knee; Tendonitis","knee","inflammation",109,32,60,8.11,84.23,1,90.5,8.57,10,86.67,76.67,61.67,20,13.33,0,5,0,0,6.67,15,6.67,0,8.33,16.67,6.67,1.67,5,25,5,5,10,5,5,0,31.67,1.67,16.67,1.67,3.33,3.33,3.33,0,5,6.67,5,0,3.33,1.67,15,1.67,0,1.67,13.33,8.33,6.67,0,3.33,1.67,6.67,6.67,0,5,1.67,0,10,0,1.67,"Guard"
"22165","Klay Thompson","klay thompson",2019-06-12,2019,"2018-12-20","2019-06-13",29.3388090349076,77,220,2011,1,11,"2011-12-26",2011,TRUE,"G",562,1,1,"Injury/Illness - Right Achilles Tendon; Repair","achilles","surgery",7,2,115,6.53,99,6.03,32.27,16.43,13.04,91.3,76.52,66.96,23.48,17.39,2.61,9.57,0,0.87,6.09,13.91,4.35,0,14.78,12.17,8.7,8.7,2.61,19.13,3.48,0.87,11.3,10.43,0.87,0.87,23.48,0.87,12.17,2.61,0.87,3.48,0.87,0.87,3.48,2.61,1.74,0.87,0.87,0.87,22.61,6.09,0.87,0,17.39,4.35,1.74,0.87,0.87,0,7.83,8.7,2.61,3.48,2.61,2.61,5.22,6.96,0,"Guard"
"22165","Klay Thompson","klay thompson",2019-06-10,2019,"2018-12-20","2019-06-13",29.3333333333333,77,220,2011,1,11,"2011-12-26",2011,TRUE,"G",564,1,1,"Injury/Illness - Right Achilles Tendon; Repair","achilles","surgery",5,1,64,26.1,75.49,15.38,6.65,12.8,4.69,96.88,82.81,65.63,21.88,12.5,3.13,1.56,0,0,9.38,17.19,6.25,3.13,17.19,9.38,7.81,6.25,3.13,18.75,7.81,3.13,7.81,1.56,6.25,1.56,20.31,3.13,9.38,3.13,0,1.56,0,1.56,1.56,7.81,3.13,4.69,3.13,1.56,12.5,0,0,0,12.5,10.94,1.56,1.56,0,0,9.38,10.94,3.13,7.81,3.13,1.56,7.81,0,0,"Guard"
"22165","Klay Thompson","klay thompson",2019-06-09,2019,"2018-12-20","2019-06-13",29.3305954825462,77,220,2011,1,11,"2011-12-26",2011,TRUE,"G",565,2,1,"Injury/Illness - Right Achilles Tendon; Repair","achilles","surgery",4,1,66,17.69,94.21,95.15,42.71,16.5,12.12,95.45,78.79,63.64,19.7,16.67,6.06,6.06,4.55,0,3.03,13.64,7.58,3.03,13.64,15.15,7.58,7.58,0,25.76,9.09,4.55,9.09,7.58,1.52,0,27.27,0,12.12,1.52,1.52,0,1.52,1.52,6.06,1.52,1.52,0,0,0,15.15,3.03,1.52,1.52,13.64,0,0,0,0,0,10.61,10.61,0,6.06,7.58,1.52,7.58,9.09,0,"Guard"
"22165","Klay Thompson","klay thompson",2019-06-07,2019,"2018-12-20","2019-06-13",29.3251197809719,77,220,2011,1,11,"2011-12-26",2011,TRUE,"G",567,2,1,"Injury/Illness - Right Achilles Tendon; Repair","achilles","surgery",2,0,50,19.3,63.73,75.94,50.98,25,8,94,76,64,12,4,2,0,2,0,8,16,8,0,12,10,16,8,2,20,2,6,6,2,4,2,28,4,10,4,2,0,4,0,0,2,2,0,0,0,6,2,2,0,6,2,2,0,2,0,8,6,2,6,8,2,6,2,0,"Guard"
"22165","Klay Thompson","klay thompson",2019-06-06,2019,"2018-12-20","2019-06-13",29.3223819301848,77,220,2011,1,11,"2011-12-26",2011,TRUE,"G",568,3,1,"Injury/Illness - Right Achilles Tendon; Repair","achilles","surgery",1,0,54,89.52,40.06,17.46,99,10.8,11.11,88.89,66.67,51.85,12.96,5.56,1.85,1.85,1.85,0,7.41,20.37,16.67,1.85,14.81,5.56,7.41,5.56,0,9.26,11.11,9.26,5.56,3.7,1.85,0,18.52,0,9.26,0,0,1.85,0,0,5.56,7.41,7.41,0,1.85,1.85,3.7,0,0,0,3.7,0,5.56,3.7,1.85,1.85,9.26,3.7,0,1.85,5.56,0,5.56,0,0,"Guard"
"22165","Klay Thompson","klay thompson",2019-06-01,2019,"2018-12-20","2019-06-13",29.3086926762491,77,220,2011,1,11,"2011-12-26",2011,TRUE,"G",4,1,1,"Injury/Illness - Left Hamstring Strain","hamstring","strain",161,64,100,19.3,99,28.56,98.42,14.29,18,92,74,65,22,13,0,1,8,0,9,14,3,1,17,7,11,7,1,12,4,2,9,3,5,1,19,1,12,1,0,2,5,2,1,7,7,0,2,2,17,2,2,0,17,3,5,2,3,0,9,14,2,12,3,0,5,0,0,"Guard"
"22165","Klay Thompson","klay thompson",2019-05-30,2019,"2018-12-20","2019-06-13",29.3032169746749,77,220,2011,1,11,"2011-12-26",2011,TRUE,"G",6,1,1,"Injury/Illness - Left Hamstring Strain","hamstring","strain",159,63,55,39.7,91.79,25.81,0,13.75,12.73,85.45,65.45,47.27,16.36,16.36,1.82,3.64,0,3.64,0,14.55,5.45,0,10.91,7.27,5.45,5.45,1.82,16.36,7.27,5.45,7.27,3.64,1.82,1.82,21.82,0,12.73,1.82,1.82,0,0,3.64,5.45,0,0,0,0,0,20,1.82,0,0,16.36,9.09,7.27,5.45,0,1.82,12.73,10.91,3.64,7.27,1.82,7.27,1.82,5.45,0,"Guard"
"22165","Klay Thompson","klay thompson",2019-05-29,2019,"2018-12-20","2019-06-13",29.3004791238877,77,220,2011,1,11,"2011-12-26",2011,TRUE,"G",7,2,1,"Injury/Illness - Left Hamstring Strain","hamstring","strain",158,63,79,22.37,47.57,56.26,38.56,11.29,22.78,96.2,81.01,72.15,20.25,11.39,3.8,1.27,0,6.33,8.86,25.32,6.33,3.8,15.19,13.92,6.33,6.33,1.27,16.46,6.33,12.66,7.59,1.27,1.27,5.06,25.32,1.27,12.66,3.8,0,3.8,0,1.27,2.53,3.8,2.53,1.27,1.27,0,8.86,1.27,0,1.27,7.59,0,0,0,0,0,5.06,6.33,0,6.33,6.33,1.27,7.59,1.27,0,"Guard"
"22165","Klay Thompson","klay thompson",2019-05-20,2019,"2018-12-20","2019-06-13",29.2758384668036,77,220,2011,1,11,"2011-12-26",2011,TRUE,"G",16,2,1,"Injury/Illness - Left Hamstring Strain","hamstring","strain",149,62,92,44.22,53.04,85.35,35.66,18.4,15.22,93.48,76.09,53.26,10.87,6.52,2.17,0,4.35,0,4.35,19.57,9.78,3.26,7.61,6.52,7.61,7.61,3.26,21.74,10.87,10.87,1.09,0,1.09,0,25,2.17,9.78,4.35,2.17,1.09,0,0,2.17,7.61,4.35,3.26,1.09,0,6.52,1.09,0,1.09,5.43,1.09,5.43,5.43,0,3.26,9.78,9.78,2.17,6.52,7.61,2.17,6.52,0,0,"Guard"
"22165","Klay Thompson","klay thompson",2019-05-18,2019,"2018-12-20","2019-06-13",29.2703627652293,77,220,2011,1,11,"2011-12-26",2011,TRUE,"G",18,3,1,"Injury/Illness - Left Hamstring Strain","hamstring","strain",147,61,81,23.88,75.13,14.73,77.5,13.5,12.35,87.65,79.01,64.2,16.05,11.11,2.47,1.23,1.23,0,4.94,13.58,6.17,3.7,14.81,9.88,9.88,9.88,1.23,17.28,7.41,7.41,6.17,1.23,3.7,1.23,19.75,2.47,6.17,0,2.47,0,1.23,0,1.23,6.17,4.94,1.23,0,0,9.88,1.23,0,0,8.64,6.17,2.47,2.47,0,1.23,9.88,8.64,2.47,6.17,6.17,2.47,7.41,0,0,"Guard"
"22165","Klay Thompson","klay thompson",2019-04-21,2019,"2018-12-20","2019-06-13",29.1964407939767,77,220,2011,1,11,"2011-12-26",2011,TRUE,"G",45,14,1,"Injury/Illness - Left Hamstring Strain","hamstring","strain",120,50,86,22,1,91.21,36.9,12.29,15.12,90.7,80.23,61.63,13.95,9.3,8.14,0,1.16,0,4.65,13.95,6.98,0,10.47,11.63,5.81,8.14,4.65,25.58,6.98,9.3,2.33,1.16,1.16,0,24.42,3.49,11.63,1.16,0,2.33,3.49,0,4.65,5.81,3.49,2.33,3.49,2.33,4.65,3.49,1.16,0,2.33,0,2.33,1.16,0,3.49,12.79,10.47,2.33,8.14,3.49,4.65,4.65,0,0,"Guard"
"22165","Klay Thompson","klay thompson",2023-05-04,2023,"2022-10-18","2023-06-12",33.2320328542094,77,220,2011,1,11,"2011-12-26",2011,TRUE,"G",330,73,1,"Injury/Illness - Right Knee; Tendonitis","knee","inflammation",492,131,79,28.5,86.06,7.36,78.69,19.75,18.99,87.34,73.42,59.49,20.25,15.19,2.53,2.53,0,0,5.06,12.66,6.33,0,15.19,8.86,3.8,10.13,2.53,17.72,7.59,1.27,6.33,2.53,2.53,1.27,12.66,0,5.06,2.53,0,2.53,0,0,1.27,6.33,5.06,1.27,3.8,3.8,13.92,1.27,0,1.27,12.66,10.13,3.8,1.27,2.53,0,6.33,16.46,3.8,8.86,3.8,2.53,3.8,0,0,"Guard"
"22165","Klay Thompson","klay thompson",2023-04-23,2023,"2022-10-18","2023-06-12",33.201916495551,77,220,2011,1,11,"2011-12-26",2011,TRUE,"G",341,78,1,"Injury/Illness - Right Knee; Tendonitis","knee","inflammation",481,126,71,4.16,99,61.43,99,17.75,8.45,95.77,73.24,57.75,21.13,16.9,2.82,12.68,0,0,4.23,12.68,5.63,0,8.45,14.08,7.04,8.45,2.82,19.72,5.63,8.45,21.13,16.9,4.23,1.41,29.58,5.63,8.45,1.41,1.41,0,0,1.41,4.23,8.45,8.45,0,1.41,1.41,19.72,4.23,1.41,0,15.49,1.41,2.82,2.82,0,1.41,12.68,7.04,1.41,5.63,4.23,5.63,7.04,5.63,2.82,"Guard"
"Youtube/4323.mp3","Klay Thompson","klay thompson",2022-05-18,2022,"2021-10-19","2022-06-16",32.2710472279261,77,220,2011,1,11,"2011-12-26",2011,TRUE,"G",681,161,1,"Injury/Illness - Right Knee; Tendonitis","knee","inflammation",141,43,727,8.51,44.95,71.1,87.95,11.73,9.77,92.43,77.72,60.66,20.36,15.54,6.74,2.89,1.24,0.83,4.81,13.48,5.23,1.51,9.63,11,7.02,8.25,2.89,20.5,7.84,5.64,8.25,3.99,3.44,0.96,28.61,2.2,12.1,3.71,0.96,1.79,1.79,1.24,3.71,7.43,5.91,1.24,2.48,1.65,12.1,2.75,1.24,0.55,10.04,3.44,3.03,1.24,1.51,1.24,9.9,7.57,1.51,4.54,6.19,4.13,6.46,2.61,1.1,"Guard"
"Youtube/6144.mp3","Klay Thompson","klay thompson",2022-05-13,2022,"2021-10-19","2022-06-16",32.2573579739904,77,220,2011,1,11,"2011-12-26",2011,TRUE,"G",686,162,1,"Injury/Illness - Right Knee; Tendonitis","knee","inflammation",136,42,978,10.61,87.8,51.33,89.82,12.07,12.68,92.94,78.83,65.03,21.78,15.13,4.81,4.09,1.84,0.51,6.65,14.93,6.03,2.25,12.47,12.47,8.38,7.36,1.53,19.53,6.13,5.83,7.57,5.01,1.64,1.02,26.69,1.53,11.15,3.68,1.53,1.43,1.12,1.23,2.35,5.73,5.21,0.31,2.04,1.74,14.21,2.45,0.61,0.51,12.17,4.09,2.86,1.84,0.82,1.02,10.33,8.38,2.04,5.62,5.01,4.29,7.87,1.64,1.43,"Guard"
"Youtube/2009.mp3","Xavier Tillman","xavier tillman",2021-01-18,2021,"2020-12-22","2021-07-20",22.0177960301164,80,245,2020,2,35,"2020-12-26",2020,FALSE,"F",1028,191,1,"Injury/Illness - Left Knee; Injury","knee","injury",17,7,678,8.69,72.32,70.53,44.54,10.59,8.85,95.58,83.19,64.75,23.45,14.16,5.31,2.65,3.98,1.62,9.29,14.31,4.57,2.06,12.39,12.39,6.34,7.37,1.92,23.89,5.31,5.01,5.6,3.1,1.33,1.33,29.2,2.06,14.6,5.31,0.59,2.51,2.21,0.59,3.54,3.69,2.65,1.03,1.33,0.74,13.72,3.83,0.88,1.77,9.73,0.74,1.33,0.74,0.59,1.47,12.09,5.9,0.88,4.13,5.01,5.31,5.31,3.1,2.65,"Forward"
"Youtube/2544.mp3","Xavier Tillman","xavier tillman",2021-04-02,2021,"2020-12-22","2021-07-20",22.2203969883641,80,245,2020,2,35,"2020-12-26",2020,FALSE,"F",954,163,1,"Injury/Illness - Left Knee; Injury","knee","injury",91,35,614,9.48,65.95,91.17,75.92,17.54,9.77,97.23,83.71,65.96,21.66,14.33,6.84,1.95,3.42,0.49,7.33,14.5,6.19,0.81,12.54,10.42,9.28,9.45,1.79,21.34,5.21,5.7,6.19,3.58,1.95,0.81,27.2,1.79,14.33,4.89,1.79,1.14,3.75,1.14,2.77,5.21,4.4,0.81,0.81,0.81,13.68,3.58,0.81,0.81,10.42,1.95,3.09,1.79,0.98,1.63,14.66,10.26,2.28,7.17,4.4,2.77,6.84,1.63,1.47,"Forward"
"Youtube/2828.mp3","Xavier Tillman","xavier tillman",2021-04-02,2021,"2020-12-22","2021-07-20",22.2203969883641,80,245,2020,2,35,"2020-12-26",2020,FALSE,"F",954,163,1,"Injury/Illness - Left Knee; Injury","knee","injury",91,35,614,9.48,65.95,91.17,75.92,17.54,9.77,97.23,83.71,65.96,21.66,14.33,6.84,1.95,3.42,0.49,7.33,14.5,6.19,0.81,12.54,10.42,9.28,9.45,1.79,21.34,5.21,5.7,6.19,3.58,1.95,0.81,27.2,1.79,14.33,4.89,1.79,1.14,3.75,1.14,2.77,5.21,4.4,0.81,0.81,0.81,13.68,3.58,0.81,0.81,10.42,1.95,3.09,1.79,0.98,1.63,14.66,10.26,2.28,7.17,4.4,2.77,6.84,1.63,1.47,"Forward"
"Youtube/3211.mp3","Xavier Tillman","xavier tillman",2021-04-02,2021,"2020-12-22","2021-07-20",22.2203969883641,80,245,2020,2,35,"2020-12-26",2020,FALSE,"F",954,163,1,"Injury/Illness - Left Knee; Injury","knee","injury",91,35,614,9.27,65.95,91.17,78.04,17.06,9.93,97.23,83.55,66.12,21.82,14.33,6.84,1.95,3.42,0.49,7.49,14.5,6.19,0.81,12.54,10.42,9.28,9.45,1.79,21.17,5.37,5.54,6.03,3.42,1.95,0.81,27.2,1.95,14.33,4.89,1.79,1.14,3.75,1.14,2.77,5.37,4.56,0.81,0.98,0.98,13.52,3.42,0.81,0.81,10.42,1.95,3.09,1.79,0.98,1.63,14.5,10.26,2.28,7.17,4.4,2.77,6.84,1.63,1.47,"Forward"
"Youtube/3564.mp3","Xavier Tillman","xavier tillman",2021-01-03,2021,"2020-12-22","2021-07-20",21.9767282683094,80,245,2020,2,35,"2020-12-26",2020,FALSE,"F",1043,198,1,"Injury/Illness - Left Knee; Injury","knee","injury",8,0,358,15.1,40.06,88.93,54.97,12.34,12.29,94.41,84.08,62.57,22.35,13.13,7.82,1.96,3.35,0,9.22,13.13,4.75,2.23,12.85,10.61,5.31,9.5,0,22.35,7.82,6.42,5.03,2.23,1.68,1.4,23.74,0.28,12.85,3.07,1.4,1.4,2.79,1.12,3.07,3.91,3.07,0.84,2.51,1.68,8.1,2.23,0,0.84,5.59,0,3.63,2.51,0.84,3.35,13.97,10.06,2.51,6.7,3.07,5.31,4.19,3.91,3.91,"Forward"
"Youtube/4045.mp3","Xavier Tillman","xavier tillman",2021-04-16,2021,"2020-12-22","2021-07-20",22.258726899384,80,245,2020,2,35,"2020-12-26",2020,FALSE,"F",940,155,1,"Injury/Illness - Left Knee; Injury","knee","injury",105,43,324,8.99,94.07,71.78,98.09,16.2,9.57,96.91,81.48,67.28,24.07,16.98,5.86,8.33,1.54,0,7.1,18.21,5.25,1.54,13.58,11.11,7.1,9.26,1.54,19.44,5.25,6.79,14.51,8.95,3.7,2.47,24.38,1.54,10.49,3.09,1.23,0.62,1.85,0.31,3.4,6.79,6.79,0,1.54,1.54,14.2,1.85,0.62,0.93,12.96,0.93,4.32,3.09,1.23,2.78,12.04,7.72,1.23,5.56,3.4,3.7,7.1,1.23,1.54,"Forward"
"Youtube/4077.mp3","Xavier Tillman","xavier tillman",2021-02-20,2021,"2020-12-22","2021-07-20",22.1081451060917,80,245,2020,2,35,"2020-12-26",2020,FALSE,"F",995,178,1,"Injury/Illness - Left Knee; Injury","knee","injury",50,20,658,12.46,85.91,42.1,83.95,12.9,9.27,93.62,81.61,64.29,21.88,15.5,5.17,1.82,2.43,2.28,6.38,12.92,4.86,0.76,14.89,12.31,8.05,8.97,0.3,21.43,6.53,5.93,5.02,2.89,1.98,0.3,23.71,1.06,10.49,3.04,1.98,1.22,2.13,1.06,2.74,4.86,4.56,0.3,1.98,1.82,13.98,1.98,1.06,0.3,12.77,4.56,1.98,1.37,0.3,1.98,13.22,9.12,3.04,5.17,2.74,4.41,8.05,1.22,1.52,"Forward"
"Youtube/4143.mp3","Xavier Tillman","xavier tillman",2021-04-16,2021,"2020-12-22","2021-07-20",22.258726899384,80,245,2020,2,35,"2020-12-26",2020,FALSE,"F",940,155,1,"Injury/Illness - Left Knee; Injury","knee","injury",105,43,317,9.23,94.51,70.8,98.33,18.65,9.78,97.16,81.39,66.88,24.61,17.35,5.99,8.52,1.58,0,7.26,17.98,5.05,1.58,13.88,10.73,6.62,9.46,1.58,19.24,5.36,6.62,14.83,9.15,3.79,2.52,23.97,1.26,10.73,3.15,1.26,0.63,1.89,0.32,3.47,6.94,6.94,0,1.58,1.58,14.51,1.89,0.63,0.95,13.25,0.95,4.42,3.15,1.26,2.84,12.3,7.26,1.26,5.05,3.47,3.79,6.62,1.26,1.58,"Forward"
"Youtube/4299.mp3","Xavier Tillman","xavier tillman",2021-01-18,2021,"2020-12-22","2021-07-20",22.0177960301164,80,245,2020,2,35,"2020-12-26",2020,FALSE,"F",1028,191,1,"Injury/Illness - Left Knee; Injury","knee","injury",17,7,685,9.49,74.22,71.01,44.25,10.54,8.76,95.33,82.92,64.38,23.21,14.16,5.26,2.63,4.09,1.61,9.05,14.01,4.53,2.04,12.55,12.26,6.28,7.3,1.9,23.8,5.26,4.96,5.55,3.07,1.31,1.31,28.91,2.04,14.6,5.4,0.58,2.48,2.19,0.58,3.5,3.65,2.63,1.02,1.31,0.73,14.01,3.94,0.88,1.9,9.93,0.88,1.31,0.73,0.58,1.46,12.41,5.99,0.88,4.23,4.96,5.11,5.26,3.07,2.77,"Forward"
"Youtube/5219.mp3","Xavier Tillman","xavier tillman",2021-01-03,2021,"2020-12-22","2021-07-20",21.9767282683094,80,245,2020,2,35,"2020-12-26",2020,FALSE,"F",1043,198,1,"Injury/Illness - Left Knee; Injury","knee","injury",8,0,359,14.76,40.06,87.7,54.86,12.82,12.53,94.43,84.12,62.67,22.28,13.09,7.8,1.95,3.34,0,9.19,13.09,4.74,2.23,12.81,10.86,5.29,9.47,0,22.56,7.8,6.41,5.01,2.23,1.67,1.39,23.96,0.28,13.09,3.06,1.39,1.67,2.79,1.11,3.06,3.9,3.06,0.84,2.51,1.67,8.08,2.23,0,0.84,5.57,0,3.62,2.51,0.84,3.34,13.93,10.03,2.51,6.69,3.06,5.57,4.18,3.9,3.9,"Forward"
"Youtube/5546.mp3","Xavier Tillman","xavier tillman",2021-02-20,2021,"2020-12-22","2021-07-20",22.1081451060917,80,245,2020,2,35,"2020-12-26",2020,FALSE,"F",995,178,1,"Injury/Illness - Left Knee; Injury","knee","injury",50,20,657,12.15,85.95,41.22,84.02,12.88,9.28,93.61,81.58,64.23,21.92,15.53,5.18,1.83,2.44,2.28,6.39,12.94,4.87,0.76,14.76,12.33,8.07,8.98,0.3,21.46,6.54,5.94,5.02,2.89,1.98,0.3,23.74,1.07,10.5,3.04,1.98,1.22,2.13,1.07,2.74,4.87,4.57,0.3,1.98,1.83,14,1.98,1.07,0.3,12.79,4.57,1.98,1.37,0.3,1.98,13.24,8.98,3.04,5.02,2.74,4.41,8.07,1.22,1.52,"Forward"
"Youtube/6074.mp3","Xavier Tillman","xavier tillman",2021-01-18,2021,"2020-12-22","2021-07-20",22.0177960301164,80,245,2020,2,35,"2020-12-26",2020,FALSE,"F",1028,191,1,"Injury/Illness - Left Knee; Injury","knee","injury",17,7,678,8.69,72.32,70.53,44.54,10.59,8.85,95.58,83.19,64.75,23.45,14.16,5.31,2.65,3.98,1.62,9.29,14.31,4.57,2.06,12.39,12.39,6.34,7.37,1.92,23.89,5.31,5.01,5.6,3.1,1.33,1.33,29.2,2.06,14.6,5.31,0.59,2.51,2.21,0.59,3.54,3.69,2.65,1.03,1.33,0.74,13.72,3.83,0.88,1.77,9.73,0.74,1.33,0.74,0.59,1.47,12.09,5.9,0.88,4.13,5.01,5.31,5.31,3.1,2.65,"Forward"
"Youtube/770.mp3","Xavier Tillman","xavier tillman",2021-04-16,2021,"2020-12-22","2021-07-20",22.258726899384,80,245,2020,2,35,"2020-12-26",2020,FALSE,"F",940,155,1,"Injury/Illness - Left Knee; Injury","knee","injury",105,43,324,8.99,94.07,73.65,98.09,14.73,9.57,96.91,81.48,67.28,24.07,16.98,5.86,8.33,1.54,0,7.1,18.21,5.25,1.54,13.58,11.11,7.1,9.26,1.54,19.44,5.25,6.79,14.51,8.95,3.7,2.47,24.38,1.54,10.19,3.09,1.23,0.31,1.85,0.31,3.4,6.79,6.79,0,1.54,1.54,14.2,1.85,0.62,0.93,12.96,0.93,4.32,3.09,1.23,2.78,12.04,7.72,1.23,5.56,3.4,4.01,7.1,1.23,1.54,"Forward"
"Youtube/9.mp3","Xavier Tillman","xavier tillman",2021-02-20,2021,"2020-12-22","2021-07-20",22.1081451060917,80,245,2020,2,35,"2020-12-26",2020,FALSE,"F",995,178,1,"Injury/Illness - Left Knee; Injury","knee","injury",50,20,657,12.38,85.43,42.28,84.02,13.14,9.28,93.61,81.74,64.38,21.92,15.53,5.18,1.83,2.44,2.28,6.39,12.94,4.87,0.76,14.92,12.33,8.07,8.98,0.3,21.46,6.54,5.94,4.87,2.74,1.98,0.3,23.74,1.07,10.5,3.04,1.98,1.22,2.13,1.07,2.74,4.87,4.57,0.3,1.98,1.83,13.85,1.98,1.07,0.3,12.63,4.57,1.98,1.37,0.3,1.98,13.24,9.13,3.04,5.18,2.74,4.41,8.07,1.22,1.52,"Forward"
"38278","Obi Toppin","obi toppin",2022-02-19,2022,"2021-10-19","2022-06-16",23.9644079397673,81,220,2020,1,8,"2020-12-24",2020,TRUE,"F",13,3,1,"Injury/Illness - Left Hamstring; strained","hamstring","strain",404,120,63,47.27,1,99,20.23,21,6.35,93.65,85.71,63.49,25.4,14.29,14.29,0,0,0,11.11,12.7,7.94,3.17,14.29,6.35,0,7.94,0,26.98,6.35,3.17,1.59,0,1.59,0,23.81,0,14.29,4.76,3.17,3.17,0,0,3.17,3.17,1.59,1.59,1.59,1.59,1.59,1.59,0,0,0,0,0,0,0,3.17,7.94,11.11,4.76,6.35,4.76,12.7,1.59,6.35,0,"Forward"
"38278","Obi Toppin","obi toppin",2021-03-07,2021,"2020-12-22","2021-07-20",23.0088980150582,81,220,2020,1,8,"2020-12-24",2020,TRUE,"F",362,97,1,"Injury/Illness - Left Hamstring; strained","hamstring","strain",55,26,73,26.97,1,21.11,20.23,14.6,4.11,93.15,89.04,73.97,21.92,15.07,12.33,0,0,0,6.85,24.66,6.85,8.22,15.07,13.7,2.74,5.48,2.74,26.03,6.85,10.96,2.74,0,2.74,0,24.66,4.11,10.96,2.74,1.37,4.11,1.37,0,2.74,2.74,1.37,1.37,0,0,4.11,1.37,0,1.37,2.74,2.74,0,0,0,5.48,10.96,4.11,0,1.37,1.37,9.59,5.48,0,0,"Forward"
"38278","Obi Toppin","obi toppin",2025-06-19,2025,"2024-10-22","2025-06-22",27.2936344969199,81,220,2020,1,8,"2020-12-24",2020,TRUE,"F",132,4,1,"Injury/Illness - Right Foot; Stress Reaction","foot","stress reaction",172,70,57,67.62,90.88,14.46,74.93,11.4,3.51,94.74,75.44,63.16,19.3,8.77,0,1.75,0,0,10.53,19.3,12.28,0,14.04,8.77,1.75,5.26,1.75,17.54,3.51,1.75,1.75,1.75,0,0,15.79,1.75,1.75,0,0,0,1.75,0,0,5.26,3.51,0,3.51,1.75,14.04,3.51,0,0,10.53,7.02,8.77,8.77,0,1.75,10.53,15.79,5.26,10.53,3.51,5.26,8.77,1.75,0,"Forward"
"38278","Obi Toppin","obi toppin",2025-06-07,2025,"2024-10-22","2025-06-22",27.2607802874743,81,220,2020,1,8,"2020-12-24",2020,TRUE,"F",144,9,1,"Injury/Illness - Right Foot; Stress Reaction","foot","stress reaction",160,66,53,27.3,99,41.82,99,17.67,3.77,100,83.02,62.26,15.09,11.32,0,9.43,1.89,0,3.77,16.98,7.55,5.66,11.32,7.55,9.43,11.32,0,20.75,11.32,9.43,11.32,9.43,1.89,0,22.64,0,3.77,1.89,0,0,0,0,1.89,7.55,7.55,0,3.77,3.77,15.09,3.77,0,1.89,11.32,0,7.55,7.55,0,5.66,16.98,3.77,1.89,3.77,7.55,5.66,7.55,3.77,1.89,"Forward"
"Youtube/4144.mp3","Obi Toppin","obi toppin",2023-04-29,2023,"2022-10-18","2023-06-12",25.1526351813826,81,220,2020,1,8,"2020-12-24",2020,TRUE,"F",561,115,1,"Injury/Illness - Left Ankle; Sprain","ankle","sprain",117,47,743,13.09,46.43,97.33,76.59,9.53,9.29,95.42,81.83,66.35,20.86,13.73,7.13,4.71,0.13,0.94,7.13,11.31,6.06,1.08,15.75,12.25,10.77,7.81,1.48,20.73,5.25,3.63,6.86,4.85,1.35,0.67,28.4,2.29,10.9,4.31,0.4,0.81,1.08,1.21,2.96,5.92,4.58,0.94,2.15,1.48,9.69,1.62,0.13,0.4,7.81,0.4,3.36,1.88,1.21,1.48,16.69,13.06,0.81,8.75,6.06,3.23,9.56,2.56,4.44,"Forward"
"Youtube/629.mp3","Obi Toppin","obi toppin",2023-04-29,2023,"2022-10-18","2023-06-12",25.1526351813826,81,220,2020,1,8,"2020-12-24",2020,TRUE,"F",561,115,1,"Injury/Illness - Left Ankle; Sprain","ankle","sprain",117,47,745,13,45.62,97.25,76.46,9.43,9.26,95.44,81.88,66.44,20.81,13.69,7.11,4.7,0.13,0.94,7.11,11.54,6.31,1.07,15.57,12.21,10.87,7.92,1.48,20.67,5.23,3.62,6.85,4.83,1.34,0.67,28.46,2.28,11.01,4.3,0.4,0.81,1.07,1.21,3.09,5.91,4.56,0.94,2.15,1.48,9.66,1.61,0.13,0.4,7.79,0.4,3.36,1.88,1.21,1.48,16.78,12.89,0.81,8.59,6.04,3.22,9.53,2.55,4.43,"Forward"
"40458","Juan Toscano-Anderson","juan toscanoanderson",2022-02-19,2022,"2021-10-19","2022-06-16",28.8624229979466,78,209,NA,NA,NA,"2020-02-09",2019,FALSE,"F",251,35,1,"Injury/Illness - Left Ankle; Sprain","ankle","sprain",304,71,70,18.12,6.16,94.92,41.28,11.67,21.43,91.43,81.43,65.71,20,10,8.57,1.43,0,0,10,14.29,10,0,14.29,17.14,8.57,5.71,1.43,22.86,5.71,4.29,2.86,1.43,1.43,1.43,32.86,1.43,15.71,2.86,2.86,0,4.29,1.43,4.29,1.43,1.43,0,1.43,1.43,5.71,1.43,0,1.43,4.29,1.43,4.29,2.86,1.43,0,2.86,8.57,1.43,5.71,4.29,7.14,8.57,1.43,0,"Forward"
"28595","Karl-Anthony Towns","karlanthony towns",2022-02-19,2022,"2021-10-19","2022-06-16",26.2642026009582,84,248,2015,1,1,"2015-10-29",2015,TRUE,"C",284,51,1,"Injury/Illness - Right Calf; Strain","calf","strain",78,30,75,19.3,1,99,20.23,18.75,16,88,77.33,60,22.67,16,16,0,0,0,6.67,17.33,4,2.67,13.33,5.33,4,12,1.33,17.33,8,6.67,1.33,0,1.33,0,24,0,18.67,5.33,4,1.33,1.33,0,6.67,2.67,1.33,1.33,0,0,1.33,1.33,0,0,0,0,5.33,2.67,2.67,2.67,5.33,4,1.33,1.33,4,6.67,1.33,0,0,"Center"
"28595","Karl-Anthony Towns","karlanthony towns",2019-02-16,2019,"2018-12-20","2019-06-13",23.2553045859001,84,248,2015,1,1,"2015-10-29",2015,TRUE,"C",6,1,1,"Injury/Illness - Concussion Protocol","head","concussion",57,26,58,13.62,70.12,21.61,91.69,14.5,13.79,96.55,79.31,65.52,22.41,8.62,5.17,0,3.45,0,13.79,13.79,3.45,0,15.52,13.79,6.9,6.9,0,22.41,5.17,5.17,8.62,3.45,3.45,1.72,18.97,1.72,3.45,1.72,1.72,0,0,0,0,6.9,5.17,0,5.17,3.45,6.9,0,0,0,6.9,0,0,0,0,3.45,15.52,1.72,1.72,1.72,3.45,13.79,1.72,0,0,"Center"
"28595","Karl-Anthony Towns","karlanthony towns",2024-02-18,2024,"2023-10-24","2024-06-17",28.2600958247776,84,248,2015,1,1,"2015-10-29",2015,TRUE,"C",19,6,1,"Injury/Illness - Left Meniscus; Tear","knee","tear",328,67,97,53.32,52.36,91.75,91.57,32.33,17.53,95.88,75.26,64.95,15.46,7.22,4.12,0,3.09,0,8.25,17.53,7.22,1.03,16.49,9.28,4.12,10.31,0,16.49,4.12,6.19,7.22,2.06,5.15,0,19.59,2.06,6.19,3.09,1.03,1.03,0,0,0,7.22,6.19,1.03,5.15,5.15,6.19,2.06,1.03,0,3.09,0,2.06,0,1.03,0,8.25,12.37,0,12.37,7.22,5.15,2.06,0,0,"Center"
"28595","Karl-Anthony Towns","karlanthony towns",2024-02-17,2024,"2023-10-24","2024-06-17",28.2573579739904,84,248,2015,1,1,"2015-10-29",2015,TRUE,"C",20,7,1,"Injury/Illness - Left Meniscus; Tear","knee","tear",327,67,77,5.5,1,99,20.23,7,6.49,92.21,80.52,61.04,23.38,15.58,12.99,0,1.3,0,7.79,12.99,6.49,6.49,6.49,7.79,6.49,6.49,6.49,24.68,1.3,5.19,0,0,0,0,33.77,2.6,16.88,7.79,3.9,0,2.6,0,5.19,5.19,2.6,2.6,2.6,0,2.6,0,0,0,2.6,1.3,2.6,0,1.3,1.3,11.69,7.79,0,2.6,3.9,6.49,7.79,0,0,"Center"
"28595","Karl-Anthony Towns","karlanthony towns",2026-02-15,2026,"2025-10-21","2026-06-13",30.2532511978097,84,248,2015,1,1,"2015-10-29",2015,TRUE,"C",47,21,1,"Injury/Illness - Right Elbow; Right Elbow Impingement","elbow","impingement",9,3,51,4.31,29.21,21.25,95.42,12.75,15.69,94.12,78.43,66.67,29.41,9.8,7.84,1.96,0,0,19.61,23.53,3.92,1.96,15.69,23.53,5.88,0,0,25.49,5.88,5.88,9.8,3.92,5.88,0,23.53,0,5.88,0,0,0,1.96,0,1.96,5.88,5.88,0,1.96,1.96,11.76,1.96,0,0,5.88,1.96,1.96,1.96,0,0,7.84,3.92,0,3.92,0,5.88,11.76,0,1.96,"Center"
"28595","Karl-Anthony Towns","karlanthony towns",2025-02-16,2025,"2024-10-22","2025-06-22",29.2566735112936,84,248,2015,1,1,"2015-10-29",2015,TRUE,"C",10,3,1,"Injury/Illness - Left Knee; Patellar Tendonopathy","knee","tendinopathy",30,11,54,49.68,40.06,77.17,93.93,18,14.81,90.74,62.96,55.56,14.81,11.11,7.41,0,0,3.7,3.7,14.81,7.41,0,12.96,5.56,7.41,9.26,0,11.11,5.56,3.7,9.26,5.56,0,3.7,5.56,0,1.85,0,0,0,0,1.85,0,5.56,5.56,0,1.85,1.85,12.96,7.41,1.85,0,7.41,0,11.11,0,3.7,0,11.11,12.96,1.85,12.96,0,0,3.7,0,0,"Center"
"28595","Karl-Anthony Towns","karlanthony towns",2026-06-08,2026,"2025-10-21","2026-06-13",30.5626283367556,84,248,2015,1,1,"2015-10-29",2015,TRUE,"C",5,2,0,NA,NA,NA,66,19,70,21.11,65.33,72.58,7.42,8.75,12.86,92.86,78.57,64.29,18.57,10,0,7.14,2.86,0,8.57,14.29,11.43,2.86,12.86,20,4.29,1.43,7.14,31.43,4.29,1.43,14.29,7.14,5.71,1.43,27.14,0,17.14,4.29,2.86,0,1.43,0,8.57,4.29,1.43,2.86,0,0,10,0,0,0,10,0,8.57,4.29,2.86,1.43,1.43,10,1.43,7.14,0,10,7.14,5.71,0,"Center"
"28595","Karl-Anthony Towns","karlanthony towns",2026-06-03,2026,"2025-10-21","2026-06-13",30.54893908282,84,248,2015,1,1,"2015-10-29",2015,TRUE,"C",10,4,0,NA,NA,NA,61,17,70,43.94,48.55,99,41.28,14,12.86,95.71,74.29,55.71,15.71,5.71,2.86,2.86,0,0,10,15.71,5.71,0,11.43,7.14,7.14,5.71,0,15.71,7.14,12.86,8.57,8.57,0,0,31.43,0,12.86,1.43,1.43,0,4.29,1.43,4.29,1.43,1.43,0,0,0,7.14,4.29,4.29,0,5.71,0,0,0,0,1.43,10,10,2.86,7.14,14.29,4.29,4.29,0,0,"Center"
"13721","P.J. Tucker","pj tucker",2022-05-27,2022,"2021-10-19","2022-06-16",37.0595482546201,77,245,2006,2,35,"2006-11-02",2006,FALSE,"PF",283,62,1,"Injury/Illness - Back; Spasms","back","spasm",47,16,50,57.7,99,49.13,20.23,8.33,12,92,74,62,20,14,0,14,0,0,6,18,6,2,20,14,4,0,2,22,2,8,16,14,2,0,24,2,10,0,2,2,0,0,2,6,2,2,4,2,16,0,0,0,16,2,4,2,0,2,10,12,2,12,4,4,4,0,0,"Forward"
"13721","P.J. Tucker","pj tucker",2022-05-21,2022,"2021-10-19","2022-06-16",37.0431211498973,77,245,2006,2,35,"2006-11-02",2006,FALSE,"PF",289,65,1,"Injury/Illness - Back; Spasms","back","spasm",41,13,84,53.29,99,1.43,8.95,12,15.48,90.48,73.81,61.9,19.05,11.9,0,2.38,2.38,0,7.14,14.29,8.33,0,16.67,9.52,5.95,5.95,0,20.24,4.76,2.38,8.33,4.76,1.19,2.38,19.05,4.76,7.14,0,3.57,1.19,0,0,2.38,5.95,2.38,3.57,2.38,0,22.62,5.95,2.38,0,17.86,7.14,1.19,1.19,0,5.95,7.14,11.9,0,10.71,1.19,2.38,5.95,0,0,"Forward"
"13721","P.J. Tucker","pj tucker",2022-05-17,2022,"2021-10-19","2022-06-16",37.0321697467488,77,245,2006,2,35,"2006-11-02",2006,FALSE,"PF",293,67,1,"Injury/Illness - Back; Spasms","back","spasm",37,11,63,33.38,99,56.69,1.48,10.5,7.94,100,93.65,66.67,25.4,14.29,0,9.52,0,4.76,11.11,12.7,6.35,3.17,15.87,6.35,6.35,6.35,0,20.63,17.46,11.11,11.11,11.11,0,0,20.63,1.59,6.35,3.17,0,1.59,1.59,0,0,3.17,0,3.17,3.17,0,19.05,4.76,1.59,0,15.87,0,0,0,0,11.11,11.11,14.29,3.17,9.52,4.76,9.52,3.17,0,0,"Forward"
"13721","P.J. Tucker","pj tucker",2021-07-20,2021,"2020-12-22","2021-07-20",36.208076659822,77,245,2006,2,35,"2006-11-02",2006,FALSE,"PF",154,31,1,"Injury/Illness - Left Lower Leg; Nerve Inflammation","lower leg","inflammation",100,39,77,1,2.24,95.15,2.61,11,10.39,96.1,87.01,75.32,29.87,14.29,11.69,0,2.6,0,15.58,11.69,3.9,3.9,12.99,15.58,10.39,6.49,2.6,27.27,1.3,7.79,0,0,0,0,36.36,0,16.88,3.9,0,2.6,3.9,3.9,5.19,2.6,0,2.6,0,0,9.09,3.9,0,3.9,5.19,1.3,0,0,0,0,12.99,2.6,0,2.6,6.49,6.49,11.69,5.19,0,"Forward"
"13721","P.J. Tucker","pj tucker",2021-07-16,2021,"2020-12-22","2021-07-20",36.1971252566735,77,245,2006,2,35,"2006-11-02",2006,FALSE,"PF",158,33,1,"Injury/Illness - Left Lower Leg; Nerve Inflammation","lower leg","inflammation",96,38,52,74.95,81.78,19.9,49.66,17.33,17.31,92.31,76.92,63.46,13.46,5.77,0,5.77,0,0,7.69,15.38,9.62,3.85,17.31,5.77,9.62,5.77,0,9.62,11.54,9.62,7.69,5.77,1.92,0,13.46,0,11.54,0,1.92,1.92,1.92,1.92,3.85,5.77,3.85,1.92,0,0,5.77,0,0,0,5.77,0,5.77,5.77,0,0,1.92,7.69,0,7.69,3.85,1.92,0,0,0,"Forward"
"13721","P.J. Tucker","pj tucker",2021-07-13,2021,"2020-12-22","2021-07-20",36.1889117043121,77,245,2006,2,35,"2006-11-02",2006,FALSE,"PF",161,34,1,"Injury/Illness - Left Lower Leg; Nerve Inflammation","lower leg","inflammation",93,37,80,29.27,15.75,99,20.23,20,15,90,77.5,62.5,12.5,5,0,1.25,0,0,7.5,18.75,12.5,1.25,11.25,12.5,10,8.75,3.75,20,8.75,3.75,5,1.25,0,3.75,32.5,5,15,5,1.25,0,1.25,0,8.75,2.5,1.25,1.25,0,0,6.25,0,0,0,6.25,0,0,0,0,0,5,15,2.5,12.5,3.75,0,12.5,1.25,0,"Forward"
"13721","P.J. Tucker","pj tucker",2021-07-10,2021,"2020-12-22","2021-07-20",36.1806981519507,77,245,2006,2,35,"2006-11-02",2006,FALSE,"PF",164,35,1,"Injury/Illness - Left Lower Leg; Nerve Inflammation","lower leg","inflammation",90,36,58,24.02,85.25,67.94,46.24,29,8.62,96.55,75.86,56.9,18.97,10.34,1.72,6.9,0,1.72,8.62,15.52,6.9,0,10.34,12.07,3.45,6.9,1.72,24.14,5.17,13.79,10.34,6.9,1.72,1.72,32.76,3.45,17.24,5.17,6.9,0,3.45,3.45,3.45,1.72,1.72,0,0,0,8.62,0,0,0,8.62,0,10.34,8.62,1.72,0,12.07,6.9,3.45,3.45,3.45,1.72,8.62,3.45,0,"Forward"
"13721","P.J. Tucker","pj tucker",2021-07-03,2021,"2020-12-22","2021-07-20",36.1615331964408,77,245,2006,2,35,"2006-11-02",2006,FALSE,"PF",171,37,1,"Injury/Illness - Left Lower Leg; Nerve Inflammation","lower leg","inflammation",83,33,51,7.78,1,99,0,12.75,13.73,92.16,86.27,72.55,21.57,9.8,7.84,1.96,0,0,11.76,9.8,3.92,0,15.69,15.69,9.8,3.92,3.92,25.49,5.88,0,1.96,1.96,0,0,31.37,0,17.65,1.96,0,1.96,1.96,5.88,7.84,0,0,0,0,0,1.96,0,0,0,1.96,0,0,0,0,0,7.84,11.76,0,7.84,7.84,9.8,3.92,0,0,"Forward"
"13721","P.J. Tucker","pj tucker",2021-06-29,2021,"2020-12-22","2021-07-20",36.1505817932923,77,245,2006,2,35,"2006-11-02",2006,FALSE,"PF",175,39,1,"Injury/Illness - Left Lower Leg; Nerve Inflammation","lower leg","inflammation",79,31,65,4.85,58.38,88.07,20.23,8.13,21.54,95.38,73.85,60,23.08,6.15,0,0,4.62,0,16.92,7.69,3.08,0,12.31,13.85,4.62,4.62,7.69,23.08,7.69,0,4.62,0,4.62,0,36.92,7.69,15.38,0,1.54,0,3.08,0,9.23,15.38,7.69,7.69,4.62,3.08,20,3.08,0,0,15.38,1.54,6.15,3.08,3.08,1.54,10.77,15.38,3.08,10.77,1.54,1.54,12.31,3.08,0,"Forward"
"13721","P.J. Tucker","pj tucker",2021-06-28,2021,"2020-12-22","2021-07-20",36.1478439425051,77,245,2006,2,35,"2006-11-02",2006,FALSE,"PF",176,40,1,"Injury/Illness - Left Lower Leg; Nerve Inflammation","lower leg","inflammation",78,31,79,17.06,75.86,22.32,99,26.33,11.39,94.94,75.95,62.03,20.25,7.59,2.53,0,0,5.06,12.66,18.99,3.8,2.53,11.39,11.39,8.86,3.8,0,18.99,3.8,11.39,16.46,5.06,11.39,1.27,35.44,7.59,16.46,3.8,1.27,3.8,0,3.8,2.53,7.59,7.59,0,0,0,12.66,5.06,3.8,1.27,11.39,0,2.53,1.27,1.27,0,8.86,6.33,2.53,3.8,2.53,0,8.86,0,1.27,"Forward"
"26458","Fred VanVleet","fred vanvleet",2019-06-13,2019,"2018-12-20","2019-06-13",25.2950034223135,72,197,NA,NA,NA,"2016-10-26",2016,TRUE,"G",179,22,1,"Injury/Illness - Right Knee; Contusion","knee","contusion",91,36,67,2.16,40.06,37.86,86.16,11.17,8.96,97.01,82.09,65.67,26.87,11.94,5.97,0,5.97,0,14.93,16.42,7.46,0,8.96,8.96,11.94,8.96,2.99,20.9,5.97,1.49,2.99,2.99,0,0,22.39,0,11.94,0,0,2.99,1.49,2.99,4.48,5.97,4.48,0,0,0,17.91,7.46,0,4.48,8.96,1.49,1.49,0,0,1.49,11.94,5.97,2.99,4.48,1.49,1.49,7.46,1.49,0,"Guard"
"26458","Fred VanVleet","fred vanvleet",2019-06-12,2019,"2018-12-20","2019-06-13",25.2922655715264,72,197,NA,NA,NA,"2016-10-26",2016,TRUE,"G",180,23,1,"Injury/Illness - Right Knee; Contusion","knee","contusion",90,36,78,16.35,93.13,30.98,38.83,19.5,7.69,94.87,80.77,60.26,11.54,7.69,0,1.28,3.85,2.56,3.85,12.82,5.13,1.28,11.54,6.41,15.38,11.54,1.28,21.79,3.85,3.85,5.13,1.28,2.56,1.28,20.51,0,14.1,2.56,2.56,2.56,1.28,2.56,1.28,6.41,3.85,2.56,0,0,8.97,0,0,0,8.97,1.28,6.41,2.56,2.56,5.13,10.26,12.82,2.56,10.26,1.28,1.28,2.56,3.85,0,"Guard"
"26458","Fred VanVleet","fred vanvleet",2019-06-09,2019,"2018-12-20","2019-06-13",25.284052019165,72,197,NA,NA,NA,"2016-10-26",2016,TRUE,"G",183,24,1,"Injury/Illness - Right Knee; Contusion","knee","contusion",87,35,77,13.4,15.05,88.28,20.23,19.25,12.99,96.1,80.52,63.64,19.48,14.29,10.39,0,3.9,0,5.19,10.39,7.79,0,11.69,10.39,6.49,14.29,0,24.68,3.9,3.9,1.3,0,1.3,0,25.97,1.3,12.99,1.3,0,3.9,2.6,0,3.9,2.6,1.3,1.3,1.3,0,5.19,0,0,0,5.19,0,5.19,2.6,0,1.3,6.49,7.79,2.6,6.49,3.9,2.6,6.49,5.19,0,"Guard"
"26458","Fred VanVleet","fred vanvleet",2019-06-06,2019,"2018-12-20","2019-06-13",25.2758384668036,72,197,NA,NA,NA,"2016-10-26",2016,TRUE,"G",186,25,1,"Injury/Illness - Right Knee; Contusion","knee","contusion",84,34,55,86.82,21.2,63.35,47.86,27.5,20,83.64,72.73,54.55,9.09,1.82,1.82,0,0,0,7.27,14.55,10.91,1.82,14.55,1.82,9.09,7.27,0,10.91,5.45,5.45,1.82,0,1.82,0,25.45,0,16.36,5.45,3.64,1.82,0,1.82,1.82,1.82,1.82,0,0,0,1.82,1.82,0,0,0,0,1.82,0,1.82,3.64,3.64,7.27,0,5.45,7.27,1.82,5.45,0,0,"Guard"
"26458","Fred VanVleet","fred vanvleet",2019-06-04,2019,"2018-12-20","2019-06-13",25.2703627652293,72,197,NA,NA,NA,"2016-10-26",2016,TRUE,"G",188,26,1,"Injury/Illness - Right Knee; Contusion","knee","contusion",82,33,71,3.31,99,61.43,20.23,17.75,12.68,94.37,76.06,60.56,23.94,15.49,0,14.08,0,0,8.45,12.68,4.23,2.82,12.68,12.68,7.04,12.68,1.41,23.94,2.82,4.23,15.49,14.08,0,1.41,29.58,1.41,16.9,1.41,1.41,0,5.63,1.41,5.63,5.63,2.82,2.82,2.82,0,18.31,2.82,1.41,0,15.49,1.41,4.23,4.23,0,1.41,4.23,7.04,4.23,2.82,7.04,0,9.86,11.27,0,"Guard"
"26458","Fred VanVleet","fred vanvleet",2019-06-02,2019,"2018-12-20","2019-06-13",25.264887063655,72,197,NA,NA,NA,"2016-10-26",2016,TRUE,"G",190,26,1,"Injury/Illness - Right Knee; Contusion","knee","contusion",80,32,140,67.11,61.28,58.37,20.23,20,10,89.29,80.71,60.71,16.43,10,3.57,1.43,1.43,0,6.43,15.71,9.29,0.71,17.86,4.29,8.57,7.14,1.43,18.57,5.71,3.57,4.29,2.14,2.14,0,18.57,0.71,13.57,3.57,2.14,2.14,1.43,2.14,2.14,4.29,2.14,2.14,0.71,0.71,9.29,2.14,0.71,0,7.86,4.29,2.14,1.43,0.71,2.14,7.14,15.71,2.86,12.14,0.71,5,1.43,0.71,0.71,"Guard"
"26458","Fred VanVleet","fred vanvleet",2019-05-29,2019,"2018-12-20","2019-06-13",25.2539356605065,72,197,NA,NA,NA,"2016-10-26",2016,TRUE,"G",194,28,1,"Injury/Illness - Right Knee; Contusion","knee","contusion",76,31,61,27.14,99,61.1,0,10.17,18.03,95.08,77.05,65.57,22.95,13.11,1.64,6.56,4.92,0,9.84,11.48,6.56,0,16.39,11.48,8.2,4.92,0,18.03,4.92,0,13.11,6.56,6.56,0,16.39,0,4.92,1.64,0,1.64,0,0,0,0,0,0,0,0,13.11,1.64,0,0,11.48,0,6.56,0,6.56,1.64,11.48,16.39,1.64,13.11,3.28,1.64,8.2,0,0,"Guard"
"26458","Fred VanVleet","fred vanvleet",2025-04-28,2025,"2024-10-22","2025-06-22",31.170431211499,72,197,NA,NA,NA,"2016-10-26",2016,TRUE,"G",176,3,1,"Injury/Illness - Right Knee; ACL repair","knee","surgery",49,17,53,37.52,98.93,87.76,0,17.67,11.32,86.79,71.7,47.17,13.21,11.32,0,3.77,1.89,5.66,1.89,9.43,5.66,1.89,7.55,3.77,7.55,9.43,0,15.09,9.43,13.21,3.77,3.77,0,0,18.87,0,9.43,0,0,0,7.55,1.89,0,0,0,0,0,0,11.32,0,0,0,11.32,0,1.89,0,1.89,3.77,9.43,18.87,9.43,7.55,7.55,5.66,1.89,1.89,0,"Guard"
"26458","Fred VanVleet","fred vanvleet",2025-04-26,2025,"2024-10-22","2025-06-22",31.1649555099247,72,197,NA,NA,NA,"2016-10-26",2016,TRUE,"G",178,4,1,"Injury/Illness - Right Knee; ACL repair","knee","surgery",47,16,72,53.89,84.23,59.49,40.61,14.4,15.28,88.89,75,65.28,19.44,11.11,1.39,6.94,0,1.39,8.33,23.61,9.72,2.78,13.89,11.11,2.78,4.17,1.39,16.67,5.56,9.72,6.94,6.94,0,0,26.39,2.78,9.72,4.17,1.39,0,0,0,5.56,1.39,1.39,0,0,0,9.72,0,0,0,9.72,1.39,4.17,4.17,0,0,2.78,5.56,1.39,2.78,5.56,5.56,5.56,5.56,0,"Guard"
"26458","Fred VanVleet","fred vanvleet",2024-12-13,2025,"2024-10-22","2025-06-22",30.798083504449,72,197,NA,NA,NA,"2016-10-26",2016,TRUE,"G",52,22,1,"Injury/Illness - Right Ankle; Strain","ankle","strain",5,1,62,69.92,97.31,69.74,44.38,12.4,12.9,93.55,74.19,59.68,17.74,11.29,3.23,6.45,1.61,0,6.45,14.52,9.68,0,17.74,3.23,8.06,8.06,0,11.29,4.84,1.61,9.68,6.45,0,3.23,20.97,0,11.29,3.23,0,1.61,3.23,0,0,1.61,1.61,0,0,0,9.68,0,0,0,9.68,0,4.84,3.23,0,1.61,8.06,9.68,1.61,6.45,8.06,0,6.45,0,1.61,"Guard"
"Youtube/141.mp3","Fred VanVleet","fred vanvleet",2022-04-18,2022,"2021-10-19","2022-06-16",28.1423682409309,72,197,NA,NA,NA,"2016-10-26",2016,TRUE,"G",7,2,1,"Injury/Illness - Left Hip; Flexor; strain","hip","strain",61,17,1411,29.48,94.92,75.37,75.4,12.83,8.08,94.61,80.86,60.6,19.84,13.96,2.98,5.81,3.19,0.85,5.88,14.67,7.09,1.35,13.54,8.65,5.74,8.36,1.7,21.19,6.38,6.38,9.99,6.52,2.55,0.92,24.59,0.78,13.11,4.89,0.99,1.42,2.27,0.85,3.9,5.74,4.61,1.06,1.28,1.06,13.68,1.98,0.64,0.78,12.12,1.56,2.69,1.13,1.2,2.2,12.05,11.27,2.13,7.02,3.54,3.83,4.25,3.33,2.83,"Guard"
"Youtube/185.mp3","Fred VanVleet","fred vanvleet",2022-04-18,2022,"2021-10-19","2022-06-16",28.1423682409309,72,197,NA,NA,NA,"2016-10-26",2016,TRUE,"G",7,2,1,"Injury/Illness - Left Hip; Flexor; strain","hip","strain",61,17,1411,29.29,94.92,75.37,75.4,12.6,8.08,94.61,80.86,60.6,19.91,13.96,2.98,5.81,3.19,0.85,5.95,14.67,7.09,1.35,13.54,8.65,5.74,8.36,1.7,21.19,6.38,6.38,9.99,6.52,2.55,0.92,24.59,0.78,13.11,4.89,0.99,1.42,2.27,0.85,3.9,5.74,4.61,1.06,1.28,1.06,13.68,1.98,0.64,0.78,12.12,1.56,2.69,1.13,1.2,2.2,12.05,11.27,2.13,7.02,3.54,3.83,4.25,3.33,2.83,"Guard"
"Youtube/2074.mp3","Fred VanVleet","fred vanvleet",2021-11-07,2022,"2021-10-19","2022-06-16",27.6988364134155,72,197,NA,NA,NA,"2016-10-26",2016,TRUE,"G",101,39,1,"Injury/Illness - Right Knee; Contusion","knee","contusion",192,13,779,7.36,98.62,64.41,79.35,13.91,9.5,95.89,82.41,66.37,21.82,15.4,2.44,4.75,3.72,1.03,6.42,13.22,6.93,1.67,11.81,12.71,9.24,9.76,0.9,23.11,4.49,6.55,6.93,5.26,1.28,0.39,28.5,1.41,13.48,6.03,1.03,0.77,1.93,0.77,3.08,5.91,4.75,0.9,1.8,1.41,16.3,1.93,0.51,0.64,14.63,3.47,2.31,1.8,0.39,1.03,13.99,10.27,1.8,6.29,4.36,3.59,5.78,4.88,2.05,"Guard"
"Youtube/2285.mp3","Fred VanVleet","fred vanvleet",2021-11-10,2022,"2021-10-19","2022-06-16",27.7070499657769,72,197,NA,NA,NA,"2016-10-26",2016,TRUE,"G",98,38,1,"Injury/Illness - Right Knee; Contusion","knee","contusion",195,14,1105,16.66,82.84,95.1,64.44,11.88,8.6,95.2,82.53,62.17,19.55,12.85,3.44,4.98,3.08,0.63,6.7,13.76,6.88,1.09,12.67,10.41,7.6,9.23,2.08,24.43,5.7,4.98,8.96,5.79,2.53,0.72,31.76,1.18,16.65,7.15,0.54,1.72,2.62,0.81,4.8,4.52,3.62,0.81,1,0.54,12.04,1.9,0.72,0.63,10.23,1.09,2.26,1.45,0.81,2.08,12.22,10.05,2.35,7.15,4.8,2.44,6.7,3.62,2.81,"Guard"
"Youtube/23.mp3","Fred VanVleet","fred vanvleet",2022-02-03,2022,"2021-10-19","2022-06-16",27.9397672826831,72,197,NA,NA,NA,"2016-10-26",2016,TRUE,"G",13,5,1,"Injury/Illness - Right Knee; Contusion","knee","contusion",280,47,2433,8.14,59.38,86.87,62.93,14.15,10.73,95.89,82.74,66.67,23.96,15.62,7.69,0.99,4.15,1.27,8.34,14.96,5.8,1.07,12.37,10.15,8.14,8.96,1.93,20.59,4.73,4.64,4.77,2.3,1.81,0.78,27.09,1.64,14.92,5.92,1.11,2.26,2.71,1.44,2.79,4.4,3.53,0.82,2.06,1.69,13.15,2.67,0.74,1.19,10.52,2.01,2.26,0.9,0.86,1.15,11.55,8.63,1.44,5.96,4.19,4.69,4.97,1.89,1.52,"Guard"
"Youtube/2317.mp3","Fred VanVleet","fred vanvleet",2022-03-21,2022,"2021-10-19","2022-06-16",28.0657084188912,72,197,NA,NA,NA,"2016-10-26",2016,TRUE,"G",35,11,1,"Injury/Illness - Left Hip; Flexor; strain","hip","strain",33,8,768,12.04,85.15,85,67.4,9.85,9.64,95.7,83.2,62.63,20.83,13.93,4.43,3.91,3.13,0.78,6.9,13.28,5.99,1.04,11.85,11.98,8.46,7.55,1.04,23.96,6.9,8.2,7.42,4.95,1.3,1.3,29.69,1.04,15.49,6.12,0.52,2.08,1.69,1.56,3.65,5.86,4.43,1.43,1.69,1.3,13.02,2.6,0.78,0.78,10.68,1.82,2.73,1.56,0.52,2.47,11.46,8.72,1.43,6.77,5.21,4.43,6.51,1.95,1.69,"Guard"
"Youtube/2620.mp3","Fred VanVleet","fred vanvleet",2021-11-19,2022,"2021-10-19","2022-06-16",27.7316906228611,72,197,NA,NA,NA,"2016-10-26",2016,TRUE,"G",89,34,1,"Injury/Illness - Right Knee; Contusion","knee","contusion",204,18,1025,11.37,93.82,66.63,46.79,16.8,9.27,95.51,81.95,66.73,23.02,13.56,2.34,3.61,3.51,2.15,9.46,16.39,5.17,1.37,13.37,11.51,6.05,8.68,1.76,20.98,6.15,6.24,7.12,4.59,1.76,1.27,32.1,2.15,15.61,5.17,1.17,1.66,2.63,1.07,5.07,4.88,3.22,1.46,1.95,1.27,16.2,2.24,0.59,0.59,13.95,2.24,1.85,1.37,0.49,0.59,12.1,7.22,1.07,4.39,5.95,3.12,6.73,2.63,1.56,"Guard"
"Youtube/3057.mp3","Fred VanVleet","fred vanvleet",2021-11-24,2022,"2021-10-19","2022-06-16",27.7453798767967,72,197,NA,NA,NA,"2016-10-26",2016,TRUE,"G",84,32,1,"Injury/Illness - Right Knee; Contusion","knee","contusion",209,20,866,9.09,99,43.4,80.24,16.34,9.12,95.03,83.49,66.05,24.25,17.55,2.42,4.73,4.16,1.62,6.7,13.05,5.43,1.85,12.36,10.51,7.51,8.66,1.04,22.29,5.43,5.89,8.31,5.31,1.73,1.27,24.6,1.5,13.16,4.85,0.92,1.62,2.08,1.15,3.35,5.2,4.5,0.58,1.85,1.39,18.48,1.96,0.58,0.58,16.74,5.2,2.77,1.5,1.15,1.39,11.66,11.55,2.66,7.39,2.77,4.5,4.97,1.62,1.5,"Guard"
"Youtube/3385.mp3","Fred VanVleet","fred vanvleet",2021-12-13,2022,"2021-10-19","2022-06-16",27.7973990417522,72,197,NA,NA,NA,"2016-10-26",2016,TRUE,"G",65,24,1,"Injury/Illness - Right Knee; Contusion","knee","contusion",228,28,2220,12.26,88.36,69.31,62.77,18.66,11.67,95.5,82.79,64.95,20.86,13.33,4.5,3.06,4.28,0.54,7.52,13.15,6.04,0.68,13.83,11.53,8.38,9.91,1.08,23.56,4.73,4.59,6.62,3.78,2.12,0.99,27.97,0.81,14.82,5.54,1.62,2.34,1.8,1.26,2.48,3.87,3.29,0.59,1.4,1.17,13.65,3.06,0.59,1.04,10.32,1.31,2.7,0.41,1.71,1.53,10.95,8.56,1.31,5.99,4.23,3.42,6.71,2.34,2.03,"Guard"
"Youtube/3630.mp3","Fred VanVleet","fred vanvleet",2021-11-07,2022,"2021-10-19","2022-06-16",27.6988364134155,72,197,NA,NA,NA,"2016-10-26",2016,TRUE,"G",101,39,1,"Injury/Illness - Right Knee; Contusion","knee","contusion",192,13,779,7.23,98.76,65.28,77.74,13.67,9.5,95.89,82.41,66.5,21.95,15.53,2.44,4.88,3.72,1.03,6.42,13.22,6.93,1.67,11.81,12.71,9.24,9.76,0.9,22.98,4.49,6.55,7.19,5.39,1.41,0.39,28.63,1.41,13.61,6.16,1.03,0.77,1.93,0.77,3.08,5.78,4.62,0.9,1.8,1.41,16.43,1.93,0.51,0.64,14.76,3.47,2.18,1.67,0.39,1.03,13.86,10.27,1.8,6.29,4.36,3.59,5.78,5.01,2.05,"Guard"
"Youtube/3639.mp3","Fred VanVleet","fred vanvleet",2021-12-10,2022,"2021-10-19","2022-06-16",27.7891854893908,72,197,NA,NA,NA,"2016-10-26",2016,TRUE,"G",68,25,1,"Injury/Illness - Right Knee; Contusion","knee","contusion",225,27,1664,8.28,92.25,62.61,57.83,12.8,10.76,94.95,81.31,64.24,21.63,14.78,3.55,2.76,4.57,0.18,6.85,13.58,6.91,1.08,11.24,12.44,8.29,8.71,1.92,23.02,5.29,5.05,5.71,3.49,1.38,0.9,31.13,1.26,16.89,5.83,1.38,1.98,2.22,2.52,3.97,3.55,2.94,0.54,0.84,0.6,15.02,2.04,0.42,0.84,13.22,4.51,2.94,1.92,0.84,1.14,11.12,8.83,2.04,5.47,4.69,3.85,7.39,1.98,1.62,"Guard"
"Youtube/3890.mp3","Fred VanVleet","fred vanvleet",2021-11-10,2022,"2021-10-19","2022-06-16",27.7070499657769,72,197,NA,NA,NA,"2016-10-26",2016,TRUE,"G",98,38,1,"Injury/Illness - Right Knee; Contusion","knee","contusion",195,14,1107,16.93,82.79,95.01,64.36,11.78,8.58,95.21,82.57,62.15,19.51,12.83,3.43,4.97,3.07,0.63,6.68,13.73,6.87,1.08,12.74,10.39,7.59,9.21,2.08,24.48,5.69,4.97,8.94,5.78,2.53,0.72,31.71,1.17,16.62,7.14,0.54,1.72,2.62,0.81,4.79,4.52,3.61,0.81,0.99,0.54,12.01,1.9,0.72,0.63,10.21,1.08,2.26,1.45,0.81,2.08,12.29,10.12,2.35,7.14,4.79,2.44,6.68,3.61,2.8,"Guard"
"Youtube/4013.mp3","Fred VanVleet","fred vanvleet",2021-12-02,2022,"2021-10-19","2022-06-16",27.7672826830938,72,197,NA,NA,NA,"2016-10-26",2016,TRUE,"G",76,28,1,"Injury/Illness - Right Knee; Contusion","knee","contusion",217,24,1521,15.8,88.18,76.81,60.52,15.84,9.34,95.13,81.39,63.71,20.25,12.43,3.75,3.09,3.55,0.92,7.82,16.44,6.31,1.78,12.89,10.06,6.84,10.59,1.25,21.37,5.52,6.97,7.03,4.08,2.56,0.53,25.58,1.38,12.23,4.93,0.66,1.25,2.43,0.99,2.96,3.88,3.16,0.59,0.79,0.33,13.15,2.5,0.85,0.79,10.85,2.1,1.78,0.99,0.53,1.78,9.99,9.53,1.64,6.71,4.4,3.09,5.72,2.24,1.97,"Guard"
"Youtube/4336.mp3","Fred VanVleet","fred vanvleet",2022-01-11,2022,"2021-10-19","2022-06-16",27.8767967145791,72,197,NA,NA,NA,"2016-10-26",2016,TRUE,"G",36,15,1,"Injury/Illness - Right Knee; Contusion","knee","contusion",257,37,972,15.52,86.02,58.04,80.04,14.09,9.16,94.55,80.45,64.2,18.93,13.37,3.29,2.57,3.5,1.54,5.56,16.05,7.2,1.85,11.11,10.6,8.44,8.64,1.65,20.68,6.17,6.17,6.69,3.4,2.98,0.62,26.95,0.82,15.43,4.12,1.23,2.16,3.91,1.13,4.22,6.38,5.14,1.23,2.47,1.95,15.12,3.6,0.93,0.51,11.93,3.29,2.57,1.23,1.13,1.65,10.29,9.67,1.85,7.41,2.98,4.01,5.66,1.85,1.23,"Guard"
"Youtube/4836.mp3","Fred VanVleet","fred vanvleet",2022-04-16,2022,"2021-10-19","2022-06-16",28.1368925393566,72,197,NA,NA,NA,"2016-10-26",2016,TRUE,"G",9,3,1,"Injury/Illness - Left Hip; Flexor; strain","hip","strain",59,16,1063,21.01,87.22,76.53,45.73,11.55,8.84,94.54,81.09,61.52,19.66,15.15,3.95,3.2,3.67,1.88,4.52,15.15,7.43,1.69,11.67,8.84,8.47,7.53,1.79,21.26,6.68,7.15,6.49,3.57,2.07,0.85,25.4,0.56,14.49,5.46,1.03,1.32,1.98,1.13,4.52,5.17,3.39,1.69,1.41,0.38,14.77,2.16,0.19,0.85,12.61,3.2,3.67,2.92,0.47,1.41,10.63,10.72,1.88,6.96,3.01,4.42,5.17,1.51,1.79,"Guard"
"Youtube/4923.mp3","Fred VanVleet","fred vanvleet",2022-01-07,2022,"2021-10-19","2022-06-16",27.8658453114305,72,197,NA,NA,NA,"2016-10-26",2016,TRUE,"G",40,17,1,"Injury/Illness - Right Knee; Contusion","knee","contusion",253,35,1409,9.42,32.48,96.17,57.99,11.94,8.16,95.03,80.2,63.8,21.5,14.19,7.38,2.84,2.56,0.78,7.31,14.62,5.54,1.56,12.49,11.07,6.88,9.16,3.34,21.58,5.11,5.04,7.17,3.69,2.48,1.06,30.31,1.21,15.68,4.68,1.42,1.06,3.26,1.99,4.47,3.9,3.12,0.71,1.42,0.92,10.86,2.91,0.64,1.21,8.45,1.21,2.84,1.35,1.14,2.06,10.79,8.73,1.85,6.03,4.97,5.11,5.82,2.56,2.48,"Guard"
"Youtube/4969.mp3","Fred VanVleet","fred vanvleet",2022-03-21,2022,"2021-10-19","2022-06-16",28.0657084188912,72,197,NA,NA,NA,"2016-10-26",2016,TRUE,"G",35,11,1,"Injury/Illness - Left Hip; Flexor; strain","hip","strain",33,8,768,12.04,85.15,85,67.4,9.85,9.64,95.7,83.2,62.63,20.83,13.93,4.43,3.91,3.13,0.78,6.9,13.28,5.99,1.04,11.85,11.98,8.46,7.55,1.04,23.96,6.9,8.2,7.42,4.95,1.3,1.3,29.69,1.04,15.49,6.12,0.52,2.08,1.69,1.56,3.65,5.86,4.43,1.43,1.69,1.3,13.02,2.6,0.78,0.78,10.68,1.82,2.73,1.56,0.52,2.47,11.46,8.85,1.43,6.77,5.21,4.43,6.51,1.95,1.69,"Guard"
"Youtube/5239.mp3","Fred VanVleet","fred vanvleet",2021-10-27,2022,"2021-10-19","2022-06-16",27.668720054757,72,197,NA,NA,NA,"2016-10-26",2016,TRUE,"G",112,45,1,"Injury/Illness - Right Knee; Contusion","knee","contusion",181,7,1482,5.68,95.23,53.17,60.52,12.25,8.77,92.91,81.11,64.84,22.74,15.79,3.37,3.58,3.24,1.28,6.95,13.56,5.26,1.42,12.69,14.44,7.56,9.31,1.35,24.97,6.07,4.52,6.28,3.85,1.62,1.01,29.96,0.94,12.55,4.25,1.21,1.48,2.56,0.67,3.37,4.59,3.58,1.01,1.21,0.88,15.79,1.96,0.27,0.4,14.04,5.06,2.16,1.28,0.81,1.55,11.61,9.31,1.75,6.68,4.79,2.97,8.77,3.98,2.77,"Guard"
"Youtube/5296.mp3","Fred VanVleet","fred vanvleet",2021-12-31,2022,"2021-10-19","2022-06-16",27.8466803559206,72,197,NA,NA,NA,"2016-10-26",2016,TRUE,"G",47,21,1,"Injury/Illness - Right Knee; Contusion","knee","contusion",246,31,698,13.77,55.43,88.17,63.09,14.85,9.17,94.84,81.09,64.33,19.48,13.61,7.02,2.87,3.3,0.43,5.87,16.33,7.02,1.15,11.6,11.03,8.31,8.88,1.86,21.2,5.87,6.16,6.45,3.3,2.72,0.72,25.64,0.57,12.61,5.01,1.15,1.58,1.43,1.29,3.44,4.15,3.44,0.72,1,0.57,10.17,1.72,0.43,0.72,8.74,0.86,3.01,1.29,1.29,1.29,11.75,10.03,1.86,6.02,2.87,5.3,5.01,1.86,2.29,"Guard"
"Youtube/5473.mp3","Fred VanVleet","fred vanvleet",2022-02-26,2022,"2021-10-19","2022-06-16",28.0027378507871,72,197,NA,NA,NA,"2016-10-26",2016,TRUE,"G",58,17,1,"Injury/Illness - Left Hip; Flexor; strain","hip","strain",10,2,1039,7.75,83.3,87.81,68.7,12.99,8.28,96.05,83.64,63.62,21.37,13.96,4.33,4.43,4.23,0.67,7.41,11.16,5.39,0.77,12.03,12.99,6.06,9.34,2.98,26.66,5.97,3.37,8.37,5.58,2.12,0.67,29.64,0.87,14.53,4.23,1.25,1.92,2.79,1.92,4.23,6.54,4.62,1.54,1.35,0.58,13.09,2.41,0.58,0.67,11.16,0.58,3.08,2.02,1.06,2.69,12.51,9.91,3.08,6.35,4.43,3.95,6.16,4.33,3.18,"Guard"
"Youtube/5744.mp3","Fred VanVleet","fred vanvleet",2022-01-02,2022,"2021-10-19","2022-06-16",27.8521560574949,72,197,NA,NA,NA,"2016-10-26",2016,TRUE,"G",45,20,1,"Injury/Illness - Right Knee; Contusion","knee","contusion",248,32,988,32.44,92.07,54.37,82.81,16.75,9.31,95.14,82.79,64.47,18.32,12.45,3.54,4.15,3.54,0.61,5.87,15.89,7.89,2.02,14.17,10.02,6.28,9.01,1.01,21.66,5.97,6.17,7.29,4.86,2.13,0.51,26.92,1.21,14.27,4.55,1.01,2.63,3.24,1.01,2.43,4.96,4.55,0.4,1.82,1.72,11.34,1.21,0.4,0.2,10.32,0.91,1.92,1.72,0.2,1.62,11.74,8,1.21,4.76,5.06,2.83,5.77,2.43,2.83,"Guard"
"Youtube/5775.mp3","Fred VanVleet","fred vanvleet",2021-12-31,2022,"2021-10-19","2022-06-16",27.8466803559206,72,197,NA,NA,NA,"2016-10-26",2016,TRUE,"G",47,21,1,"Injury/Illness - Right Knee; Contusion","knee","contusion",246,31,698,13.77,55.43,88.17,63.09,15.17,9.17,94.84,81.09,64.33,19.48,13.61,7.02,2.87,3.3,0.43,5.87,16.33,7.02,1.15,11.6,11.03,8.31,8.88,1.86,21.2,5.87,6.16,6.45,3.3,2.72,0.72,25.64,0.57,12.61,5.01,1.15,1.58,1.43,1.29,3.44,4.15,3.44,0.72,1,0.57,10.17,1.72,0.43,0.72,8.74,0.86,3.01,1.29,1.29,1.29,11.75,10.03,1.86,6.02,2.87,5.3,5.01,1.86,2.29,"Guard"
"Youtube/6077.mp3","Fred VanVleet","fred vanvleet",2022-01-02,2022,"2021-10-19","2022-06-16",27.8521560574949,72,197,NA,NA,NA,"2016-10-26",2016,TRUE,"G",45,20,1,"Injury/Illness - Right Knee; Contusion","knee","contusion",248,32,988,32.44,92.07,54.37,82.81,16.75,9.31,95.14,82.79,64.47,18.32,12.45,3.54,4.15,3.54,0.61,5.87,15.89,7.89,2.02,14.17,10.02,6.28,9.01,1.01,21.66,5.97,6.17,7.29,4.86,2.13,0.51,26.92,1.21,14.27,4.55,1.01,2.63,3.24,1.01,2.43,4.96,4.55,0.4,1.82,1.72,11.34,1.21,0.4,0.2,10.32,0.91,1.92,1.72,0.2,1.62,11.74,8,1.21,4.76,5.06,2.83,5.77,2.43,2.83,"Guard"
"Youtube/879.mp3","Fred VanVleet","fred vanvleet",2022-02-03,2022,"2021-10-19","2022-06-16",27.9397672826831,72,197,NA,NA,NA,"2016-10-26",2016,TRUE,"G",13,5,1,"Injury/Illness - Right Knee; Contusion","knee","contusion",280,47,2434,8.3,59.12,86.99,62.92,14.15,10.72,95.89,82.74,66.68,23.91,15.57,7.68,0.99,4.15,1.27,8.34,15,5.88,1.07,12.37,10.15,8.13,8.96,1.93,20.58,4.72,4.64,4.77,2.3,1.81,0.78,27.07,1.64,14.91,5.92,1.11,2.26,2.71,1.44,2.79,4.4,3.53,0.82,2.05,1.68,13.11,2.67,0.74,1.19,10.48,2.01,2.26,0.9,0.86,1.15,11.54,8.63,1.44,5.96,4.19,4.68,4.97,1.89,1.52,"Guard"
"Youtube/927.mp3","Fred VanVleet","fred vanvleet",2022-04-03,2022,"2021-10-19","2022-06-16",28.1013004791239,72,197,NA,NA,NA,"2016-10-26",2016,TRUE,"G",22,5,1,"Injury/Illness - Left Hip; Flexor; strain","hip","strain",46,14,1075,7.73,82.98,56.18,56.53,13.96,7.72,95.26,85.3,68.47,24,13.67,4,2.6,3.72,1.12,10.33,17.21,6.88,2.88,12.19,11.44,8.28,9.02,1.67,21.67,6.42,6.79,6.14,3.44,2.42,0.65,28.93,0.47,16,4.84,2.05,1.77,2.42,2.14,3.81,3.63,2.98,0.65,1.3,1.02,12.74,1.95,0.65,0.47,11.16,2.79,1.86,1.4,0.09,1.3,9.58,8.09,1.21,5.77,3.35,5.67,6.51,1.3,1.67,"Guard"
"21954","Nikola Vucevic","nikola vucevic",2019-02-16,2019,"2018-12-20","2019-06-13",28.3148528405202,81,260,2011,1,16,"2011-12-27",2011,TRUE,"C",280,42,1,"Injury/Illness - Right Ankle; Sprain","ankle","sprain",57,29,55,24.99,14.16,98.98,20.23,11,9.09,96.36,83.64,63.64,25.45,7.27,7.27,0,0,0,18.18,12.73,9.09,0,14.55,12.73,9.09,1.82,0,23.64,9.09,5.45,5.45,1.82,3.64,0,27.27,1.82,12.73,10.91,1.82,0,0,1.82,0,3.64,1.82,1.82,0,0,3.64,1.82,0,1.82,1.82,0,1.82,0,1.82,0,14.55,12.73,1.82,7.27,3.64,0,14.55,0,0,"Center"
"Youtube/1246.mp3","Nikola Vucevic","nikola vucevic",2021-02-02,2021,"2020-12-22","2021-07-20",30.2778918548939,81,260,2011,1,16,"2011-12-27",2011,TRUE,"C",88,43,1,"Injury/Illness - Right Adductor; Tightness","groin","tightness",417,74,692,4.04,98.25,74.92,76.31,13.57,9.83,95.09,82.8,63.58,25,17.92,3.32,3.76,6.36,1.45,7.08,11.85,3.76,1.73,11.13,9.83,7.51,8.96,3.18,23.7,4.48,5.78,6.21,4.62,1.01,0.87,31.36,2.02,17.92,7.66,1.88,1.45,3.18,0.29,3.32,6.36,4.91,1.3,1.45,1.16,16.91,1.59,0.87,0.43,15.61,3.32,2.46,1.59,0.72,2.17,15.46,7.37,1.73,4.62,5.2,2.46,6.36,2.6,1.16,"Center"
"Youtube/1759.mp3","Nikola Vucevic","nikola vucevic",2022-02-28,2022,"2021-10-19","2022-06-16",31.3483915126626,81,260,2011,1,16,"2011-12-27",2011,TRUE,"C",7,2,1,"Injury/Illness - Right Hamstring; Strain","hamstring","strain",301,60,776,6.58,96.87,42.92,60.74,15.52,8.51,96.65,84.28,67.01,24.1,15.34,2.96,4.77,3.61,1.42,8.76,13.27,4.64,1.03,13.02,11.86,8.51,7.86,1.8,23.58,6.31,4.77,8.76,5.8,2.71,0.26,27.19,0.77,18.43,7.47,1.29,3.48,2.32,0.39,3.74,4.77,3.61,1.03,1.42,0.9,15.85,2.45,1.03,1.03,14.18,2.58,2.71,1.42,0.9,1.42,11.86,6.31,0.77,4.64,3.35,2.96,5.28,3.09,1.29,"Center"
"Youtube/1842.mp3","Nikola Vucevic","nikola vucevic",2022-02-28,2022,"2021-10-19","2022-06-16",31.3483915126626,81,260,2011,1,16,"2011-12-27",2011,TRUE,"C",7,2,1,"Injury/Illness - Right Hamstring; Strain","hamstring","strain",301,60,776,6.45,96.87,42.92,60.74,15.52,8.51,96.78,84.41,66.88,24.1,15.34,2.96,4.77,3.61,1.42,8.76,13.27,4.64,1.03,12.89,11.86,8.51,7.86,1.8,23.84,6.31,4.77,8.76,5.8,2.71,0.26,27.32,0.77,18.43,7.47,1.29,3.48,2.32,0.39,3.74,4.77,3.61,1.03,1.42,0.9,15.98,2.58,1.03,1.16,14.18,2.58,2.71,1.42,0.9,1.42,11.86,6.31,0.77,4.64,3.35,3.22,5.28,3.09,1.29,"Center"
"Youtube/4082.mp3","Nikola Vucevic","nikola vucevic",2022-02-28,2022,"2021-10-19","2022-06-16",31.3483915126626,81,260,2011,1,16,"2011-12-27",2011,TRUE,"C",7,2,1,"Injury/Illness - Right Hamstring; Strain","hamstring","strain",301,60,776,6.7,96.72,42.02,62.83,15.52,8.51,96.65,84.28,67.01,24.36,15.46,3.09,4.77,3.61,1.42,8.89,13.4,4.77,1.03,13.02,11.86,8.38,7.6,1.93,23.58,6.31,4.77,8.76,5.8,2.71,0.26,26.93,0.77,18.17,7.47,1.29,3.48,2.06,0.39,3.61,4.9,3.74,1.03,1.42,0.9,15.85,2.45,1.03,1.03,14.18,2.58,2.84,1.55,0.9,1.42,11.86,6.19,0.77,4.51,3.35,2.84,5.28,3.09,1.29,"Center"
"Youtube/4816.mp3","Nikola Vucevic","nikola vucevic",2021-02-06,2021,"2020-12-22","2021-07-20",30.2888432580424,81,260,2011,1,16,"2011-12-27",2011,TRUE,"C",84,41,1,"Injury/Illness - Right Adductor; Tightness","groin","tightness",421,76,870,4.25,97.88,67.94,63.69,12.99,9.43,95.17,82.87,65.06,26.21,18.51,4.02,4.71,5.29,1.26,7.7,11.03,4.25,1.03,11.03,10.23,7.36,8.97,1.84,22.87,5.17,3.33,7.24,5.06,1.72,0.92,31.26,1.38,17.24,8.05,1.38,2.18,1.72,0.46,3.79,5.52,4.14,1.38,1.03,0.46,16.32,1.61,0.34,0.34,14.83,3.22,3.79,2.87,0.8,1.03,15.06,5.75,0.92,4.25,5.06,5.4,5.29,2.99,0.8,"Center"
"19709","Kemba Walker","kemba walker",2020-09-14,2020,"2019-10-22","2020-10-11",30.3545516769336,72,184,2011,1,9,"2011-12-27",2011,FALSE,"PG",225,45,1,"Injury/Illness - Left Oblique; Strain","abdomen","strain",294,53,61,40.68,76.91,80.96,97.57,10.17,18.03,95.08,73.77,59.02,16.39,6.56,3.28,3.28,0,0,9.84,22.95,9.84,1.64,8.2,13.11,4.92,3.28,0,19.67,8.2,8.2,14.75,4.92,8.2,3.28,36.07,1.64,16.39,13.11,3.28,0,0,1.64,0,6.56,6.56,0,0,0,11.48,6.56,1.64,0,6.56,1.64,6.56,3.28,3.28,0,6.56,4.92,0,3.28,3.28,8.2,8.2,0,1.64,"Guard"
"19709","Kemba Walker","kemba walker",2020-02-16,2020,"2019-10-22","2020-10-11",29.7768651608487,72,184,2011,1,9,"2011-12-27",2011,FALSE,"PG",436,66,1,"Injury/Illness - Left Oblique; Strain","abdomen","strain",83,31,58,32.86,30.46,86.26,99,8.29,10.34,96.55,86.21,67.24,20.69,10.34,6.9,3.45,0,0,10.34,24.14,12.07,1.72,13.79,15.52,8.62,3.45,0,24.14,10.34,6.9,6.9,3.45,3.45,1.72,25.86,5.17,5.17,0,0,1.72,1.72,0,1.72,8.62,8.62,0,3.45,3.45,10.34,6.9,0,1.72,3.45,0,6.9,1.72,1.72,3.45,12.07,10.34,1.72,10.34,5.17,6.9,8.62,0,0,"Guard"
"19709","Kemba Walker","kemba walker",2019-02-17,2019,"2018-12-20","2019-06-13",28.7802874743326,72,184,2011,1,9,"2011-12-27",2011,FALSE,"PG",281,40,1,"Injury/Illness - Neck; Sprain","neck","sprain",58,27,64,70.71,40.06,83.28,99,9.14,20.31,95.31,76.56,59.38,17.19,9.38,6.25,1.56,0,1.56,7.81,21.88,12.5,1.56,10.94,7.81,4.69,3.13,0,18.75,9.38,9.38,1.56,1.56,0,0,28.13,1.56,10.94,6.25,0,1.56,0,3.13,0,10.94,10.94,0,7.81,6.25,12.5,6.25,3.13,1.56,4.69,1.56,1.56,1.56,0,0,6.25,7.81,1.56,3.13,7.81,9.38,1.56,0,0,"Guard"
"Youtube/1084.mp3","Kemba Walker","kemba walker",2020-09-25,2020,"2019-10-22","2020-10-11",30.3846680355921,72,184,2011,1,9,"2011-12-27",2011,FALSE,"PG",214,40,1,"Injury/Illness - Left Oblique; Strain","abdomen","strain",305,57,610,13.17,99,83.3,71.67,8.13,10.33,95.9,82.3,61.15,22.3,16.39,3.44,6.89,4.26,0.33,5.9,12.95,5.57,0.66,10.82,9.34,9.51,4.59,1.97,21.8,7.05,4.43,10.66,7.87,1.97,1.48,28.2,2.79,12.95,5.74,1.15,1.31,1.8,1.48,2.3,5.9,4.59,1.31,1.97,0.98,17.38,3.28,1.31,0.98,14.59,2.46,2.46,1.64,0.49,1.31,15.08,10,2.95,7.05,4.59,6.72,4.75,1.64,3.11,"Guard"
"Youtube/1335.mp3","Kemba Walker","kemba walker",2020-09-25,2020,"2019-10-22","2020-10-11",30.3846680355921,72,184,2011,1,9,"2011-12-27",2011,FALSE,"PG",214,40,1,"Injury/Illness - Left Oblique; Strain","abdomen","strain",305,57,610,12.65,99,83.3,71.67,8.13,10.33,95.9,82.3,61.15,22.46,16.56,3.44,6.89,4.26,0.49,5.9,12.95,5.41,0.66,10.82,9.34,9.51,4.59,1.97,21.8,7.05,4.43,10.66,7.87,1.97,1.48,28.2,2.79,12.95,5.74,1.15,1.31,1.8,1.48,2.3,5.9,4.59,1.31,1.97,0.98,17.54,3.28,1.31,0.98,14.75,2.46,2.46,1.64,0.49,1.31,15.08,10,2.95,7.05,4.59,6.72,4.75,1.64,3.11,"Guard"
"Youtube/3111.mp3","Kemba Walker","kemba walker",2020-08-11,2020,"2019-10-22","2020-10-11",30.2614647501711,72,184,2011,1,9,"2011-12-27",2011,FALSE,"PG",259,56,1,"Injury/Illness - Left Oblique; Strain","abdomen","strain",260,41,532,2.68,88.88,75.9,88.14,8.31,11.28,97.56,84.02,63.91,22.37,13.91,4.89,4.14,2.44,2.07,8.46,13.53,4.7,0.56,10.15,14.1,12.59,6.02,1.88,26.69,9.4,4.14,7.52,4.7,1.88,1.13,31.39,2.26,14.1,5.83,2.44,0.94,2.63,1.88,1.5,6.58,5.64,0.94,1.88,1.88,12.78,1.88,1.32,0.38,11.47,2.07,2.44,1.88,0.56,2.63,17.29,8.27,1.69,4.7,4.51,3.76,8.65,1.32,2.07,"Guard"
"Youtube/4480.mp3","Kemba Walker","kemba walker",2020-09-23,2020,"2019-10-22","2020-10-11",30.3791923340178,72,184,2011,1,9,"2011-12-27",2011,FALSE,"PG",216,41,1,"Injury/Illness - Left Oblique; Strain","abdomen","strain",303,56,266,3.89,95.8,49.46,25.06,7.39,7.52,97.37,82.33,62.41,23.68,18.8,4.14,4.51,5.64,3.01,4.89,12.78,4.89,0,11.65,12.03,7.89,7.89,4.89,23.68,6.39,3.76,7.89,4.89,1.88,1.13,35.71,3.76,23.31,7.89,0.75,3.76,1.88,6.02,3.38,4.14,2.26,1.88,1.5,0.38,18.8,3.38,0.38,0.75,15.41,0.38,0.75,0.75,0,0.38,13.53,6.02,1.13,3.76,3.01,2.26,6.39,3.01,3.38,"Guard"
"Youtube/4665.mp3","Kemba Walker","kemba walker",2022-11-30,2023,"2022-10-18","2023-06-12",32.5639972621492,72,184,2011,1,9,"2011-12-27",2011,FALSE,"PG",36,9,0,NA,NA,NA,547,37,1124,1,5.6,98.78,91.61,7.7,10.14,96.09,84.96,65.21,26.33,18.15,12.81,0.18,2.94,0.8,8.19,9.25,2.94,0.09,10.5,14.06,12.1,5.16,3.47,25.71,5.07,2.4,2.58,0.98,1.42,0.18,36.65,2.58,18.42,7.12,0.44,2.49,3.02,3.38,2.67,6.23,5.52,0.36,3.02,2.58,8.9,1.87,0.98,0.8,6.94,1.42,2.31,1.25,0.8,1.07,15.39,9.25,0.62,5.16,4.98,6.58,8.19,1.25,2.67,"Guard"
"Youtube/5021.mp3","Kemba Walker","kemba walker",2020-09-19,2020,"2019-10-22","2020-10-11",30.3682409308693,72,184,2011,1,9,"2011-12-27",2011,FALSE,"PG",220,42,1,"Injury/Illness - Left Oblique; Strain","abdomen","strain",299,55,437,5.23,99,30.64,90.75,8.09,9.15,96.11,81.24,62.47,25.4,17.85,3.2,9.84,2.52,0,7.55,13.5,3.66,0.23,9.61,10.76,8.24,4.35,2.52,23.57,5.95,3.2,15.33,11.44,3.2,0.92,24.26,1.83,14.19,4.58,2.75,1.37,0.92,2.97,1.83,6.86,5.95,0.92,1.14,1.14,20.14,3.43,1.6,0.92,17.85,3.89,2.29,1.14,0.69,1.14,16.02,7.55,2.29,5.26,1.83,5.49,4.12,1.37,0.46,"Guard"
"Youtube/6041.mp3","Kemba Walker","kemba walker",2020-09-19,2020,"2019-10-22","2020-10-11",30.3682409308693,72,184,2011,1,9,"2011-12-27",2011,FALSE,"PG",220,42,1,"Injury/Illness - Left Oblique; Strain","abdomen","strain",299,55,460,5.36,99,35.59,88.83,7.8,9.78,95.43,81.09,62.39,25.22,17.61,3.48,9.35,2.61,0,7.61,13.04,3.7,0.22,9.78,10.65,8.48,4.57,2.39,23.26,5.87,3.48,14.57,10.87,3.04,0.87,24.57,1.74,14.13,4.57,2.61,1.3,0.87,2.83,1.96,6.52,5.65,0.87,1.09,1.09,19.35,3.26,1.52,0.87,17.17,3.7,2.17,1.09,0.65,1.09,15.43,7.39,2.17,5,2.39,5.43,4.13,1.52,0.65,"Guard"
"Youtube/6075.mp3","Kemba Walker","kemba walker",2020-09-25,2020,"2019-10-22","2020-10-11",30.3846680355921,72,184,2011,1,9,"2011-12-27",2011,FALSE,"PG",214,40,1,"Injury/Illness - Left Oblique; Strain","abdomen","strain",305,57,612,12.81,99,83.69,71.51,8.16,10.29,95.92,82.35,61.27,22.55,16.67,3.59,7.03,4.25,0.33,5.88,12.91,5.56,0.65,10.78,9.31,9.48,4.58,1.96,21.73,7.03,4.41,10.78,8.01,1.96,1.47,28.1,2.78,12.91,5.72,1.14,1.31,1.8,1.47,2.29,5.88,4.58,1.31,1.96,0.98,17.48,3.27,1.31,0.98,14.71,2.45,2.45,1.63,0.49,1.31,15.03,9.97,2.94,7.03,4.58,6.7,4.74,1.63,3.1,"Guard"
"Youtube/6128.mp3","Kemba Walker","kemba walker",2022-11-30,2023,"2022-10-18","2023-06-12",32.5639972621492,72,184,2011,1,9,"2011-12-27",2011,FALSE,"PG",36,9,0,NA,NA,NA,547,37,1124,1,5.6,98.84,91.61,7.75,10.14,96.09,84.96,65.21,26.33,18.15,12.81,0.18,2.94,0.8,8.19,9.25,2.94,0.09,10.5,14.06,12.1,5.16,3.47,25.71,4.98,2.49,2.58,0.98,1.42,0.18,36.74,2.58,18.42,7.12,0.44,2.49,3.02,3.38,2.67,6.23,5.52,0.36,3.02,2.58,8.9,1.87,0.98,0.8,6.94,1.42,2.31,1.25,0.8,1.07,15.39,9.25,0.62,5.16,5.07,6.58,8.19,1.25,2.58,"Guard"
"Youtube/6170.mp3","Kemba Walker","kemba walker",2020-09-19,2020,"2019-10-22","2020-10-11",30.3682409308693,72,184,2011,1,9,"2011-12-27",2011,FALSE,"PG",220,42,1,"Injury/Illness - Left Oblique; Strain","abdomen","strain",299,55,430,5.69,99,30.75,91.32,7.54,9.3,96.05,81.16,62.56,25.35,17.67,3.26,9.53,2.56,0,7.67,13.72,3.72,0.23,9.77,10.7,7.91,4.42,2.56,23.26,6.05,3.26,15.12,11.16,3.26,0.93,24.42,1.86,14.19,4.42,2.79,1.4,0.93,3.02,1.86,6.98,6.05,0.93,1.16,1.16,20,3.49,1.63,0.93,17.67,3.95,2.33,1.16,0.7,1.16,16.05,7.67,2.33,5.35,1.86,5.58,4.19,0.93,0.47,"Guard"
"Youtube/889.mp3","Kemba Walker","kemba walker",2022-11-30,2023,"2022-10-18","2023-06-12",32.5639972621492,72,184,2011,1,9,"2011-12-27",2011,FALSE,"PG",36,9,0,NA,NA,NA,547,37,1125,1,5.31,98.88,91.58,7.71,10.13,96.09,84.89,65.16,26.31,18.22,12.89,0.18,2.93,0.8,8.09,9.24,2.93,0.09,10.49,13.96,12,5.24,3.47,25.6,4.98,2.49,2.58,0.98,1.42,0.18,36.71,2.58,18.49,7.11,0.44,2.49,3.11,3.38,2.76,6.22,5.51,0.36,3.02,2.58,8.89,1.87,0.98,0.8,6.93,1.42,2.31,1.24,0.8,1.07,15.38,9.16,0.62,5.07,5.07,6.58,8.09,1.24,2.76,"Guard"
"32837","Derrick White","derrick white",2022-06-12,2022,"2021-10-19","2022-06-16",27.9452429842574,76,190,2017,1,29,"2017-10-19",2017,TRUE,"G",584,141,1,"Injury/Illness - Left Ankle; Sprain","ankle","sprain",389,96,61,55.44,97.52,61.1,97.57,20.33,8.2,96.72,72.13,60.66,18.03,9.84,1.64,4.92,3.28,0,8.2,13.11,8.2,3.28,18.03,13.11,3.28,6.56,0,22.95,3.28,1.64,11.48,4.92,6.56,1.64,14.75,0,1.64,1.64,0,0,0,0,0,6.56,6.56,0,4.92,4.92,8.2,0,0,0,8.2,0,6.56,1.64,4.92,3.28,19.67,8.2,4.92,8.2,3.28,1.64,8.2,11.48,0,"Guard"
"32837","Derrick White","derrick white",2022-06-10,2022,"2021-10-19","2022-06-16",27.9397672826831,76,190,2017,1,29,"2017-10-19",2017,TRUE,"G",586,141,1,"Injury/Illness - Left Ankle; Sprain","ankle","sprain",387,95,52,59.28,40.06,94.47,49.66,13,19.23,90.38,65.38,51.92,15.38,11.54,5.77,3.85,0,0,3.85,17.31,11.54,0,9.62,5.77,9.62,0,3.85,15.38,3.85,1.92,7.69,3.85,1.92,1.92,25,5.77,15.38,5.77,0,0,7.69,0,1.92,1.92,1.92,0,0,0,7.69,0,0,0,7.69,0,5.77,1.92,3.85,3.85,11.54,15.38,3.85,9.62,0,1.92,1.92,0,0,"Guard"
"32837","Derrick White","derrick white",2022-06-07,2022,"2021-10-19","2022-06-16",27.9315537303217,76,190,2017,1,29,"2017-10-19",2017,TRUE,"G",589,143,1,"Injury/Illness - Left Ankle; Sprain","ankle","sprain",384,94,78,57.4,93.13,57.98,99,26,11.54,96.15,83.33,62.82,17.95,8.97,2.56,6.41,0,0,8.97,16.67,10.26,1.28,14.1,6.41,6.41,7.69,0,16.67,10.26,5.13,7.69,6.41,1.28,0,21.79,1.28,14.1,2.56,1.28,5.13,1.28,2.56,1.28,8.97,8.97,0,2.56,2.56,10.26,1.28,0,0,8.97,0,1.28,1.28,0,3.85,16.67,15.38,3.85,7.69,6.41,0,5.13,0,0,"Guard"
"32837","Derrick White","derrick white",2022-06-04,2022,"2021-10-19","2022-06-16",27.9233401779603,76,190,2017,1,29,"2017-10-19",2017,TRUE,"G",592,144,1,"Injury/Illness - Left Ankle; Sprain","ankle","sprain",381,93,68,19.42,99,93.5,66.58,22.67,16.18,98.53,85.29,67.65,20.59,11.76,0,10.29,0,0,8.82,8.82,5.88,1.47,17.65,13.24,7.35,10.29,0,29.41,0,2.94,14.71,11.76,0,2.94,30.88,0,14.71,4.41,4.41,0,1.47,2.94,2.94,2.94,2.94,0,1.47,1.47,16.18,4.41,0,2.94,11.76,1.47,4.41,2.94,1.47,0,10.29,14.71,4.41,11.76,4.41,4.41,10.29,4.41,1.47,"Guard"
"32837","Derrick White","derrick white",2022-05-27,2022,"2021-10-19","2022-06-16",27.9014373716632,76,190,2017,1,29,"2017-10-19",2017,TRUE,"G",600,146,1,"Injury/Illness - Left Ankle; Sprain","ankle","sprain",373,90,66,12.37,40.06,99,42.71,16.5,10.61,93.94,77.27,60.61,16.67,9.09,4.55,1.52,1.52,1.52,7.58,15.15,6.06,4.55,9.09,10.61,12.12,7.58,0,21.21,4.55,6.06,4.55,1.52,1.52,1.52,33.33,0,16.67,6.06,1.52,1.52,6.06,0,3.03,1.52,1.52,0,1.52,1.52,6.06,1.52,0,0,4.55,0,0,0,0,1.52,7.58,9.09,1.52,9.09,9.09,7.58,4.55,0,1.52,"Guard"
"32837","Derrick White","derrick white",2023-05-27,2023,"2022-10-18","2023-06-12",28.9007529089665,76,190,2017,1,29,"2017-10-19",2017,TRUE,"G",235,38,1,"Injury/Illness - Left Ankle; Sprain","ankle","sprain",738,198,77,2.92,7.72,41.14,39.1,19.25,7.79,88.31,77.92,64.94,24.68,18.18,11.69,0,0,1.3,6.49,6.49,5.19,0,10.39,9.09,10.39,10.39,2.6,19.48,2.6,0,3.9,0,1.3,2.6,19.48,1.3,7.79,1.3,1.3,1.3,2.6,1.3,0,3.9,2.6,1.3,1.3,1.3,6.49,0,0,0,6.49,5.19,1.3,0,1.3,1.3,3.9,11.69,2.6,6.49,1.3,11.69,1.3,0,0,"Guard"
"32837","Derrick White","derrick white",2024-06-17,2024,"2023-10-24","2024-06-17",29.9603011635866,76,190,2017,1,29,"2017-10-19",2017,TRUE,"G",167,19,1,"Injury/Illness - Right Foot; Sprain","foot","sprain",64,18,52,26.1,1,99,94.96,5.78,3.85,90.38,75,63.46,21.15,13.46,11.54,0,0,1.92,7.69,13.46,7.69,1.92,13.46,13.46,3.85,3.85,3.85,17.31,9.62,1.92,1.92,0,1.92,0,30.77,0,13.46,3.85,0,1.92,0,0,7.69,5.77,5.77,0,1.92,1.92,1.92,0,0,0,1.92,0,3.85,1.92,0,0,7.69,9.62,0,7.69,3.85,11.54,5.77,0,0,"Guard"
"32837","Derrick White","derrick white",2024-06-06,2024,"2023-10-24","2024-06-17",29.9301848049281,76,190,2017,1,29,"2017-10-19",2017,TRUE,"G",178,23,1,"Injury/Illness - Right Foot; Sprain","foot","sprain",53,14,57,15.72,99,58.46,46.76,19,12.28,94.74,78.95,63.16,22.81,10.53,1.75,5.26,3.51,0,12.28,14.04,7.02,0,14.04,3.51,10.53,14.04,0,12.28,5.26,7.02,8.77,7.02,1.75,1.75,21.05,3.51,12.28,3.51,0,0,8.77,0,1.75,1.75,1.75,0,0,0,14.04,1.75,0,0,12.28,0,0,0,0,1.75,10.53,8.77,1.75,7.02,3.51,0,5.26,3.51,0,"Guard"
"26681","Andrew Wiggins","andrew wiggins",2021-05-21,2021,"2020-12-22","2021-07-20",26.2395619438741,79,210,2014,1,1,"2014-10-30",2014,TRUE,"F",324,74,1,"Injury/Illness - Bilateral Low Back; Tightness","back","tightness",532,109,71,40.54,98.88,2.25,94.32,11.83,9.86,91.55,78.87,56.34,16.9,15.49,1.41,1.41,1.41,7.04,1.41,14.08,9.86,0,8.45,9.86,4.23,7.04,0,22.54,12.68,2.82,5.63,4.23,1.41,1.41,21.13,0,7.04,2.82,1.41,1.41,0,0,1.41,11.27,8.45,2.82,7.04,5.63,16.9,1.41,1.41,0,16.9,4.23,7.04,5.63,1.41,7.04,11.27,2.82,0,1.41,5.63,7.04,4.23,0,0,"Forward"
"26681","Andrew Wiggins","andrew wiggins",2023-05-10,2023,"2022-10-18","2023-06-12",28.208076659822,79,210,2014,1,1,"2014-10-30",2014,TRUE,"F",538,76,1,"Injury/Illness - Low Back; Strain","back","strain",134,26,54,66.04,99,5.41,99,13.5,5.56,94.44,70.37,53.7,20.37,14.81,1.85,1.85,9.26,1.85,5.56,12.96,11.11,0,12.96,7.41,1.85,5.56,0,20.37,5.56,1.85,7.41,1.85,1.85,3.7,16.67,0,11.11,3.7,3.7,0,1.85,0,1.85,11.11,11.11,0,1.85,1.85,14.81,1.85,0,0,12.96,0,5.56,5.56,0,3.7,18.52,5.56,0,1.85,0,0,5.56,3.7,1.85,"Forward"
"34924","Grant Williams","grant williams",2022-06-15,2022,"2021-10-19","2022-06-16",23.5400410677618,79,236,2019,1,22,"2019-10-23",2019,TRUE,"F",544,114,1,"Injury/Illness - Right Knee; Bone Bruise","knee","bruise",966,255,66,1,99,91.71,86.79,8.25,10.61,95.45,84.85,72.73,31.82,13.64,0,9.09,4.55,0,18.18,7.58,0,1.52,16.67,18.18,7.58,7.58,1.52,27.27,4.55,1.52,10.61,10.61,0,0,24.24,0,10.61,0,3.03,0,0,1.52,4.55,4.55,4.55,0,1.52,1.52,13.64,0,0,0,13.64,0,4.55,1.52,1.52,0,7.58,15.15,1.52,15.15,4.55,9.09,7.58,6.06,0,"Forward"
"34924","Grant Williams","grant williams",2022-06-12,2022,"2021-10-19","2022-06-16",23.5318275154004,79,236,2019,1,22,"2019-10-23",2019,TRUE,"F",547,115,1,"Injury/Illness - Right Knee; Bone Bruise","knee","bruise",963,254,92,8.37,95.64,9.43,53.96,23,14.13,92.39,70.65,59.78,18.48,13.04,2.17,6.52,3.26,1.09,5.43,11.96,5.43,1.09,9.78,14.13,4.35,10.87,2.17,21.74,4.35,5.43,16.3,7.61,4.35,4.35,26.09,0,16.3,3.26,2.17,4.35,2.17,1.09,4.35,4.35,3.26,1.09,1.09,0,15.22,4.35,1.09,1.09,11.96,0,6.52,4.35,2.17,1.09,5.43,5.43,0,2.17,3.26,1.09,7.61,4.35,1.09,"Forward"
"34924","Grant Williams","grant williams",2022-06-07,2022,"2021-10-19","2022-06-16",23.5181382614647,79,236,2019,1,22,"2019-10-23",2019,TRUE,"F",552,117,1,"Injury/Illness - Right Knee; Bone Bruise","knee","bruise",958,252,66,3.27,97.86,79.84,96.12,16.5,12.12,93.94,80.3,69.7,22.73,12.12,1.52,4.55,1.52,4.55,10.61,9.09,3.03,3.03,19.7,13.64,10.61,15.15,1.52,21.21,1.52,4.55,9.09,7.58,3.03,0,30.3,1.52,12.12,6.06,6.06,0,0,1.52,0,6.06,6.06,0,4.55,4.55,13.64,3.03,1.52,0,12.12,0,4.55,3.03,1.52,1.52,12.12,7.58,0,7.58,7.58,6.06,7.58,1.52,0,"Forward"
"34924","Grant Williams","grant williams",2022-06-01,2022,"2021-10-19","2022-06-16",23.501711156742,79,236,2019,1,22,"2019-10-23",2019,TRUE,"F",558,119,1,"Injury/Illness - Right Knee; Bone Bruise","knee","bruise",952,250,53,18.67,1.31,99,49.04,10.6,24.53,88.68,75.47,62.26,18.87,15.09,15.09,0,0,0,3.77,15.09,11.32,1.89,7.55,9.43,9.43,9.43,0,18.87,1.89,3.77,1.89,0,1.89,0,32.08,0,13.21,5.66,1.89,0,0,5.66,0,1.89,1.89,0,0,0,1.89,0,0,0,1.89,1.89,3.77,1.89,1.89,0,5.66,13.21,1.89,9.43,9.43,15.09,1.89,1.89,1.89,"Forward"
"34924","Grant Williams","grant williams",2020-09-21,2020,"2019-10-22","2020-10-11",21.8097193702943,79,236,2019,1,22,"2019-10-23",2019,TRUE,"F",1176,286,1,"Injury/Illness - Right Knee; Bone Bruise","knee","bruise",334,83,55,3.8,80.05,95.15,98.85,18.33,12.73,98.18,81.82,67.27,23.64,7.27,1.82,1.82,3.64,0,16.36,12.73,3.64,3.64,14.55,12.73,9.09,12.73,0,21.82,3.64,5.45,3.64,1.82,1.82,0,25.45,0,9.09,7.27,3.64,0,1.82,0,1.82,7.27,7.27,0,1.82,1.82,7.27,1.82,0,0,5.45,0,3.64,1.82,0,1.82,3.64,12.73,3.64,5.45,7.27,3.64,5.45,3.64,0,"Forward"
"41599","Jaylin Williams","jaylin williams",2023-03-18,2023,"2022-10-18","2023-06-12",20.7173169062286,81,240,2022,2,34,"2022-10-20",2022,TRUE,"F",221,13,1,"Injury/Illness - Right Hamstring; Strain","hamstring","strain",71,27,54,19.76,97.57,27.44,99,9,11.11,94.44,77.78,57.41,24.07,16.67,3.7,5.56,3.7,0,7.41,11.11,3.7,0,12.96,11.11,3.7,3.7,1.85,24.07,5.56,3.7,12.96,5.56,5.56,3.7,27.78,1.85,12.96,5.56,1.85,3.7,0,0,1.85,7.41,7.41,0,0,0,14.81,1.85,0,1.85,12.96,3.7,7.41,3.7,3.7,0,14.81,3.7,1.85,1.85,7.41,3.7,7.41,1.85,0,"Forward"
"41599","Jaylin Williams","jaylin williams",2024-03-21,2024,"2023-10-24","2024-06-17",21.7275838466804,81,240,2022,2,34,"2022-10-20",2022,TRUE,"F",217,23,1,"Injury/Illness - Right Hamstring; Strain","hamstring","strain",15,6,63,21.46,16.63,99,70.15,21,14.29,98.41,79.37,68.25,14.29,7.94,7.94,0,0,0,6.35,17.46,6.35,1.59,17.46,12.7,12.7,9.52,1.59,19.05,4.76,3.17,11.11,1.59,7.94,3.17,19.05,1.59,7.94,1.59,0,3.17,1.59,0,0,3.17,3.17,0,1.59,1.59,6.35,1.59,1.59,0,4.76,0,1.59,0,1.59,0,14.29,17.46,3.17,17.46,4.76,7.94,3.17,0,1.59,"Forward"
"Youtube/1204.mp3","Jaylin Williams","jaylin williams",2026-05-22,2026,"2025-10-21","2026-06-13",23.895961670089,81,240,2022,2,34,"2022-10-20",2022,TRUE,"F",8,4,0,NA,NA,NA,40,10,987,7.61,53.37,48.64,78.08,11.89,10.03,95.04,79.43,66.57,24.42,15.7,6.38,2.53,1.11,0.3,8.71,12.36,6.18,0.51,14.69,14.89,6.18,8.31,2.53,21.18,5.57,3.24,8,3.24,3.24,2.33,26.65,1.52,11.14,2.13,1.01,1.93,1.62,0.91,4.26,5.57,4.66,0.91,3.24,2.94,14.49,3.14,0.61,0.91,11.75,6.28,3.95,3.14,0.71,0.91,12.16,8.92,1.32,7.29,3.55,2.63,10.54,1.22,1.52,"Forward"
"Youtube/3808.mp3","Jaylin Williams","jaylin williams",2026-01-13,2026,"2025-10-21","2026-06-13",23.5427789185489,81,240,2022,2,34,"2022-10-20",2022,TRUE,"F",8,3,1,"Injury/Illness - Left Glut; Contusion","hip","contusion",4,1,457,25.7,64.62,18.25,94.58,15.23,10.5,95.62,82.28,66.74,20.35,12.47,4.81,2.63,1.53,1.53,7.88,14,5.03,0.66,18.16,8.97,7.22,10.07,1.75,18.16,6.56,4.81,9.63,4.16,4.81,1.97,19.47,1.31,11.16,1.53,1.31,2.63,2.41,1.53,3.06,7,6.35,0.66,2.19,1.75,14,5.03,1.53,1.97,9.63,2.41,4.81,4.6,0,1.75,8.97,6.78,1.31,3.94,2.84,1.53,5.69,1.53,1.75,"Forward"
"Youtube/5516.mp3","Jaylin Williams","jaylin williams",2026-02-25,2026,"2025-10-21","2026-06-13",23.6605065023956,81,240,2022,2,34,"2022-10-20",2022,TRUE,"F",44,20,1,"Injury/Illness - Right Achilles; Tendinitis","achilles","inflammation",35,14,701,6.53,89.85,81.05,55.79,11.88,9.13,95.58,82.17,67.62,24.39,15.12,5.28,4.14,1.85,0.86,9.27,13.84,5.56,1.14,14.27,15.98,8.13,6.56,1.28,24.11,5.71,4.28,6.99,5.85,0.57,0.71,28.96,3,10.98,4.14,1.43,0.86,2,0.71,2.57,5.14,3.71,1.43,1.43,0.86,14.69,2,1.14,0.14,13.41,3.99,2.57,2.14,0.29,0.86,9.7,11.13,2.71,8.42,3.14,3.99,9.84,2.43,3.28,"Forward"
"Youtube/5634.mp3","Jaylin Williams","jaylin williams",2026-02-04,2026,"2025-10-21","2026-06-13",23.6030116358658,81,240,2022,2,34,"2022-10-20",2022,TRUE,"F",65,28,1,"Injury/Illness - Right Achilles; Tendinitis","achilles","inflammation",14,6,720,9.46,53.33,79.39,92.36,13.58,12.08,95.83,81.67,64.72,22.78,11.39,5.42,2.22,2.08,0.42,11.39,13.47,5.83,1.11,12.08,13.75,7.64,6.53,1.11,22.36,8.33,4.03,5.14,2.92,1.67,1.11,24.86,0.69,12.08,2.64,0.83,0.97,1.94,1.81,4.86,6.67,5.97,0.69,1.81,1.25,11.11,1.94,0.28,0.83,9.31,2.92,4.58,4.03,0.56,0.69,10.42,9.44,2.22,6.25,3.06,3.75,7.08,2.36,3.33,"Forward"
"Youtube/5699.mp3","Jaylin Williams","jaylin williams",2026-03-03,2026,"2025-10-21","2026-06-13",23.6769336071184,81,240,2022,2,34,"2022-10-20",2022,TRUE,"F",38,17,1,"Injury/Illness - Right Achilles; Tendinitis","achilles","inflammation",41,17,677,12.46,79.29,49.28,66.78,15.04,8.71,93.8,80.95,66.47,23.04,13,5.32,3.4,1.03,1.77,10.04,14.33,7.68,0.44,13.74,13.88,7.68,7.98,0.59,22.75,3.99,2.81,6.65,4.28,1.62,0.89,25.41,1.48,10.49,2.95,1.62,1.48,2.66,0.74,2.07,3.69,3.25,0.3,1.18,0.74,13.44,2.81,1.62,1.18,10.64,3.25,1.77,0.89,0.59,1.77,6.94,8.71,1.33,6.06,3.25,4.58,7.83,1.62,2.36,"Forward"
"35709","Lou Williams","lou williams",2021-06-29,2021,"2020-12-22","2021-07-20",34.6721423682409,74,175,2005,2,45,"2005-11-02",2005,FALSE,"SG",219,38,1,"Injury/Illness - Low Back; Spasms","back","spasm",163,69,59,68.59,50.15,99,45.75,11.8,8.47,96.61,76.27,57.63,15.25,8.47,1.69,1.69,5.08,0,6.78,15.25,6.78,1.69,18.64,11.86,3.39,3.39,1.69,28.81,5.08,6.78,1.69,1.69,0,0,27.12,0,15.25,3.39,0,0,0,0,11.86,1.69,1.69,0,0,0,10.17,0,0,0,10.17,3.39,6.78,6.78,0,5.08,10.17,11.86,5.08,6.78,3.39,1.69,8.47,10.17,0,"Guard"
"35709","Lou Williams","lou williams",2020-09-15,2020,"2019-10-22","2020-10-11",33.886379192334,74,175,2005,2,45,"2005-11-02",2005,FALSE,"SG",122,12,1,"Injury/Illness - Left Hip; Discomfort","hip","pain",635,132,56,26.1,99,89.39,47.3,9.33,7.14,91.07,78.57,57.14,30.36,17.86,1.79,16.07,0,0,12.5,19.64,5.36,1.79,10.71,7.14,0,1.79,1.79,21.43,5.36,10.71,21.43,17.86,3.57,0,17.86,0,8.93,7.14,0,0,0,0,1.79,1.79,1.79,0,0,0,17.86,0,0,0,17.86,0,0,0,0,1.79,8.93,10.71,3.57,7.14,3.57,10.71,3.57,3.57,1.79,"Guard"
"35709","Lou Williams","lou williams",2020-08-23,2020,"2019-10-22","2020-10-11",33.82340862423,74,175,2005,2,45,"2005-11-02",2005,FALSE,"SG",145,21,1,"Injury/Illness - Left Hip; Discomfort","hip","pain",612,123,51,35.2,99,90.94,80.19,10.2,17.65,94.12,84.31,60.78,23.53,19.61,5.88,13.73,0,0,3.92,19.61,9.8,3.92,9.8,7.84,5.88,3.92,0,23.53,3.92,9.8,17.65,13.73,3.92,1.96,19.61,0,9.8,5.88,1.96,0,1.96,0,0,7.84,5.88,1.96,1.96,1.96,13.73,0,0,0,13.73,0,1.96,1.96,0,3.92,1.96,9.8,3.92,5.88,3.92,7.84,1.96,1.96,0,"Guard"
"35709","Lou Williams","lou williams",2020-08-11,2020,"2019-10-22","2020-10-11",33.7905544147844,74,175,2005,2,45,"2005-11-02",2005,FALSE,"SG",157,26,1,"Injury/Illness - Left Hip; Discomfort","hip","pain",600,119,50,69.05,99,22.74,95.9,12.5,16,88,76,54,18,12,2,10,0,0,6,14,6,0,18,14,0,2,0,26,10,6,20,12,4,4,18,0,6,2,2,0,0,0,2,6,6,0,0,0,14,2,2,0,14,2,2,0,2,2,10,8,2,4,2,4,6,0,0,"Guard"
"35709","Lou Williams","lou williams",2020-08-04,2020,"2019-10-22","2020-10-11",33.7713894592745,74,175,2005,2,45,"2005-11-02",2005,FALSE,"SG",164,29,1,"Injury/Illness - Left Hip; Discomfort","hip","pain",593,115,59,73,10.17,98.71,91.11,19.67,15.25,91.53,74.58,55.93,18.64,13.56,13.56,0,0,0,5.08,13.56,8.47,1.69,16.95,5.08,5.08,5.08,0,16.95,10.17,3.39,5.08,1.69,1.69,3.39,18.64,0,16.95,5.08,1.69,1.69,6.78,0,0,5.08,5.08,0,0,0,10.17,1.69,0,0,6.78,3.39,3.39,0,1.69,0,6.78,18.64,3.39,8.47,1.69,10.17,1.69,0,0,"Guard"
"35709","Lou Williams","lou williams",2020-07-19,2020,"2019-10-22","2020-10-11",33.7275838466804,74,175,2005,2,45,"2005-11-02",2005,FALSE,"SG",180,30,1,"Injury/Illness - Left Hip; Discomfort","hip","pain",577,115,78,16.35,81.78,66.8,99,13,15.38,92.31,70.51,58.97,20.51,12.82,3.85,7.69,0,1.28,7.69,14.1,3.85,2.56,16.67,16.67,8.97,3.85,0,28.21,3.85,3.85,14.1,7.69,5.13,1.28,25.64,1.28,8.97,2.56,1.28,0,0,0,5.13,8.97,8.97,0,1.28,1.28,8.97,0,0,0,8.97,0,5.13,5.13,0,0,5.13,5.13,0,5.13,3.85,0,5.13,17.95,0,"Guard"
"35709","Lou Williams","lou williams",2020-07-11,2020,"2019-10-22","2020-10-11",33.7056810403833,74,175,2005,2,45,"2005-11-02",2005,FALSE,"SG",188,30,1,"Injury/Illness - Left Hip; Discomfort","hip","pain",569,115,61,6.96,99,49.37,0,20.33,9.84,100,86.89,72.13,26.23,16.39,0,16.39,0,0,9.84,16.39,8.2,1.64,13.11,8.2,6.56,14.75,1.64,24.59,3.28,3.28,18.03,18.03,0,0,22.95,3.28,8.2,6.56,0,0,1.64,0,1.64,0,0,0,0,0,27.87,6.56,1.64,4.92,22.95,0,0,0,0,1.64,3.28,6.56,1.64,6.56,1.64,16.39,0,6.56,0,"Guard"
"35709","Lou Williams","lou williams",2020-07-10,2020,"2019-10-22","2020-10-11",33.7029431895962,74,175,2005,2,45,"2005-11-02",2005,FALSE,"SG",189,30,1,"Injury/Illness - Left Hip; Discomfort","hip","pain",568,115,61,6.96,99,49.37,0,20.33,9.84,100,86.89,72.13,26.23,16.39,0,16.39,0,0,9.84,16.39,8.2,1.64,13.11,8.2,6.56,14.75,1.64,24.59,3.28,3.28,18.03,18.03,0,0,22.95,3.28,8.2,6.56,0,0,1.64,0,1.64,0,0,0,0,0,27.87,6.56,1.64,4.92,22.95,0,0,0,0,1.64,3.28,6.56,1.64,6.56,1.64,16.39,0,6.56,0,"Guard"
"35709","Lou Williams","lou williams",2019-04-26,2019,"2018-12-20","2019-06-13",32.4955509924709,74,175,2005,2,45,"2005-11-02",2005,FALSE,"SG",630,90,1,"Injury/Illness - Left Hip; Discomfort","hip","pain",127,54,50,12.09,99,49.13,99,10,12,98,84,60,30,16,2,8,4,2,14,8,2,0,14,10,4,4,0,26,6,2,12,10,2,0,18,0,8,4,0,2,0,2,0,10,8,0,10,8,24,2,2,0,22,0,0,0,0,0,14,14,4,8,2,8,2,0,0,"Guard"
"35709","Lou Williams","lou williams",2019-04-13,2019,"2018-12-20","2019-06-13",32.4599589322382,74,175,2005,2,45,"2005-11-02",2005,FALSE,"SG",643,95,1,"Injury/Illness - Left Hip; Discomfort","hip","pain",114,49,87,15.61,99,51.97,3.47,43.5,16.09,91.95,73.56,57.47,20.69,16.09,3.45,6.9,2.3,2.3,4.6,14.94,6.9,2.3,6.9,11.49,3.45,8.05,0,21.84,5.75,8.05,10.34,6.9,3.45,3.45,27.59,1.15,11.49,5.75,0,1.15,3.45,0,1.15,4.6,1.15,3.45,1.15,0,19.54,5.75,0,2.3,12.64,1.15,2.3,1.15,1.15,3.45,9.2,4.6,0,4.6,5.75,4.6,6.9,0,1.15,"Guard"
"34844","Trae Young","trae young",2021-07-03,2021,"2020-12-22","2021-07-20",22.7871321013005,74,164,2018,1,5,"2018-10-17",2018,TRUE,"G",186,33,1,"Injury/Illness - Low Back; Contusion","back","contusion",2,0,57,22.98,94.48,87.88,98.45,8.14,10.53,98.25,78.95,63.16,24.56,10.53,3.51,7.02,0,0,14.04,26.32,12.28,0,7.02,10.53,7.02,3.51,0,19.3,5.26,5.26,8.77,7.02,1.75,0,35.09,3.51,14.04,5.26,0,1.75,0,5.26,1.75,7.02,7.02,0,3.51,3.51,12.28,0,0,0,10.53,3.51,5.26,1.75,1.75,0,14.04,8.77,0,7.02,8.77,3.51,8.77,0,1.75,"Guard"
"34844","Trae Young","trae young",2021-06-25,2021,"2020-12-22","2021-07-20",22.7652292950034,74,164,2018,1,5,"2018-10-17",2018,TRUE,"G",4,1,1,"Injury/Illness - Right Foot; Bone Bruise","foot","bruise",58,22,53,37.52,8.26,41.82,99,13.25,5.66,96.23,88.68,64.15,13.21,9.43,7.55,1.89,0,0,3.77,15.09,7.55,0,15.09,13.21,7.55,7.55,1.89,24.53,15.09,7.55,9.43,1.89,7.55,0,15.09,1.89,5.66,1.89,1.89,0,0,1.89,1.89,9.43,9.43,0,0,0,3.77,1.89,1.89,0,1.89,0,3.77,1.89,1.89,7.55,9.43,3.77,1.89,1.89,1.89,3.77,1.89,3.77,1.89,"Guard"
"34844","Trae Young","trae young",2021-06-23,2021,"2020-12-22","2021-07-20",22.7597535934292,74,164,2018,1,5,"2018-10-17",2018,TRUE,"G",6,2,1,"Injury/Illness - Right Foot; Bone Bruise","foot","bruise",56,21,84,23.27,99,48.09,37.34,16.8,11.9,96.43,77.38,64.29,17.86,13.1,1.19,9.52,2.38,0,4.76,15.48,7.14,2.38,15.48,11.9,13.1,4.76,1.19,23.81,2.38,1.19,13.1,11.9,1.19,0,26.19,0,14.29,1.19,0,3.57,0,4.76,2.38,2.38,1.19,0,1.19,0,15.48,3.57,2.38,1.19,14.29,0,3.57,3.57,0,3.57,4.76,16.67,3.57,10.71,2.38,7.14,7.14,1.19,0,"Guard"
"34844","Trae Young","trae young",2020-02-15,2020,"2019-10-22","2020-10-11",21.4072553045859,74,164,2018,1,5,"2018-10-17",2018,TRUE,"G",344,26,1,"Injury/Illness - Back; Spasm","back","spasm",8,4,54,19.76,62.05,2.63,93.93,13.5,7.41,96.3,75.93,62.96,24.07,20.37,11.11,0,0,0,3.7,14.81,11.11,0,9.26,14.81,5.56,3.7,0,22.22,5.56,9.26,7.41,3.7,0,5.56,33.33,1.85,14.81,3.7,0,3.7,7.41,1.85,1.85,5.56,5.56,0,0,0,27.78,14.81,1.85,5.56,16.67,9.26,1.85,0,1.85,0,11.11,0,0,0,3.7,9.26,5.56,3.7,1.85,"Guard"
"34844","Trae Young","trae young",2020-02-14,2020,"2019-10-22","2020-10-11",21.4045174537988,74,164,2018,1,5,"2018-10-17",2018,TRUE,"G",345,26,1,"Injury/Illness - Back; Spasm","back","spasm",7,3,57,19.15,70.59,33.61,98.45,11.4,5.26,96.49,77.19,63.16,17.54,5.26,1.75,3.51,0,0,12.28,22.81,5.26,0,10.53,12.28,7.02,5.26,1.75,21.05,8.77,5.26,8.77,8.77,0,0,24.56,7.02,8.77,1.75,0,1.75,0,0,5.26,7.02,7.02,0,3.51,3.51,14.04,7.02,5.26,0,10.53,1.75,7.02,7.02,0,0,14.04,7.02,1.75,5.26,1.75,0,8.77,8.77,3.51,"Guard"
"34844","Trae Young","trae young",2020-02-14,2020,"2019-10-22","2020-10-11",21.4045174537988,74,164,2018,1,5,"2018-10-17",2018,TRUE,"G",345,26,1,"Injury/Illness - Back; Spasm","back","spasm",7,3,57,8,60.92,22.93,92.27,8.14,8.77,89.47,77.19,61.4,26.32,15.79,7.02,0,1.75,0,10.53,15.79,7.02,0,8.77,14.04,5.26,5.26,0,22.81,7.02,1.75,1.75,0,1.75,0,28.07,3.51,3.51,1.75,0,0,1.75,0,0,7.02,5.26,0,3.51,1.75,12.28,3.51,0,3.51,8.77,5.26,1.75,1.75,0,0,5.26,5.26,3.51,1.75,5.26,17.54,0,3.51,0,"Guard"
"34844","Trae Young","trae young",2019-02-15,2019,"2018-12-20","2019-06-13",20.4079397672827,74,164,2018,1,5,"2018-10-17",2018,TRUE,"G",258,27,1,"Injury/Illness - Right ankle sprain","ankle","sprain",56,28,59,68.59,89.96,53.8,99,19.67,5.08,98.31,81.36,61.02,13.56,6.78,0,6.78,0,0,6.78,13.56,8.47,1.69,18.64,6.78,5.08,11.86,0,13.56,10.17,3.39,13.56,8.47,5.08,1.69,23.73,0,11.86,3.39,1.69,1.69,0,0,5.08,8.47,8.47,0,5.08,5.08,8.47,1.69,1.69,0,8.47,0,6.78,6.78,0,0,13.56,5.08,0,5.08,6.78,6.78,3.39,0,1.69,"Guard"
"34844","Trae Young","trae young",2024-12-14,2025,"2024-10-22","2025-06-22",26.2368240930869,74,164,2018,1,5,"2018-10-17",2018,TRUE,"G",7,1,1,"Injury/Illness - Right Heel; Contusion","foot","contusion",32,14,71,11.51,99,96.56,83.63,17.75,11.27,95.77,70.42,57.75,23.94,16.9,1.41,4.23,4.23,7.04,7.04,12.68,5.63,0,11.27,9.86,5.63,7.04,2.82,22.54,1.41,1.41,7.04,4.23,1.41,1.41,29.58,1.41,9.86,4.23,4.23,0,0,0,1.41,4.23,4.23,0,2.82,2.82,22.54,2.82,1.41,1.41,18.31,1.41,1.41,0,1.41,1.41,11.27,7.04,4.23,5.63,11.27,4.23,4.23,7.04,0,"Guard"
"31432","Ivica Zubac","ivica zubac",2021-06-25,2021,"2020-12-22","2021-07-20",24.2710472279261,84,240,2016,2,32,"2016-11-02",2016,TRUE,"C",3,1,1,"Injury/Illness - Right Knee; MCL Sprain","knee","MCL injury",917,225,93,15.21,99,35.88,99,9.3,13.98,95.7,78.49,60.22,20.43,13.98,0,13.98,0,0,6.45,17.2,5.38,0,13.98,15.05,6.45,5.38,2.15,29.03,5.38,4.3,23.66,18.28,5.38,1.08,31.18,3.23,12.9,4.3,2.15,2.15,1.08,0,3.23,7.53,7.53,0,2.15,2.15,20.43,6.45,4.3,2.15,17.2,0,2.15,2.15,0,2.15,10.75,6.45,1.08,5.38,4.3,9.68,9.68,2.15,0,"Center"
"31432","Ivica Zubac","ivica zubac",2021-06-21,2021,"2020-12-22","2021-07-20",24.2600958247776,84,240,2016,2,32,"2016-11-02",2016,TRUE,"C",7,3,1,"Injury/Illness - Right Knee; MCL Sprain","knee","MCL injury",913,223,63,8.2,99,16.25,6.51,15.75,14.29,93.65,85.71,58.73,20.63,17.46,0,4.76,3.17,0,3.17,11.11,6.35,0,12.7,14.29,9.52,9.52,0,26.98,12.7,9.52,11.11,4.76,6.35,0,34.92,3.17,12.7,3.17,0,3.17,0,1.59,4.76,11.11,4.76,6.35,6.35,0,23.81,6.35,0,0,17.46,7.94,1.59,1.59,0,4.76,12.7,7.94,1.59,7.94,6.35,4.76,11.11,0,0,"Center"
"31432","Ivica Zubac","ivica zubac",2021-05-24,2021,"2020-12-22","2021-07-20",24.1834360027378,84,240,2016,2,32,"2016-11-02",2016,TRUE,"C",35,16,1,"Injury/Illness - Right Knee; MCL Sprain","knee","MCL injury",885,210,64,43.4,99,5.64,43.51,10.67,12.5,87.5,71.87,60.94,23.44,15.63,1.56,4.69,3.13,0,7.81,20.31,9.37,1.56,15.62,10.94,3.13,4.69,1.56,17.19,3.13,3.12,10.94,6.25,1.56,3.13,21.88,3.13,3.13,3.13,1.56,0,0,0,0,7.81,4.69,3.13,0,0,17.19,3.13,1.56,0,15.63,6.25,0,0,0,1.56,7.81,6.25,1.56,4.69,4.69,4.69,7.81,3.13,1.56,"Center"
"31432","Ivica Zubac","ivica zubac",2020-09-08,2020,"2019-10-22","2020-10-11",23.4770704996578,84,240,2016,2,32,"2016-11-02",2016,TRUE,"C",293,93,1,"Injury/Illness - Right Knee; MCL Sprain","knee","MCL injury",627,133,55,1,71.57,84.17,76.62,18.33,5.45,92.73,81.82,69.09,21.82,12.73,1.82,10.91,0,0,9.09,14.55,7.27,0,10.91,16.36,10.91,10.91,7.27,29.09,0,1.82,18.18,10.91,5.45,1.82,40,9.09,16.36,1.82,3.64,3.64,0,0,7.27,3.64,3.64,0,0,0,16.36,5.45,0,0,10.91,0,0,0,0,5.45,10.91,7.27,3.64,3.64,9.09,5.45,9.09,0,0,"Center"
"31432","Ivica Zubac","ivica zubac",2020-08-21,2020,"2019-10-22","2020-10-11",23.4277891854894,84,240,2016,2,32,"2016-11-02",2016,TRUE,"C",311,99,1,"Injury/Illness - Right Knee; MCL Sprain","knee","MCL injury",609,126,59,48.82,84.73,4,1.14,14.75,6.78,89.83,76.27,62.71,28.81,22.03,10.17,6.78,0,0,6.78,11.86,6.78,0,18.64,10.17,0,3.39,0,25.42,0,3.39,13.56,6.78,1.69,5.08,16.95,0,6.78,1.69,0,5.08,0,0,0,3.39,0,3.39,0,0,16.95,5.08,0,1.69,11.86,3.39,1.69,1.69,0,1.69,0,1.69,0,1.69,3.39,3.39,6.78,13.56,0,"Center"
"31432","Ivica Zubac","ivica zubac",2020-08-13,2020,"2019-10-22","2020-10-11",23.4058863791923,84,240,2016,2,32,"2016-11-02",2016,TRUE,"C",319,103,1,"Injury/Illness - Right Knee; MCL Sprain","knee","MCL injury",601,123,52,11.08,93.13,89.39,99,17.33,5.77,94.23,84.62,65.38,23.08,15.38,3.85,5.77,0,5.77,7.69,11.54,1.92,1.92,17.31,15.38,7.69,5.77,0,30.77,1.92,11.54,7.69,5.77,1.92,0,30.77,1.92,11.54,5.77,1.92,1.92,0,1.92,1.92,9.62,9.62,0,1.92,1.92,11.54,0,0,0,11.54,0,1.92,1.92,0,1.92,11.54,9.62,1.92,9.62,3.85,5.77,5.77,9.62,0,"Center"
"31432","Ivica Zubac","ivica zubac",2020-07-27,2020,"2019-10-22","2020-10-11",23.3593429158111,84,240,2016,2,32,"2016-11-02",2016,TRUE,"C",336,110,1,"Injury/Illness - Right Knee; MCL Sprain","knee","MCL injury",584,116,84,56.86,97.11,72.58,75.77,16.8,9.52,97.62,84.52,60.71,17.86,14.29,3.57,3.57,5.95,1.19,3.57,13.1,7.14,0,16.67,9.52,3.57,5.95,1.19,28.57,5.95,5.95,17.86,5.95,11.9,0,27.38,4.76,9.52,3.57,0,3.57,0,0,3.57,3.57,3.57,0,0,0,15.48,2.38,2.38,0,13.1,0,8.33,1.19,5.95,5.95,16.67,11.9,0,10.71,3.57,10.71,2.38,0,0,"Center"
"31432","Ivica Zubac","ivica zubac",2023-04-14,2023,"2022-10-18","2023-06-12",26.072553045859,84,240,2016,2,32,"2016-11-02",2016,TRUE,"C",275,43,1,"Injury/Illness - Right Calf; Tightness","calf","tightness",47,17,100,33.98,63.73,97.54,20.23,12.5,7,97,82,62,21,13,6,5,0,2,8,12,5,3,17,9,6,7,1,23,7,6,9,5,4,1,24,0,11,6,2,3,2,0,1,6,3,3,2,1,10,2,0,0,7,0,5,3,2,1,12,13,4,7,8,8,4,2,0,"Center"
"22125","Harrison Barnes","harrison barnes",2023-04-20,2023,"2022-10-18","2023-06-12",30.8884325804244,79,225,2012,1,7,"2012-11-01",2012,TRUE,"F",1051,231,1,"Injury/Illness - Left Ankle; Impingement","ankle","impingement",502,142,61,69.49,99,87.98,6.23,12.2,14.75,100,86.89,70.49,22.95,18.03,3.28,9.84,0,4.92,4.92,14.75,8.2,4.92,21.31,8.2,4.92,1.64,1.64,18.03,8.2,6.56,11.48,11.48,1.64,0,21.31,3.28,13.11,6.56,1.64,1.64,0,1.64,1.64,1.64,0,1.64,1.64,0,16.39,1.64,0,0,14.75,0,1.64,1.64,0,1.64,8.2,14.75,3.28,8.2,3.28,6.56,0,3.28,0,"Forward"
"32853","Bruce Brown","bruce brown",2023-06-03,2023,"2022-10-18","2023-06-12",26.798083504449,76,202,2018,2,42,"2018-10-17",2018,FALSE,"G",203,32,1,"Injury/Illness - Right Knee; Bone bruise","knee","bruise",56,17,50,28.63,1.98,99,0,25,12,100,78,64,22,14,12,0,0,2,8,16,6,2,16,8,6,8,2,20,6,6,2,2,0,0,28,2,10,0,2,0,4,0,4,0,0,0,0,0,8,0,0,0,6,0,10,2,8,2,12,14,0,8,10,14,2,0,0,"Guard"
"32853","Bruce Brown","bruce brown",2023-06-01,2023,"2022-10-18","2023-06-12",26.7926078028747,76,202,2018,2,42,"2018-10-17",2018,FALSE,"G",205,32,1,"Injury/Illness - Right Knee; Bone bruise","knee","bruise",54,16,55,3.8,61.66,16.38,5.35,6.88,1.82,92.73,80,63.64,18.18,9.09,1.82,5.45,0,1.82,9.09,10.91,3.64,0,10.91,21.82,5.45,5.45,3.64,34.55,5.45,1.82,10.91,5.45,5.45,0,32.73,1.82,14.55,5.45,0,3.64,1.82,0,3.64,5.45,1.82,3.64,0,0,12.73,5.45,0,0,7.27,0,1.82,1.82,0,1.82,7.27,7.27,1.82,3.64,0,5.45,12.73,5.45,0,"Guard"
"32853","Bruce Brown","bruce brown",2023-06-12,2023,"2022-10-18","2023-06-12",26.8227241615332,76,202,2018,2,42,"2018-10-17",2018,FALSE,"G",194,28,1,"Injury/Illness - Right Knee; Bone bruise","knee","bruise",65,20,53,22.75,99,41.82,78.39,6.63,13.21,92.45,77.36,60.38,22.64,16.98,1.89,15.09,0,0,5.66,11.32,1.89,5.66,15.09,7.55,9.43,3.77,0,18.87,3.77,7.55,22.64,16.98,5.66,0,26.42,3.77,13.21,3.77,1.89,1.89,0,5.66,0,3.77,3.77,0,3.77,3.77,16.98,0,0,0,16.98,0,9.43,1.89,7.55,0,3.77,13.21,0,9.43,3.77,11.32,3.77,0,0,"Guard"
"32853","Bruce Brown","bruce brown",2023-06-11,2023,"2022-10-18","2023-06-12",26.8199863107461,76,202,2018,2,42,"2018-10-17",2018,FALSE,"G",195,29,1,"Injury/Illness - Right Knee; Bone bruise","knee","bruise",64,20,53,7.19,99,18.63,94.44,13.25,18.87,96.23,84.91,60.38,18.87,13.21,0,9.43,0,3.77,5.66,13.21,7.55,0,9.43,15.09,11.32,5.66,1.89,28.3,7.55,3.77,13.21,11.32,1.89,0,28.3,0,18.87,5.66,3.77,1.89,1.89,3.77,3.77,9.43,7.55,1.89,1.89,0,16.98,3.77,1.89,0,15.09,0,3.77,3.77,0,1.89,11.32,7.55,1.89,1.89,1.89,9.43,3.77,0,1.89,"Guard"
"Youtube/501.mp3","Bruce Brown","bruce brown",2024-01-18,2024,"2023-10-24","2024-06-17",27.4250513347023,76,202,2018,2,42,"2018-10-17",2018,FALSE,"G",45,18,1,"Injury/Illness - Right Knee; Inflammation","knee","inflammation",3,0,843,12.78,3.85,94.24,57.32,9.58,7.24,94.9,83.63,65.12,21.71,18.86,13.17,0.36,0.71,1.19,2.85,11.86,5.22,1.9,13.76,10.68,7.71,7.95,2.49,22.18,5.1,6.17,3.91,1.19,2.25,0.59,29.66,1.42,13.64,4.98,1.07,2.02,2.25,1.9,2.73,2.97,2.61,0.24,0.47,0.24,10.56,2.85,0.47,1.3,7.24,4.03,2.73,1.54,0.95,1.54,11.63,7.47,1.42,5.1,4.74,9.02,3.8,2.37,4.03,"Guard"
"Youtube/1530.mp3","Gradey Dick","gradey dick",2026-01-23,2026,"2025-10-21","2026-06-13",22.17659137577,79,200,2023,1,13,"2023-10-25",2023,TRUE,"G",100,32,0,NA,NA,NA,285,46,514,18.86,8.17,99,33.85,16.58,12.06,93.77,79.38,59.34,22.57,14.98,11.09,1.56,1.36,0.58,7.59,13.81,5.06,0.58,13.04,8.75,5.64,7.59,1.75,21.79,6.42,2.33,4.28,1.95,0.97,1.56,30.74,1.17,17.12,7.78,1.36,1.36,3.5,0.97,3.5,2.14,1.56,0.58,0.78,0.39,7.78,2.33,0.39,0.78,5.84,0.78,3.11,2.14,0.97,1.17,12.26,11.28,3.5,6.42,6.03,3.7,7.78,1.75,3.31,"Guard"
"Youtube/4750.mp3","Gradey Dick","gradey dick",2025-11-07,2026,"2025-10-21","2026-06-13",21.9657768651608,79,200,2023,1,13,"2023-10-25",2023,TRUE,"G",177,70,0,NA,NA,NA,208,8,642,22.6,60.45,98.21,28.56,16.05,7.94,96.26,84.74,64.8,23.68,13.86,5.92,2.49,4.36,0.31,9.81,17.6,7.63,1.25,13.08,8.72,4.67,8.57,1.56,20.87,6.39,5.92,4.52,2.65,0.78,1.25,31.15,0.78,18.85,7.32,2.02,2.34,2.8,0.16,5.92,1.87,1.25,0.62,0.31,0.16,11.21,1.25,0.16,0.62,9.97,1.71,2.02,1.4,0.47,1.56,14.95,8.41,2.18,5.45,5.92,2.18,7.01,1.25,2.34,"Guard"
"Youtube/5566.mp3","Gradey Dick","gradey dick",2025-02-02,2025,"2024-10-22","2025-06-22",21.2046543463381,79,200,2023,1,13,"2023-10-25",2023,TRUE,"G",30,12,1,"Injury/Illness - Right Knee; Hyperextension","knee","hyperextension",33,14,771,16.68,96.67,82.86,78.24,17.93,7.65,95.07,82.62,61.87,22.96,16.47,4.41,2.08,6.61,0.13,6.49,12.97,5.45,1.3,13.36,8.69,7,8.17,1.3,22.57,5.06,5.45,5.32,3.24,1.3,0.91,27.37,0.39,16.47,8.69,1.17,1.04,2.08,1.04,2.85,4.41,4.02,0.26,0.91,0.65,16.34,2.85,0.78,1.17,13.75,4.41,3.37,2.08,1.04,0.39,14.92,7.78,1.43,5.58,4.67,1.56,7,0.91,1.82,"Guard"
"Youtube/684.mp3","Gradey Dick","gradey dick",2026-01-16,2026,"2025-10-21","2026-06-13",22.1574264202601,79,200,2023,1,13,"2023-10-25",2023,TRUE,"G",107,36,0,NA,NA,NA,278,42,1003,12.86,65.89,92.41,54.29,19.67,8.67,94.72,84.15,66,21.44,13.56,5.58,0.8,4.59,0.9,7.88,14.96,6.08,1.69,13.96,10.27,7.98,10.47,1.4,22.33,6.08,5.48,2.99,0.9,1.2,0.9,29.31,0.8,13.86,5.68,0.7,1.2,2.29,1.3,3.09,3.69,2.89,0.7,1.4,0.8,10.77,1.6,0.2,0.9,9.07,1.79,2.29,1.79,0.5,0.8,12.56,10.37,2.39,5.68,6.38,2.19,10.27,1.89,1.4,"Guard"
"40333","Josh Giddey","josh giddey",2023-02-17,2023,"2022-10-18","2023-06-12",20.3559206023272,79,216,2021,1,6,"2021-10-21",2021,TRUE,"G",309,52,1,"Injury/Illness - Left Ankle; Sprain","ankle","sprain",111,49,61,98.26,59.57,27.07,99,15.25,13.11,95.08,67.21,50.82,6.56,0,0,0,0,0,6.56,14.75,11.48,0,22.95,8.2,3.28,4.92,0,13.11,11.48,4.92,6.56,3.28,1.64,1.64,18.03,1.64,6.56,0,0,1.64,0,0,3.28,13.11,13.11,0,4.92,4.92,6.56,1.64,1.64,0,6.56,1.64,13.11,11.48,1.64,3.28,13.11,4.92,1.64,4.92,6.56,3.28,1.64,0,0,"Guard"
"15561","Jeff Green","jeff green",2023-06-03,2023,"2022-10-18","2023-06-12",36.7638603696099,80,235,2007,1,5,"2007-11-01",2007,FALSE,"F",277,63,1,"Injury/Illness - Left Knee; Pain","knee","pain",55,16,53,2.94,99,5.76,0,10.6,15.09,90.57,77.36,69.81,35.85,30.19,7.55,3.77,0,0,5.66,11.32,3.77,0,15.09,7.55,7.55,9.43,0,15.09,1.89,0,7.55,7.55,0,0,18.87,0,7.55,1.89,1.89,0,3.77,1.89,0,0,0,0,0,0,32.08,1.89,0,1.89,30.19,16.98,0,0,0,0,3.77,18.87,0,13.21,3.77,1.89,5.66,0,0,"Forward"
"15561","Jeff Green","jeff green",2023-05-30,2023,"2022-10-18","2023-06-12",36.7529089664613,80,235,2007,1,5,"2007-11-01",2007,FALSE,"F",281,64,1,"Injury/Illness - Left Knee; Pain","knee","pain",51,15,58,76.81,15.13,97.87,74.09,14.5,8.62,100,77.59,67.24,15.52,6.9,5.17,0,1.72,0,8.62,18.97,13.79,0,18.97,6.9,8.62,6.9,1.72,15.52,1.72,5.17,0,0,0,0,22.41,3.45,8.62,3.45,1.72,0,0,1.72,1.72,3.45,3.45,0,1.72,1.72,1.72,0,0,0,1.72,0,6.9,1.72,5.17,0,8.62,12.07,1.72,8.62,8.62,3.45,1.72,0,1.72,"Forward"
"15561","Jeff Green","jeff green",2023-06-07,2023,"2022-10-18","2023-06-12",36.7748117727584,80,235,2007,1,5,"2007-11-01",2007,FALSE,"F",273,61,1,"Injury/Illness - Left Knee; Pain","knee","pain",59,17,65,71.09,91.46,63.35,99,13,9.23,87.69,70.77,52.31,20,15.38,4.62,9.23,0,1.54,4.62,10.77,4.62,3.08,15.38,3.08,3.08,1.54,1.54,16.92,4.62,3.08,18.46,9.23,7.69,1.54,20,0,13.85,4.62,0,3.08,3.08,1.54,3.08,7.69,7.69,0,1.54,1.54,13.85,3.08,0,1.54,10.77,0,1.54,1.54,0,1.54,12.31,10.77,1.54,4.62,4.62,4.62,1.54,1.54,0,"Forward"
"15561","Jeff Green","jeff green",2023-06-07,2023,"2022-10-18","2023-06-12",36.7748117727584,80,235,2007,1,5,"2007-11-01",2007,FALSE,"F",273,61,1,"Injury/Illness - Left Knee; Pain","knee","pain",59,17,65,71.09,91.46,63.35,99,13,9.23,87.69,70.77,52.31,20,15.38,4.62,9.23,0,1.54,4.62,10.77,4.62,3.08,15.38,3.08,3.08,1.54,1.54,16.92,4.62,3.08,18.46,9.23,7.69,1.54,20,0,13.85,4.62,0,3.08,3.08,1.54,3.08,7.69,7.69,0,1.54,1.54,13.85,3.08,0,1.54,10.77,0,1.54,1.54,0,1.54,12.31,10.77,1.54,4.62,4.62,4.62,1.54,1.54,0,"Forward"
"39282","Tyrese Haliburton","tyrese haliburton",2023-02-18,2023,"2022-10-18","2023-06-12",22.9705681040383,77,185,2020,1,12,"2020-12-24",2020,TRUE,"G",21,7,1,"Injury/Illness - Left Knee; Bruised","knee","bruise",20,8,159,5.44,11.54,94.72,59.71,17.67,6.92,96.86,84.28,66.04,22.64,10.69,5.66,0,2.52,0.63,11.95,12.58,5.66,0,13.21,14.47,8.18,6.92,4.4,29.56,3.77,5.03,1.26,0,1.26,0,33.96,2.52,16.98,4.4,4.4,0.63,2.52,1.26,5.66,2.52,2.52,0,0,0,8.18,1.26,0,1.26,6.92,1.26,3.14,1.89,1.26,0,16.35,11.32,3.77,3.14,6.29,4.4,11.32,2.52,0,"Guard"
"39282","Tyrese Haliburton","tyrese haliburton",2023-12-08,2024,"2023-10-24","2024-06-17",23.772758384668,77,185,2020,1,12,"2020-12-24",2020,TRUE,"G",8,4,1,"Injury/Illness - Left Knee; Bruise","knee","bruise",6,2,80,9.64,20.71,92.99,1,20,11.25,93.75,73.75,62.5,21.25,15,12.5,1.25,1.25,0,6.25,10,2.5,0,13.75,8.75,10,10,0,15,3.75,2.5,6.25,5,0,1.25,15,1.25,3.75,1.25,2.5,1.25,0,0,0,8.75,1.25,7.5,3.75,1.25,10,2.5,0,2.5,7.5,2.5,1.25,0,1.25,2.5,8.75,11.25,2.5,7.5,3.75,7.5,2.5,0,1.25,"Guard"
"39282","Tyrese Haliburton","tyrese haliburton",2023-12-07,2024,"2023-10-24","2024-06-17",23.7700205338809,77,185,2020,1,12,"2020-12-24",2020,TRUE,"G",9,4,1,"Injury/Illness - Left Knee; Bruise","knee","bruise",5,1,73,82.74,96.47,97.3,20.23,14.6,9.59,95.89,76.71,61.64,17.81,10.96,2.74,6.85,1.37,0,6.85,20.55,13.7,1.37,16.44,4.11,5.48,5.48,1.37,13.7,4.11,5.48,9.59,6.85,2.74,1.37,19.18,1.37,10.96,8.22,0,0,1.37,0,2.74,4.11,1.37,1.37,2.74,1.37,15.07,2.74,0,1.37,12.33,1.37,1.37,0,0,0,12.33,13.7,1.37,10.96,2.74,1.37,6.85,1.37,1.37,"Guard"
"39282","Tyrese Haliburton","tyrese haliburton",2025-06-19,2025,"2024-10-22","2025-06-22",25.3032169746749,77,185,2020,1,12,"2020-12-24",2020,TRUE,"G",126,1,1,"Injury/Illness - Right Achilles Tendon; Tear","achilles","tear",101,35,60,18.61,22.56,93.95,6.08,30,8.33,96.67,86.67,70,25,18.33,13.33,3.33,1.67,0,6.67,13.33,6.67,0,18.33,13.33,3.33,10,1.67,23.33,5,1.67,8.33,5,1.67,3.33,21.67,0,11.67,3.33,0,3.33,3.33,0,3.33,1.67,0,1.67,0,0,11.67,1.67,0,0,10,3.33,0,0,0,0,15,8.33,1.67,6.67,1.67,5,5,0,0,"Guard"
"39282","Tyrese Haliburton","tyrese haliburton",2025-06-15,2025,"2024-10-22","2025-06-22",25.2922655715264,77,185,2020,1,12,"2020-12-24",2020,TRUE,"G",130,3,1,"Injury/Illness - Right Achilles Tendon; Tear","achilles","tear",97,34,67,89.52,97.67,78.08,20.23,16.75,10.45,91.04,73.13,58.21,11.94,10.45,1.49,5.97,1.49,1.49,1.49,17.91,11.94,0,16.42,8.96,4.48,2.99,0,16.42,2.99,7.46,5.97,5.97,0,0,28.36,4.48,7.46,5.97,0,0,0,0,1.49,5.97,2.99,2.99,5.97,2.99,13.43,2.99,0,0,10.45,0,7.46,5.97,1.49,2.99,14.93,5.97,0,5.97,7.46,0,11.94,0,1.49,"Guard"
"39282","Tyrese Haliburton","tyrese haliburton",2025-06-11,2025,"2024-10-22","2025-06-22",25.2813141683778,77,185,2020,1,12,"2020-12-24",2020,TRUE,"G",134,4,1,"Injury/Illness - Right Achilles Tendon; Tear","achilles","tear",93,32,58,42.75,15.13,78.21,74.09,14.5,15.52,94.83,67.24,58.62,20.69,13.79,10.34,0,0,1.72,6.9,17.24,3.45,1.72,15.52,12.07,1.72,3.45,0,15.52,6.9,5.17,8.62,0,0,8.62,17.24,0,6.9,1.72,1.72,0,0,0,1.72,3.45,3.45,0,0,0,12.07,5.17,1.72,3.45,6.9,1.72,5.17,0,5.17,0,12.07,8.62,0,6.9,1.72,5.17,5.17,0,1.72,"Guard"
"39282","Tyrese Haliburton","tyrese haliburton",2025-06-08,2025,"2024-10-22","2025-06-22",25.2731006160164,77,185,2020,1,12,"2020-12-24",2020,TRUE,"G",137,5,1,"Injury/Illness - Right Achilles Tendon; Tear","achilles","tear",90,31,86,37.02,53.95,36.92,95.15,12.29,8.14,96.51,81.4,58.14,12.79,12.79,4.65,1.16,0,5.81,0,13.95,8.14,2.33,11.63,11.63,10.47,4.65,1.16,20.93,15.12,6.98,12.79,2.33,3.49,6.98,20.93,1.16,13.95,4.65,2.33,2.33,0,2.33,3.49,8.14,6.98,1.16,0,0,10.47,1.16,1.16,0,10.47,1.16,5.81,4.65,1.16,2.33,9.3,6.98,1.16,3.49,1.16,3.49,4.65,2.33,0,"Guard"
"39282","Tyrese Haliburton","tyrese haliburton",2025-06-07,2025,"2024-10-22","2025-06-22",25.2703627652293,77,185,2020,1,12,"2020-12-24",2020,TRUE,"G",138,6,1,"Injury/Illness - Right Achilles Tendon; Tear","achilles","tear",89,31,86,27.57,6.98,94.11,20.23,17.2,11.63,87.21,67.44,54.65,19.77,8.14,6.98,1.16,0,0,11.63,22.09,13.95,0,5.81,15.12,4.65,3.49,1.16,23.26,1.16,4.65,1.16,1.16,0,0,29.07,1.16,16.28,6.98,2.33,1.16,3.49,2.33,2.33,2.33,1.16,1.16,1.16,1.16,4.65,3.49,0,2.33,1.16,0,3.49,3.49,0,0,4.65,6.98,1.16,5.81,4.65,3.49,11.63,0,1.16,"Guard"
"35678","Jaren Jackson Jr.","jaren jackson jr",2023-02-18,2023,"2022-10-18","2023-06-12",23.4277891854894,82,242,2018,1,4,"2018-10-17",2018,TRUE,"F",325,66,1,"Injury/Illness - Right Knee; Contusion","knee","contusion",917,148,69,1,1,99,41.62,8.63,15.94,100,84.06,66.67,21.74,11.59,11.59,0,0,0,10.14,23.19,1.45,14.49,4.35,15.94,8.7,14.49,0,24.64,5.8,23.19,0,0,0,0,42.03,0,10.14,0,2.9,0,1.45,1.45,4.35,1.45,1.45,0,1.45,1.45,0,0,0,0,0,0,5.8,2.9,0,4.35,7.25,7.25,0,4.35,20.29,11.59,10.14,2.9,0,"Forward"
"43902","Keshad Johnson","keshad johnson",2026-02-14,2026,"2025-10-21","2026-06-13",24.6461327857632,78,230,NA,NA,NA,"2024-10-26",2024,FALSE,"F",57,11,0,NA,NA,NA,389,31,60,10.19,22.56,96.79,45.29,7.5,10,88.33,80,65,26.67,16.67,13.33,3.33,0,0,10,13.33,8.33,0,13.33,15,8.33,5,0,25,5,0,3.33,3.33,0,0,20,1.67,3.33,3.33,0,0,0,0,0,1.67,1.67,0,1.67,1.67,6.67,0,0,0,6.67,1.67,5,0,0,3.33,6.67,15,0,10,1.67,10,8.33,0,0,"Forward"
"44170","Dereck Lively II","dereck lively ii",2024-06-13,2024,"2023-10-24","2024-06-17",20.3340177960301,85,230,2023,1,12,"2023-10-26",2023,TRUE,"C",144,8,1,"Injury/Illness - Right Shoulder; Sprain","shoulder","sprain",16,4,81,58.92,99,77.17,58.91,20.25,9.88,96.3,77.78,64.2,17.28,11.11,0,0,11.11,0,6.17,14.81,6.17,0,20.99,9.88,12.35,1.23,0,22.22,7.41,8.64,2.47,0,1.23,1.23,18.52,1.23,11.11,6.17,6.17,1.23,0,0,1.23,3.7,2.47,0,1.23,0,14.81,2.47,1.23,1.23,12.35,0,3.7,1.23,2.47,2.47,3.7,19.75,3.7,12.35,0,1.23,7.41,2.47,0,"Center"
"44170","Dereck Lively II","dereck lively ii",2024-06-12,2024,"2023-10-24","2024-06-17",20.331279945243,85,230,2023,1,12,"2023-10-26",2023,TRUE,"C",145,8,1,"Injury/Illness - Right Shoulder; Sprain","shoulder","sprain",15,3,52,86.65,99,57.98,49.66,13,3.85,90.38,75,53.85,15.38,15.38,0,11.54,0,3.85,0,7.69,5.77,0,21.15,3.85,5.77,1.92,1.92,25,0,0,17.31,11.54,1.92,3.85,15.38,0,9.62,1.92,5.77,0,0,0,1.92,1.92,1.92,0,0,0,19.23,3.85,0,0,15.38,0,3.85,3.85,0,11.54,13.46,15.38,1.92,11.54,1.92,1.92,5.77,5.77,0,"Center"
"44170","Dereck Lively II","dereck lively ii",2024-06-11,2024,"2023-10-24","2024-06-17",20.3285420944559,85,230,2023,1,12,"2023-10-26",2023,TRUE,"C",146,9,1,"Injury/Illness - Right Shoulder; Sprain","shoulder","sprain",14,3,55,50.6,86.82,63.35,98.85,11,10.91,96.36,78.18,52.73,10.91,9.09,0,9.09,0,0,1.82,14.55,10.91,3.64,9.09,10.91,7.27,3.64,3.64,25.45,10.91,3.64,16.36,9.09,5.45,1.82,25.45,1.82,12.73,0,0,7.27,0,0,5.45,7.27,7.27,0,0,0,10.91,1.82,0,0,9.09,0,7.27,5.45,0,5.45,12.73,16.36,7.27,7.27,7.27,5.45,1.82,0,0,"Center"
"44170","Dereck Lively II","dereck lively ii",2024-06-08,2024,"2023-10-24","2024-06-17",20.3203285420945,85,230,2023,1,12,"2023-10-26",2023,TRUE,"C",149,10,1,"Injury/Illness - Right Shoulder; Sprain","shoulder","sprain",11,2,64,34.33,99,15.38,6.65,16,7.81,93.75,79.69,64.06,18.75,18.75,1.56,9.38,0,7.81,0,14.06,7.81,4.69,14.06,10.94,6.25,6.25,1.56,25,4.69,3.13,15.63,10.94,1.56,3.13,14.06,0,9.38,1.56,3.13,3.13,0,0,1.56,1.56,0,1.56,1.56,0,18.75,1.56,1.56,0,18.75,0,3.13,3.13,0,3.13,10.94,14.06,4.69,4.69,1.56,4.69,3.13,3.13,0,"Center"
"18266","Kevin Love","kevin love",2023-06-06,2023,"2022-10-18","2023-06-12",34.7433264887064,82,251,2008,1,5,"2008-10-30",2008,FALSE,"F",144,5,1,"Injury/Illness - Left Shoulder; Contusion","shoulder","contusion",60,20,60,30.37,99,39.59,72.45,7.5,13.33,91.67,75,58.33,25,18.33,1.67,5,3.33,8.33,6.67,16.67,11.67,0,11.67,13.33,5,3.33,0,21.67,10,5,13.33,8.33,5,1.67,21.67,0,11.67,1.67,0,1.67,1.67,3.33,3.33,3.33,3.33,0,0,0,21.67,3.33,3.33,0,21.67,0,0,0,0,1.67,8.33,13.33,3.33,8.33,0,3.33,8.33,3.33,0,"Forward"
"18266","Kevin Love","kevin love",2023-06-04,2023,"2022-10-18","2023-06-12",34.7378507871321,82,251,2008,1,5,"2008-10-30",2008,FALSE,"F",146,5,1,"Injury/Illness - Left Shoulder; Contusion","shoulder","contusion",58,19,77,77.73,93.41,12.16,79.89,15.4,11.69,84.42,71.43,55.84,14.29,6.49,1.3,5.19,0,0,7.79,15.58,6.49,1.3,15.58,3.9,6.49,3.9,0,11.69,10.39,5.19,6.49,5.19,1.3,0,12.99,1.3,5.19,1.3,0,0,1.3,1.3,0,6.49,5.19,1.3,2.6,2.6,9.09,1.3,0,0,7.79,2.6,2.6,2.6,0,1.3,11.69,9.09,0,3.9,5.19,5.19,0,0,1.3,"Forward"
"18266","Kevin Love","kevin love",2023-06-11,2023,"2022-10-18","2023-06-12",34.757015742642,82,251,2008,1,5,"2008-10-30",2008,FALSE,"F",139,3,1,"Injury/Illness - Left Shoulder; Contusion","shoulder","contusion",65,22,83,5.77,99,95.9,89.13,20.75,14.46,96.39,80.72,63.86,24.1,12.05,1.2,7.23,3.61,0,12.05,14.46,4.82,1.2,10.84,13.25,6.02,9.64,0,27.71,3.61,2.41,9.64,8.43,1.2,0,36.14,2.41,16.87,7.23,0,1.2,3.61,1.2,4.82,4.82,4.82,0,1.2,1.2,16.87,4.82,1.2,2.41,13.25,0,2.41,2.41,0,1.2,18.07,13.25,1.2,8.43,6.02,1.2,13.25,1.2,0,"Forward"
"Youtube/3097.mp3","Kevin Love","kevin love",2024-04-19,2024,"2023-10-24","2024-06-17",35.6139630390144,82,251,2008,1,5,"2008-10-30",2008,FALSE,"F",222,12,1,"Injury/Illness - Back; Spasms","back","spasm",24,9,773,24.3,91.08,94.7,47.74,16.8,11,94.7,80.72,63.78,19.28,12.68,3.62,3.88,3.49,0.78,6.6,13.32,5.3,0.65,15.65,10.87,8.28,7.63,0.65,21.73,4.92,6.6,7.76,4.53,2.46,1.03,29.88,1.16,14.49,6.47,1.42,1.03,1.29,1.68,3.23,3.49,2.59,0.78,0.13,0.13,12.81,2.33,0.52,1.03,10.87,1.68,2.2,1.42,0.78,1.03,11.13,11.51,1.81,7.89,5.95,5.05,4.79,2.59,1.81,"Forward"
"32316","Malik Monk","malik monk",2023-04-28,2023,"2022-10-18","2023-06-12",25.2265571526352,75,200,2017,1,11,"2017-10-18",2017,TRUE,"G",239,28,1,"Injury/Illness - Right Foot; Irritation","foot","inflammation",73,28,63,42.52,1,99,1.48,10.5,9.52,85.71,65.08,50.79,12.7,7.94,7.94,0,0,0,4.76,9.52,4.76,0,14.29,7.94,7.94,6.35,3.17,19.05,4.76,4.76,4.76,1.59,0,3.17,19.05,0,7.94,0,0,0,3.17,0,6.35,9.52,3.17,6.35,1.59,1.59,6.35,4.76,1.59,0,3.17,1.59,0,0,0,0,9.52,15.87,4.76,9.52,4.76,6.35,3.17,6.35,0,"Guard"
"43528","Trey Murphy III","trey murphy iii",2023-02-18,2023,"2022-10-18","2023-06-12",22.6694045174538,80,206,2021,1,17,"2021-10-21",2021,TRUE,"F",249,24,1,"Injury/Illness - Left Knee; Partial Meniscectomy","knee","surgery",87,40,51,24.9,99,1,95.42,8.5,9.8,90.2,80.39,62.75,23.53,13.73,1.96,9.8,0,1.96,9.8,15.69,11.76,0,9.8,13.73,5.88,3.92,0,27.45,3.92,0,11.76,9.8,1.96,0,27.45,0,11.76,1.96,1.96,3.92,0,3.92,0,5.88,5.88,0,1.96,1.96,19.61,3.92,0,0,15.69,0,1.96,1.96,0,0,19.61,9.8,1.96,1.96,0,11.76,7.84,0,0,"Forward"
"Youtube/4764.mp3","Kris Murray","kris murray",2025-01-13,2025,"2024-10-22","2025-06-22",24.4024640657084,80,218,2023,1,23,"2023-10-26",2023,TRUE,"F",8,4,1,"Injury/Illness - Chest; Contusion","chest","contusion",47,16,740,18.51,39.27,83.01,76.78,12.54,8.24,94.46,80,61.35,18.24,13.11,6.89,0.81,1.89,0.27,5.14,15.95,6.35,1.89,12.3,9.19,9.46,9.32,0.81,16.49,4.86,7.7,3.92,1.49,1.22,1.22,30.14,1.35,13.24,2.84,1.08,1.22,5.54,1.08,2.3,5,4.32,0.68,1.22,0.81,8.38,1.35,0.54,0.41,7.16,3.38,2.57,2.16,0.27,1.76,11.89,9.19,2.03,5.68,8.11,4.46,6.76,0.95,5.81,"Forward"
"44631","Michael Porter Jr.","michael porter jr",2023-06-03,2023,"2022-10-18","2023-06-12",24.9281314168378,82,218,2018,1,14,"2019-10-24",2019,TRUE,"F",251,56,1,"Injury/Illness - Right Knee; Tendinopathy","knee","tendinopathy",165,62,51,35.2,96.5,60.65,50.31,12.75,17.65,90.2,70.59,56.86,17.65,15.69,1.96,5.88,0,7.84,1.96,9.8,5.88,0,13.73,5.88,11.76,5.88,0,11.76,9.8,3.92,9.8,5.88,0,3.92,27.45,0,19.61,9.8,0,1.96,1.96,1.96,3.92,5.88,3.92,1.96,3.92,1.96,15.69,1.96,0,0,13.73,0,7.84,7.84,0,1.96,5.88,3.92,0,1.96,3.92,3.92,1.96,0,1.96,"Forward"
"44581","Ish Smith","ish smith",2023-05-31,2023,"2022-10-18","2023-06-12",34.90212183436,72,175,NA,NA,NA,"2010-10-27",2010,FALSE,"PG",254,44,0,NA,NA,NA,189,42,100,3.8,57.93,92.35,90.5,14.29,4,100,80,66,26,12,7,3,2,0,14,14,4,4,14,18,7,5,2,27,5,8,5,4,0,1,40,2,17,3,0,1,7,7,2,5,5,0,3,3,11,3,2,2,9,1,0,0,0,4,11,11,3,7,5,7,13,1,0,"Guard"
"Youtube/1661.mp3","Julian Strawther","julian strawther",2025-01-07,2025,"2024-10-22","2025-06-22",22.7241615331964,78,205,2023,1,29,"2023-10-24",2023,TRUE,"G",57,26,1,"Injury/Illness - Left Knee; Sprain","knee","sprain",328,52,719,32.55,85.25,89.97,52.46,15.98,9.46,94.02,76.5,62.31,20.45,13.07,5.7,2.09,3.76,1.11,7.37,15.58,7.65,1.11,14.05,8.07,8.48,7.23,0,16.55,4.03,3.48,8.9,3.89,4.31,0.83,23.64,0.83,14.33,7.93,1.11,1.39,0.83,0.97,2.5,4.03,3.06,0.97,0.7,0.28,11.96,1.81,1.11,0.14,10.99,2.09,2.64,1.67,0.83,1.25,12.24,7.93,2.09,5.29,3.2,1.25,4.59,1.25,1.67,"Guard"
"42135","Gabe Vincent","gabe vincent",2023-06-01,2023,"2022-10-18","2023-06-12",26.9623545516769,74,200,NA,NA,NA,"2020-01-28",2019,FALSE,"G",156,8,1,"Injury/Illness - Left Knee; Effusion","knee","swelling",7,2,54,19.76,80.61,96.01,20.23,13.5,7.41,98.15,79.63,61.11,25.93,20.37,7.41,5.56,1.85,5.56,5.56,14.81,5.56,3.7,12.96,14.81,1.85,3.7,0,22.22,9.26,9.26,7.41,5.56,1.85,0,31.48,0,18.52,7.41,1.85,0,0,0,7.41,3.7,1.85,1.85,0,0,16.67,1.85,0,0,14.81,0,0,0,0,0,7.41,1.85,0,1.85,3.7,11.11,3.7,3.7,0,"Guard"
"42135","Gabe Vincent","gabe vincent",2023-06-08,2023,"2022-10-18","2023-06-12",26.9815195071869,74,200,NA,NA,NA,"2020-01-28",2019,FALSE,"G",149,6,1,"Injury/Illness - Left Knee; Effusion","knee","swelling",14,5,53,70.56,95.87,29.13,78.39,10.6,9.43,100,86.79,60.38,18.87,16.98,3.77,5.66,0,7.55,1.89,15.09,9.43,0,15.09,5.66,7.55,1.89,0,16.98,9.43,13.21,11.32,5.66,5.66,3.77,24.53,0,18.87,3.77,1.89,5.66,1.89,3.77,1.89,3.77,3.77,0,0,0,15.09,1.89,0,0,13.21,0,3.77,0,0,0,3.77,11.32,1.89,7.55,1.89,5.66,0,0,0,"Guard"
"18462","Russell Westbrook","russell westbrook",2023-04-22,2023,"2022-10-18","2023-06-12",34.4394250513347,76,200,2008,1,4,"2008-10-30",2008,FALSE,"G",316,59,1,"Injury/Illness - Left Hand; Fracture","hand","fracture",437,99,59,21.16,93.75,94.87,20.23,19.67,8.47,98.31,84.75,67.8,20.34,11.86,3.39,3.39,5.08,0,8.47,20.34,6.78,6.78,15.25,5.08,13.56,8.47,1.69,22.03,3.39,6.78,10.17,8.47,1.69,0,23.73,3.39,11.86,5.08,0,0,0,1.69,5.08,6.78,3.39,3.39,1.69,1.69,18.64,10.17,5.08,1.69,13.56,0,0,0,0,5.08,11.86,6.78,1.69,6.78,5.08,3.39,3.39,0,0,"Guard"
"18462","Russell Westbrook","russell westbrook",2023-04-16,2023,"2022-10-18","2023-06-12",34.4229979466119,76,200,2008,1,4,"2008-10-30",2008,FALSE,"G",322,62,1,"Injury/Illness - Left Hand; Fracture","hand","fracture",431,96,62,94.75,4.4,95.4,70.91,20.67,8.06,90.32,70.97,58.06,6.45,4.84,4.84,0,0,0,1.61,16.13,12.9,0,17.74,8.06,3.23,6.45,1.61,20.97,0,1.61,3.23,0,1.61,1.61,19.35,1.61,8.06,0,4.84,0,0,0,3.23,6.45,4.84,1.61,3.23,3.23,3.23,3.23,0,0,0,0,6.45,4.84,1.61,3.23,8.06,17.74,4.84,11.29,3.23,9.68,0,1.61,0,"Guard"
"23355","Cody Zeller","cody zeller",2023-05-31,2023,"2022-10-18","2023-06-12",30.6502395619439,83,240,2013,1,4,"2013-10-31",2013,FALSE,"C",204,27,1,"Injury/Illness - Right Ankle; Sprain","ankle","sprain",67,22,83,38.29,94.09,6.2,57.93,20.75,15.66,90.36,81.93,67.47,15.66,13.25,2.41,2.41,0,0,2.41,14.46,9.64,1.2,16.87,15.66,8.43,7.23,0,24.1,6.02,4.82,7.23,3.61,3.61,1.2,22.89,0,8.43,2.41,2.41,0,2.41,2.41,0,2.41,2.41,0,0,0,12.05,0,0,0,12.05,9.64,3.61,0,2.41,1.2,6.02,12.05,2.41,7.23,3.61,6.02,9.64,0,0,"Center"
"44587","Haywood Highsmith","haywood highsmith",2023-06-08,2023,"2022-10-18","2023-06-12",26.4941820670773,77,220,NA,NA,NA,"2019-01-09",2018,TRUE,"F",139,2,1,"Injury/Illness - Left Knee; Sprain","knee","sprain",1612,102,52,41.98,1,97.38,94.96,13,13.46,98.08,73.08,57.69,23.08,19.23,17.31,0,0,0,3.85,13.46,5.77,0,17.31,5.77,5.77,3.85,3.85,19.23,3.85,1.92,9.62,5.77,3.85,0,17.31,0,7.69,0,0,0,3.85,0,5.77,5.77,5.77,0,0,0,7.69,0,0,0,7.69,0,11.54,3.85,1.92,3.85,17.31,7.69,0,3.85,3.85,0,5.77,0,0,"Forward"
"34914","Shai Gilgeous-Alexander","shai gilgeousalexander",2024-02-17,2024,"2023-10-24","2024-06-17",25.6016427104723,78,195,2018,1,11,"2018-10-18",2018,TRUE,"G",39,18,1,"Injury/Illness - Right Quad; Contusion","quadriceps","contusion",106,48,54,12.89,97.57,27.44,99,9,14.81,98.15,77.78,57.41,29.63,12.96,5.56,1.85,5.56,0,16.67,18.52,7.41,0,9.26,9.26,7.41,1.85,0,24.07,3.7,3.7,11.11,3.7,7.41,0,33.33,3.7,14.81,5.56,3.7,1.85,0,3.7,0,11.11,11.11,0,1.85,1.85,14.81,3.7,1.85,0,12.96,0,9.26,9.26,0,1.85,5.56,3.7,0,1.85,3.7,3.7,9.26,0,0,"Guard"
"34914","Shai Gilgeous-Alexander","shai gilgeousalexander",2025-06-21,2025,"2024-10-22","2025-06-22",26.943189596167,78,195,2018,1,11,"2018-10-18",2018,TRUE,"G",169,24,1,"Injury/Illness - Left Elbow; Bursitis","elbow","bursitis",69,22,73,30.5,99,95.37,82.37,9.13,15.07,94.52,75.34,65.75,23.29,20.55,0,0,17.81,1.37,2.74,17.81,9.59,0,15.07,12.33,2.74,8.22,1.37,16.44,2.74,4.11,1.37,0,0,1.37,23.29,0,6.85,0,1.37,0,4.11,0,5.48,4.11,4.11,0,4.11,4.11,26.03,1.37,0,0,24.66,0,2.74,0,1.37,0,8.22,13.7,4.11,9.59,8.22,0,12.33,1.37,0,"Guard"
"34914","Shai Gilgeous-Alexander","shai gilgeousalexander",2025-06-16,2025,"2024-10-22","2025-06-22",26.9295003422313,78,195,2018,1,11,"2018-10-18",2018,TRUE,"G",174,25,1,"Injury/Illness - Left Elbow; Bursitis","elbow","bursitis",64,20,62,89.52,88.59,69.74,97.31,15.5,9.68,98.39,79.03,58.06,14.52,6.45,0,6.45,0,0,8.06,12.9,4.84,0,25.81,4.84,4.84,6.45,0,20.97,4.84,6.45,11.29,8.06,3.23,0,29.03,0,19.35,1.61,0,6.45,4.84,3.23,4.84,6.45,6.45,0,3.23,3.23,9.68,3.23,1.61,1.61,8.06,0,3.23,3.23,0,3.23,9.68,17.74,1.61,14.52,4.84,3.23,4.84,0,0,"Guard"
"34914","Shai Gilgeous-Alexander","shai gilgeousalexander",2025-06-13,2025,"2024-10-22","2025-06-22",26.92128678987,78,195,2018,1,11,"2018-10-18",2018,TRUE,"G",177,26,1,"Injury/Illness - Left Elbow; Bursitis","elbow","bursitis",61,19,57,83.89,50.51,22.93,92.27,19,19.3,89.47,77.19,59.65,10.53,8.77,1.75,0,1.75,5.26,1.75,14.04,7.02,3.51,21.05,5.26,7.02,7.02,1.75,14.04,5.26,7.02,8.77,0,5.26,3.51,24.56,1.75,17.54,1.75,0,3.51,5.26,0,3.51,8.77,7.02,1.75,1.75,1.75,10.53,3.51,0,0,7.02,0,1.75,1.75,0,0,8.77,7.02,0,7.02,3.51,0,3.51,1.75,0,"Guard"
"34914","Shai Gilgeous-Alexander","shai gilgeousalexander",2025-06-08,2025,"2024-10-22","2025-06-22",26.9075975359343,78,195,2018,1,11,"2018-10-18",2018,TRUE,"G",182,28,1,"Injury/Illness - Left Elbow; Bursitis","elbow","bursitis",56,17,79,65.25,95.09,93.76,38.56,15.8,12.66,97.47,73.42,58.23,16.46,8.86,0,1.27,6.33,1.27,7.59,10.13,5.06,0,21.52,10.13,6.33,3.8,1.27,22.78,5.06,1.27,7.59,2.53,2.53,2.53,20.25,1.27,11.39,2.53,2.53,1.27,2.53,1.27,3.8,3.8,2.53,1.27,0,0,12.66,3.8,1.27,1.27,10.13,0,2.53,1.27,1.27,1.27,8.86,17.72,3.8,12.66,5.06,2.53,3.8,12.66,0,"Guard"
"34914","Shai Gilgeous-Alexander","shai gilgeousalexander",2025-02-15,2025,"2024-10-22","2025-06-22",26.5982203969884,78,195,2018,1,11,"2018-10-18",2018,TRUE,"G",53,25,1,"Injury/Illness - Left Shin; Contusion","lower leg","contusion",29,13,77,6.68,26.01,98.29,99,19.25,10.39,98.7,77.92,70.13,23.38,16.88,7.79,0,9.09,0,6.49,14.29,5.19,0,14.29,7.79,6.49,12.99,5.19,12.99,2.6,2.6,10.39,0,10.39,0,33.77,3.9,15.58,1.3,0,1.3,6.49,2.6,7.79,12.99,10.39,2.6,0,0,10.39,1.3,0,0,9.09,0,5.19,2.6,2.6,0,6.49,6.49,0,6.49,7.79,3.9,6.49,1.3,2.6,"Guard"
"34914","Shai Gilgeous-Alexander","shai gilgeousalexander",2024-12-17,2025,"2024-10-22","2025-06-22",26.4339493497604,78,195,2018,1,11,"2018-10-18",2018,TRUE,"G",31,15,1,"Injury/Illness - Right Wrist; Sprain","wrist","sprain",254,39,50,1,51.99,22.74,81.12,12.5,8,94,78,66,18,8,0,8,0,0,10,10,8,0,4,22,12,12,8,30,2,0,12,8,2,2,44,0,22,0,8,2,4,6,6,8,6,2,2,0,14,6,2,0,8,0,2,2,0,2,2,6,0,4,6,14,8,0,2,"Guard"
"34914","Shai Gilgeous-Alexander","shai gilgeousalexander",2024-12-16,2025,"2024-10-22","2025-06-22",26.4312114989733,78,195,2018,1,11,"2018-10-18",2018,TRUE,"G",32,16,1,"Injury/Illness - Right Wrist; Sprain","wrist","sprain",253,39,63,70.33,31.19,16.25,99,12.6,11.11,90.48,76.19,52.38,12.7,0,0,0,0,0,12.7,14.29,11.11,1.59,14.29,12.7,3.17,6.35,0,19.05,14.29,11.11,0,0,0,0,26.98,0,9.52,3.17,0,0,0,3.17,3.17,7.94,7.94,0,6.35,6.35,1.59,0,0,0,1.59,0,6.35,6.35,0,1.59,14.29,4.76,0,3.17,3.17,4.76,11.11,0,0,"Guard"
"34914","Shai Gilgeous-Alexander","shai gilgeousalexander",2024-12-14,2025,"2024-10-22","2025-06-22",26.425735797399,78,195,2018,1,11,"2018-10-18",2018,TRUE,"G",34,16,1,"Injury/Illness - Right Wrist; Sprain","wrist","sprain",251,38,65,58.14,99,21.89,43.1,13,9.23,98.46,81.54,58.46,16.92,16.92,0,15.38,0,1.54,0,18.46,12.31,1.54,10.77,7.69,4.62,6.15,1.54,20,10.77,10.77,26.15,18.46,6.15,3.08,24.62,0,10.77,1.54,4.62,0,3.08,0,3.08,4.62,3.08,1.54,1.54,0,23.08,6.15,0,0,16.92,0,3.08,0,3.08,1.54,9.23,4.62,1.54,3.08,4.62,12.31,1.54,0,3.08,"Guard"
"Youtube/2498.mp3","Scoot Henderson","scoot henderson",2026-04-21,2026,"2025-10-21","2026-06-13",22.2121834360027,75,207,2023,1,3,"2023-10-26",2023,TRUE,"G",7,3,0,NA,NA,NA,77,32,875,14.11,23.69,91.58,57.77,11.51,8,94.4,81.71,65.37,20.46,13.26,7.77,2.29,0.91,1.26,7.2,12.11,4.11,2.06,15.77,9.6,8.57,9.49,2.51,19.77,5.83,4.57,6.63,3.54,2.29,1.03,24.69,2.06,11.66,2.51,0.57,2.63,1.71,0.57,4.69,6.51,4.46,2.06,2.06,1.37,11.89,3.77,1.03,0.91,8.69,2.29,2.74,1.26,0.8,1.03,10.97,10.97,1.83,8.11,4.46,4,5.94,1.83,2.4,"Guard"
"Youtube/2623.mp3","Scoot Henderson","scoot henderson",2026-04-19,2026,"2025-10-21","2026-06-13",22.2067077344285,75,207,2023,1,3,"2023-10-26",2023,TRUE,"G",9,4,0,NA,NA,NA,75,31,598,9.82,48,93,51.09,11.5,9.03,95.65,82.78,65.89,25.75,15.22,7.86,3.01,1.17,2.01,10.54,14.21,3.85,2.17,14.38,11.71,7.19,5.85,1.34,22.58,7.19,6.52,4.85,3.51,0.5,0.84,25.25,2.17,12.37,5.02,0.5,2.17,2.34,0.17,3.18,6.35,4.18,2.17,2.34,1.34,12.21,3.18,0.67,1.34,9.53,1.84,4.52,3.85,0.5,1.17,11.2,10.37,2.17,7.19,4.18,2.51,8.03,1.84,2.17,"Guard"
"Youtube/3585.mp3","Scoot Henderson","scoot henderson",2026-04-12,2026,"2025-10-21","2026-06-13",22.1875427789185,75,207,2023,1,3,"2023-10-26",2023,TRUE,"G",16,6,0,NA,NA,NA,68,29,687,6.23,72.68,81.2,44.17,9.81,8.01,94.61,82.68,67.1,25.04,14.7,7.13,2.62,3.06,0.15,10.33,14.7,4.37,2.18,14.41,13.39,7.28,8.88,1.02,22.42,4.37,4.66,4.95,3.93,0.58,0.44,28.82,1.02,12.08,4.95,1.46,1.31,2.18,0.87,2.04,3.49,2.47,0.87,1.02,0.58,11.64,1.89,1.02,0.44,10.19,2.04,3.93,2.33,0.87,1.46,11.35,8.01,1.46,4.95,4.66,4.8,8.73,1.75,3.06,"Guard"
"Youtube/411.mp3","Scoot Henderson","scoot henderson",2026-04-21,2026,"2025-10-21","2026-06-13",22.2121834360027,75,207,2023,1,3,"2023-10-26",2023,TRUE,"G",7,3,0,NA,NA,NA,77,32,864,11.83,23.51,90.86,60.22,10.41,7.87,94.33,81.94,65.51,20.95,13.31,7.64,2.2,1.04,1.16,7.64,12.15,4.4,1.74,15.28,10.3,8.45,9.49,2.66,20.49,5.79,4.17,6.48,3.36,2.31,1.04,25.12,1.97,11.92,2.55,0.58,2.43,2.08,0.58,4.86,6.71,4.63,2.08,2.08,1.39,11.92,3.7,1.04,1.04,8.8,2.55,2.66,1.27,0.81,1.27,10.42,11,1.85,7.99,4.28,4.17,6.13,2.2,2.2,"Guard"
"30487","Brandon Ingram","brandon ingram",2023-12-06,2024,"2023-10-24","2024-06-17",26.258726899384,80,190,2016,1,2,"2016-10-27",2016,TRUE,"F",107,44,1,"Injury/Illness - Left Knee; Bone Contusion","knee","contusion",34,17,61,73.7,76.91,96.14,89.9,15.25,3.28,98.36,83.61,67.21,16.39,13.11,4.92,6.56,0,0,3.28,14.75,9.84,0,22.95,9.84,6.56,6.56,1.64,18.03,4.92,8.2,8.2,8.2,0,0,18.03,0,6.56,3.28,0,0,0,0,3.28,4.92,4.92,0,1.64,1.64,9.84,1.64,1.64,0,9.84,0,4.92,4.92,0,1.64,21.31,18.03,3.28,9.84,3.28,0,9.84,0,1.64,"Forward"
"Youtube/161.mp3","Brandon Ingram","brandon ingram",2026-04-09,2026,"2025-10-21","2026-06-13",28.5995893223819,80,190,2016,1,2,"2016-10-27",2016,TRUE,"F",22,7,1,"Injury/Illness - Right Heel; Inflammation","foot","inflammation",8,3,638,32.86,82.35,42.54,35.82,16.79,10.19,94.67,80.09,61.91,20.53,15.2,5.02,1.88,2.82,1.41,5.33,11.91,7.05,0.47,15.05,8.62,5.96,8.62,0.78,21.16,6.43,2.19,7.84,2.51,3.61,1.88,24.45,0.78,14.11,4.86,1.57,3.76,1.88,0.94,2.35,4.55,2.82,1.72,1.57,0.47,14.89,3.92,0.78,1.25,11.29,4.39,2.51,2.19,0.16,2.19,10.82,9.25,1.41,6.58,4.7,3.61,5.64,1.88,1.25,"Forward"
"Youtube/1691.mp3","Brandon Ingram","brandon ingram",2026-04-12,2026,"2025-10-21","2026-06-13",28.6078028747433,80,190,2016,1,2,"2016-10-27",2016,TRUE,"F",19,5,1,"Injury/Illness - Right Heel; Inflammation","foot","inflammation",11,5,501,38.65,87.11,75.69,81.03,16.16,11.38,95.41,77.64,62.48,16.37,10.38,3.79,3.39,1.8,0.8,5.99,15.57,9.18,1.4,12.77,8.58,9.38,7.98,0,17.37,5.19,5.79,7.98,4.19,2.4,1.6,23.95,2,11.18,5.59,2.4,1.4,0.6,0.8,1.4,4.79,4.39,0.4,1.6,1.2,11.58,2.99,1.2,1.2,9.18,0.6,4.19,2,1.2,0.6,10.58,9.98,1.4,6.19,5.59,2.79,5.39,1.8,1.2,"Forward"
"Youtube/2048.mp3","Brandon Ingram","brandon ingram",2026-04-18,2026,"2025-10-21","2026-06-13",28.6242299794661,80,190,2016,1,2,"2016-10-27",2016,TRUE,"F",13,4,1,"Injury/Illness - Right Heel; Inflammation","foot","inflammation",17,6,510,16.86,79.15,64.7,25.28,10.63,11.96,93.14,80.78,60.39,19.8,14.71,4.71,2.35,1.96,2.16,5.1,16.86,6.67,1.18,9.61,9.41,7.45,7.65,1.18,21.18,8.43,9.41,6.67,2.55,1.76,2.35,25.88,1.18,13.33,5.69,2.16,1.37,1.96,0.39,2.35,4.12,2.16,1.76,1.76,0.2,12.55,1.57,0.2,0.2,10.98,4.12,3.73,2.16,1.37,0.98,9.22,7.06,2.16,4.51,5.69,4.71,3.73,2.55,1.96,"Forward"
"Youtube/257.mp3","Brandon Ingram","brandon ingram",2025-12-31,2026,"2025-10-21","2026-06-13",28.3285420944559,80,190,2016,1,2,"2016-10-27",2016,TRUE,"F",9,3,1,"Injury/Illness - Right Thumb; Sprain","thumb","sprain",262,34,383,32.75,79.12,86.83,52.5,10.08,8.62,95.04,80.42,62.14,19.84,13.32,4.44,5.48,1.57,1.04,6.53,15.67,8.88,0.78,12.79,12.27,3.39,6.79,1.83,23.24,4.44,6.53,8.09,6.01,1.83,0.26,30.29,1.31,13.05,4.7,0.26,1.31,2.87,0.26,4.18,3.66,2.87,0.78,1.04,0.52,14.1,3.39,0,0.26,10.44,1.83,3.13,1.57,0.78,0.78,6.53,8.62,2.35,5.74,4.96,9.66,2.35,2.61,2.87,"Forward"
"Youtube/2663.mp3","Brandon Ingram","brandon ingram",2026-03-11,2026,"2025-10-21","2026-06-13",28.5201916495551,80,190,2016,1,2,"2016-10-27",2016,TRUE,"F",12,5,1,"Injury/Illness - Right Heel; Inflammation","foot","inflammation",59,26,856,8.61,66.18,80.69,86.89,11.73,9.58,94.28,81.19,65.07,25.47,18.22,8.53,1.87,3.15,1.05,7.24,13.43,5.14,0.93,11.45,8.88,8.06,7.71,1.05,20.56,4.32,4.67,4.44,3.27,0.93,0.47,25.12,1.99,12.27,4.21,1.52,1.87,1.17,0.82,2.57,5.96,5.26,0.7,2.22,2.1,15.65,4.32,1.05,0.93,11.57,3.86,2.69,1.29,0.93,1.52,10.51,10.98,1.64,7.01,4.32,8.06,3.86,0.58,1.17,"Forward"
"Youtube/3049.mp3","Brandon Ingram","brandon ingram",2026-04-18,2026,"2025-10-21","2026-06-13",28.6242299794661,80,190,2016,1,2,"2016-10-27",2016,TRUE,"F",13,4,1,"Injury/Illness - Right Heel; Inflammation","foot","inflammation",17,6,510,16.86,79.15,64.7,25.28,10.63,11.96,93.14,80.78,60.39,19.8,14.71,4.71,2.35,1.96,2.16,5.1,16.86,6.67,1.18,9.61,9.41,7.45,7.65,1.18,21.18,8.43,9.41,6.67,2.55,1.76,2.35,25.88,1.18,13.33,5.69,2.16,1.37,1.96,0.39,2.35,4.12,2.16,1.76,1.76,0.2,12.55,1.57,0.2,0.2,10.98,4.12,3.73,2.16,1.37,0.98,9.22,7.06,2.16,4.51,5.69,4.71,3.73,2.55,1.96,"Forward"
"Youtube/3092.mp3","Brandon Ingram","brandon ingram",2026-01-30,2026,"2025-10-21","2026-06-13",28.4106776180698,80,190,2016,1,2,"2016-10-27",2016,TRUE,"F",52,22,1,"Injury/Illness - Right Heel; Inflammation","foot","inflammation",19,9,510,46.7,95.77,30.4,43.62,11.59,11.18,92.16,76.08,60.39,15.1,10.2,0.98,2.55,2.35,1.57,4.9,17.45,8.63,2.35,12.35,9.41,6.47,7.25,0.39,18.04,6.08,8.82,6.47,3.14,1.96,1.57,20,1.57,9.61,3.14,1.37,2.35,1.57,0.59,1.57,4.31,2.94,1.37,0.78,0.2,14.12,3.33,0.59,1.37,11.18,3.33,4.71,3.14,1.37,2.55,8.24,10,1.96,8.04,4.71,4.51,4.31,0.59,1.18,"Forward"
"Youtube/3205.mp3","Brandon Ingram","brandon ingram",2025-11-26,2026,"2025-10-21","2026-06-13",28.2327173169062,80,190,2016,1,2,"2016-10-27",2016,TRUE,"F",44,19,1,"Injury/Illness - Right Thumb; Sprain","thumb","sprain",227,18,485,42.74,79.81,54.64,34.77,10.78,11.13,94.23,81.24,64.54,19.59,13.2,4.95,3.71,1.65,0.41,6.39,16.08,8.66,1.86,15.46,10.52,6.8,5.36,0.82,21.65,6.6,4.95,8.87,4.74,2.47,1.65,27.22,2.47,11.13,3.71,1.03,2.47,1.24,0.21,2.27,5.15,3.09,2.06,1.65,0.41,14.23,4.74,0.82,1.44,9.9,2.27,3.92,2.27,1.24,0.82,9.48,8.66,1.03,6.39,5.15,3.71,7.01,1.65,2.47,"Forward"
"Youtube/3506.mp3","Brandon Ingram","brandon ingram",2026-03-11,2026,"2025-10-21","2026-06-13",28.5201916495551,80,190,2016,1,2,"2016-10-27",2016,TRUE,"F",12,5,1,"Injury/Illness - Right Heel; Inflammation","foot","inflammation",59,26,856,8.75,66.18,80.69,86.89,11.73,9.58,94.28,81.19,64.95,25.47,18.22,8.53,1.87,3.15,1.05,7.24,13.43,5.14,0.93,11.45,8.76,8.06,7.71,1.05,20.56,4.32,4.79,4.44,3.27,0.93,0.47,25,1.99,12.27,4.21,1.52,1.87,1.17,0.82,2.57,5.96,5.26,0.7,2.22,2.1,15.65,4.32,1.05,0.93,11.57,3.86,2.69,1.29,0.93,1.52,10.51,10.98,1.64,7.01,4.32,7.94,3.86,0.58,1.17,"Forward"
"Youtube/3705.mp3","Brandon Ingram","brandon ingram",2026-03-11,2026,"2025-10-21","2026-06-13",28.5201916495551,80,190,2016,1,2,"2016-10-27",2016,TRUE,"F",12,5,1,"Injury/Illness - Right Heel; Inflammation","foot","inflammation",59,26,857,8.52,65.51,81.14,86.84,11.9,9.57,94.28,81.21,65.11,25.55,18.32,8.63,1.87,3.15,1.05,7.23,13.42,5.13,0.93,11.44,8.87,8.05,7.7,1.05,20.54,4.32,4.67,4.43,3.27,0.93,0.47,25.09,1.98,12.25,4.2,1.52,1.87,1.17,0.82,2.57,5.95,5.25,0.7,2.22,2.1,15.64,4.32,1.05,0.93,11.55,3.85,2.68,1.28,0.93,1.52,10.5,10.97,1.63,7,4.32,8.05,3.85,0.58,1.17,"Forward"
"Youtube/3825.mp3","Brandon Ingram","brandon ingram",2026-04-26,2026,"2025-10-21","2026-06-13",28.6461327857632,80,190,2016,1,2,"2016-10-27",2016,TRUE,"F",5,1,1,"Injury/Illness - Right Heel; Inflammation","foot","inflammation",25,9,756,44.1,75.96,72.58,79.17,14.26,10.98,93.92,78.97,60.19,19.58,14.02,5.82,2.51,2.78,0.66,5.56,17.46,8.86,0.4,12.43,9.79,4.63,5.16,0.66,22.75,5.82,5.56,5.56,2.78,1.59,1.19,25.13,2.65,10.32,5.42,0.79,1.32,0.4,0.4,2.25,5.95,4.89,1.06,2.25,1.59,13.23,3.57,0.66,1.06,9.79,2.51,2.12,1.85,0.26,1.46,11.11,11.51,1.46,6.61,3.17,5.42,4.63,1.98,2.12,"Forward"
"Youtube/3879.mp3","Brandon Ingram","brandon ingram",2026-04-26,2026,"2025-10-21","2026-06-13",28.6461327857632,80,190,2016,1,2,"2016-10-27",2016,TRUE,"F",5,1,1,"Injury/Illness - Right Heel; Inflammation","foot","inflammation",25,9,755,44.43,74.74,72.75,79.23,13.73,10.99,93.91,78.94,60.13,19.47,13.91,5.83,2.52,2.65,0.66,5.56,17.48,8.87,0.4,12.45,9.8,4.64,5.17,0.66,22.78,5.83,5.56,5.56,2.78,1.59,1.19,25.17,2.65,10.33,5.43,0.79,1.32,0.4,0.4,2.25,5.96,4.9,1.06,2.25,1.59,13.11,3.58,0.66,1.06,9.67,2.52,2.12,1.85,0.26,1.46,11.13,11.52,1.46,6.62,3.18,5.43,4.64,1.99,2.12,"Forward"
"Youtube/4099.mp3","Brandon Ingram","brandon ingram",2026-04-09,2026,"2025-10-21","2026-06-13",28.5995893223819,80,190,2016,1,2,"2016-10-27",2016,TRUE,"F",22,7,1,"Injury/Illness - Right Heel; Inflammation","foot","inflammation",8,3,635,34.29,81.88,40.9,35.9,16.71,10.24,94.8,80.16,61.89,20.47,15.12,5.04,1.89,2.83,1.26,5.35,12.13,7.09,0.47,15.28,8.66,5.67,8.5,0.94,21.26,6.61,2.36,7.87,2.52,3.62,1.89,24.25,0.79,13.86,4.72,1.42,3.78,1.89,0.94,2.2,4.57,2.83,1.73,1.57,0.47,14.8,3.94,0.79,1.26,11.18,4.41,2.52,2.2,0.16,2.2,10.87,9.29,1.42,6.61,4.72,3.62,5.67,1.89,1.26,"Forward"
"Youtube/4240.mp3","Brandon Ingram","brandon ingram",2026-04-26,2026,"2025-10-21","2026-06-13",28.6461327857632,80,190,2016,1,2,"2016-10-27",2016,TRUE,"F",5,1,1,"Injury/Illness - Right Heel; Inflammation","foot","inflammation",25,9,755,44.83,75.38,72.75,79.23,13.73,10.99,94.04,79.07,60.13,19.47,13.91,5.83,2.52,2.65,0.66,5.56,17.48,8.87,0.4,12.45,9.67,4.77,5.17,0.53,22.78,5.96,5.56,5.56,2.78,1.59,1.19,25.17,2.65,10.46,5.43,0.93,1.32,0.4,0.4,2.25,5.96,4.9,1.06,2.25,1.59,13.11,3.58,0.66,1.06,9.67,2.52,2.12,1.85,0.26,1.46,11.13,11.52,1.46,6.62,3.18,5.43,4.5,1.99,2.12,"Forward"
"Youtube/4273.mp3","Brandon Ingram","brandon ingram",2026-04-18,2026,"2025-10-21","2026-06-13",28.6242299794661,80,190,2016,1,2,"2016-10-27",2016,TRUE,"F",13,4,1,"Injury/Illness - Right Heel; Inflammation","foot","inflammation",17,6,510,16.86,79.15,64.7,25.28,10.63,11.96,93.14,80.78,60.39,19.8,14.71,4.71,2.35,1.96,2.16,5.1,16.86,6.67,1.18,9.61,9.41,7.45,7.65,1.18,21.18,8.43,9.41,6.67,2.55,1.76,2.35,25.88,1.18,13.33,5.69,2.16,1.37,1.96,0.39,2.35,4.12,2.16,1.76,1.76,0.2,12.55,1.57,0.2,0.2,10.98,4.12,3.73,2.16,1.37,0.98,9.22,7.06,2.16,4.51,5.69,4.71,3.73,2.55,1.96,"Forward"
"Youtube/4282.mp3","Brandon Ingram","brandon ingram",2026-03-15,2026,"2025-10-21","2026-06-13",28.5311430527036,80,190,2016,1,2,"2016-10-27",2016,TRUE,"F",8,3,1,"Injury/Illness - Right Heel; Inflammation","foot","inflammation",63,28,567,20.69,99,40.21,46.92,10.9,11.64,93.12,78.31,60.32,21.16,15.52,2.29,5.82,2.47,0.71,5.64,14.81,7.58,0.71,11.11,9.7,6.53,8.11,0.53,22.4,5.64,4.59,11.64,8.29,1.76,1.59,22.4,1.23,10.93,4.76,0.88,2.47,0.71,0.53,1.94,6.7,4.23,2.47,2.29,1.06,17.99,4.41,1.94,0.53,14.29,4.06,2.65,1.41,0.88,2.47,9.88,12.7,2.29,8.64,3.35,4.59,6.35,1.94,1.41,"Forward"
"Youtube/5911.mp3","Brandon Ingram","brandon ingram",2026-04-12,2026,"2025-10-21","2026-06-13",28.6078028747433,80,190,2016,1,2,"2016-10-27",2016,TRUE,"F",19,5,1,"Injury/Illness - Right Heel; Inflammation","foot","inflammation",11,5,500,37.95,87.16,75.94,81.12,15.63,11.4,95.4,77.6,62.4,16.4,10.4,3.8,3.4,1.8,0.8,6,15.4,9,1.4,12.8,8.6,9.4,8,0,17.4,5.2,5.8,8,4.2,2.4,1.6,24,2,11.2,5.6,2.4,1.4,0.6,0.8,1.4,4.8,4.4,0.4,1.6,1.2,11.6,3,1.2,1.2,9.2,0.6,4.2,2,1.2,0.6,10.6,10,1.4,6.2,5.6,2.8,5.4,1.8,1.2,"Forward"
"Youtube/5942.mp3","Brandon Ingram","brandon ingram",2026-04-12,2026,"2025-10-21","2026-06-13",28.6078028747433,80,190,2016,1,2,"2016-10-27",2016,TRUE,"F",19,5,1,"Injury/Illness - Right Heel; Inflammation","foot","inflammation",11,5,500,37.95,87.16,75.94,81.12,15.63,11.4,95.4,77.6,62.4,16.4,10.4,3.8,3.4,1.8,0.8,6,15.4,9,1.4,12.8,8.6,9.4,8,0,17.4,5.2,5.8,8,4.2,2.4,1.6,24,2,11.2,5.6,2.4,1.4,0.6,0.8,1.4,4.8,4.4,0.4,1.6,1.2,11.6,3,1.2,1.2,9.2,0.6,4.2,2,1.2,0.6,10.6,10,1.4,6.2,5.6,2.8,5.4,1.8,1.2,"Forward"
"Youtube/818.mp3","Brandon Ingram","brandon ingram",2026-04-09,2026,"2025-10-21","2026-06-13",28.5995893223819,80,190,2016,1,2,"2016-10-27",2016,TRUE,"F",22,7,1,"Injury/Illness - Right Heel; Inflammation","foot","inflammation",8,3,636,33.95,81.19,41.82,35.87,16.74,10.22,94.65,80.03,61.79,20.6,15.25,5.19,1.89,2.83,1.26,5.35,11.95,7.08,0.47,15.25,8.65,5.66,8.49,0.94,21.23,6.45,2.2,7.86,2.52,3.62,1.89,24.21,0.79,13.84,4.72,1.42,3.77,1.89,0.94,2.2,4.56,2.83,1.73,1.57,0.47,14.78,3.93,0.79,1.26,11.16,4.4,2.52,2.2,0.16,2.2,10.85,9.28,1.42,6.6,4.72,3.62,5.66,1.89,1.26,"Forward"
"29266","Myles Turner","myles turner",2023-12-08,2024,"2023-10-24","2024-06-17",27.7070499657769,83,250,2015,1,11,"2015-10-28",2015,TRUE,"C",51,26,1,"Injury/Illness - Mid Back; Spasms","back","spasm",328,47,79,42.69,96.73,38.11,99,15.8,13.92,92.41,73.42,59.49,20.25,11.39,2.53,5.06,3.8,0,8.86,15.19,7.59,0,15.19,7.59,7.59,5.06,1.27,16.46,5.06,1.27,11.39,6.33,5.06,1.27,22.78,0,13.92,3.8,1.27,1.27,1.27,3.8,2.53,12.66,11.39,0,2.53,1.27,11.39,1.27,1.27,0,11.39,1.27,5.06,2.53,2.53,3.8,5.06,7.59,1.27,3.8,3.8,0,7.59,0,0,"Center"
"29266","Myles Turner","myles turner",2023-12-07,2024,"2023-10-24","2024-06-17",27.7043121149897,83,250,2015,1,11,"2015-10-28",2015,TRUE,"C",52,26,1,"Injury/Illness - Mid Back; Spasms","back","spasm",327,46,84,32.31,95.71,12.96,98.65,16.8,8.33,95.24,77.38,65.48,20.24,10.71,3.57,5.95,0,1.19,9.52,16.67,8.33,0,17.86,10.71,8.33,8.33,1.19,21.43,1.19,3.57,13.1,9.52,3.57,0,14.29,0,5.95,2.38,0,1.19,1.19,0,0,7.14,7.14,0,3.57,3.57,15.48,4.76,2.38,0,11.9,2.38,2.38,0,2.38,1.19,7.14,5.95,2.38,4.76,0,1.19,7.14,0,0,"Center"
"29266","Myles Turner","myles turner",2023-12-06,2024,"2023-10-24","2024-06-17",27.7015742642026,83,250,2015,1,11,"2015-10-28",2015,TRUE,"C",53,27,1,"Injury/Illness - Mid Back; Spasms","back","spasm",326,46,69,79.28,48.67,65.33,84.9,9.86,14.49,92.75,73.91,47.83,10.14,7.25,4.35,2.9,0,0,2.9,13.04,7.25,0,14.49,8.7,5.8,1.45,1.45,23.19,8.7,5.8,7.25,2.9,4.35,0,17.39,1.45,5.8,2.9,0,0,0,2.9,0,7.25,5.8,1.45,2.9,1.45,5.8,1.45,0,1.45,4.35,1.45,2.9,0,2.9,8.7,17.39,13.04,1.45,7.25,4.35,4.35,2.9,7.25,2.9,"Center"
"29266","Myles Turner","myles turner",2025-06-18,2025,"2024-10-22","2025-06-22",29.2347707049966,83,250,2015,1,11,"2015-10-28",2015,TRUE,"C",217,43,1,"Injury/Illness - Left Ankle; Sprain","ankle","sprain",93,34,51,74.58,96.5,60.65,99,10.2,15.69,98.04,72.55,56.86,19.61,9.8,0,5.88,0,3.92,9.8,17.65,7.84,0,19.61,9.8,3.92,1.96,0,23.53,1.96,1.96,7.84,5.88,1.96,0,21.57,0,7.84,0,0,1.96,1.96,0,1.96,9.8,9.8,0,0,0,9.8,0,0,0,9.8,0,5.88,3.92,0,0,11.76,19.61,1.96,13.73,3.92,5.88,5.88,0,0,"Center"
"29266","Myles Turner","myles turner",2025-06-15,2025,"2024-10-22","2025-06-22",29.2265571526352,83,250,2015,1,11,"2015-10-28",2015,TRUE,"C",220,44,1,"Injury/Illness - Left Ankle; Sprain","ankle","sprain",90,33,51,7.78,51.75,46.57,1,10.2,7.84,98.04,74.51,62.75,25.49,9.8,3.92,3.92,1.96,0,15.69,13.73,5.88,0,11.76,13.73,7.84,3.92,1.96,21.57,5.88,7.84,5.88,3.92,1.96,0,27.45,1.96,13.73,5.88,3.92,1.96,0,0,3.92,7.84,1.96,5.88,1.96,0,9.8,3.92,0,1.96,5.88,0,5.88,1.96,3.92,0,7.84,3.92,1.96,1.96,1.96,1.96,11.76,3.92,0,"Center"
"29266","Myles Turner","myles turner",2025-06-08,2025,"2024-10-22","2025-06-22",29.2073921971253,83,250,2015,1,11,"2015-10-28",2015,TRUE,"C",227,46,1,"Injury/Illness - Left Ankle; Sprain","ankle","sprain",83,30,50,28.63,74.29,22.74,0,25,10,94,82,56,18,10,2,4,2,2,8,10,8,0,12,14,6,4,2,36,4,6,4,4,0,0,26,0,12,6,2,0,0,0,4,0,0,0,0,0,12,4,0,4,8,0,2,2,0,4,18,8,2,0,0,6,8,14,0,"Center"
"29266","Myles Turner","myles turner",2025-06-07,2025,"2024-10-22","2025-06-22",29.2046543463381,83,250,2015,1,11,"2015-10-28",2015,TRUE,"C",228,47,1,"Injury/Illness - Left Ankle; Sprain","ankle","sprain",82,30,53,22.75,99,2.78,0,13.25,11.32,90.57,75.47,66.04,20.75,11.32,0,7.55,1.89,1.89,9.43,18.87,7.55,3.77,11.32,15.09,5.66,3.77,0,20.75,5.66,3.77,15.09,13.21,0,1.89,24.53,0,11.32,0,0,1.89,3.77,1.89,3.77,0,0,0,0,0,22.64,7.55,3.77,3.77,18.87,0,0,0,0,0,11.32,0,0,0,5.66,1.89,3.77,3.77,0,"Center"
"29266","Myles Turner","myles turner",2025-06-05,2025,"2024-10-22","2025-06-22",29.1991786447639,83,250,2015,1,11,"2015-10-28",2015,TRUE,"C",230,47,1,"Injury/Illness - Left Ankle; Sprain","ankle","sprain",80,29,60,39.7,99,89.39,45.29,20,10,96.67,81.67,66.67,23.33,15,1.67,10,3.33,0,8.33,16.67,8.33,0,16.67,10,6.67,5,0,21.67,1.67,5,13.33,10,1.67,1.67,28.33,1.67,15,6.67,0,1.67,5,0,3.33,1.67,1.67,0,1.67,1.67,13.33,0,0,0,13.33,0,3.33,0,3.33,1.67,8.33,8.33,1.67,5,8.33,11.67,3.33,0,0,"Center"
"46109","Stephon Castle","stephon castle",2026-02-13,2026,"2025-10-21","2026-06-13",21.284052019165,78,215,2024,1,4,"2024-10-24",2024,TRUE,"G",34,15,1,"Injury/Illness - Right Hip; Tightness","hip","tightness",12,5,56,46.07,40.06,72.58,92.84,14,14.29,92.86,78.57,62.5,10.71,10.71,7.14,0,0,3.57,0,12.5,5.36,0,17.86,12.5,10.71,7.14,0,16.07,10.71,1.79,3.57,1.79,1.79,0,16.07,0,7.14,1.79,0,0,1.79,1.79,3.57,5.36,5.36,0,1.79,1.79,12.5,3.57,1.79,0,10.71,3.57,5.36,1.79,1.79,1.79,12.5,7.14,0,5.36,3.57,0,5.36,0,3.57,"Guard"
"46109","Stephon Castle","stephon castle",2025-12-13,2026,"2025-10-21","2026-06-13",21.1143052703628,78,215,2024,1,4,"2024-10-24",2024,TRUE,"G",50,24,1,"Injury/Illness - Left Adductor; Tightness","groin","tightness",8,2,51,20.45,63.27,60.65,4.72,25.5,21.57,96.08,82.35,60.78,17.65,11.76,3.92,7.84,0,0,5.88,11.76,1.96,3.92,17.65,9.8,3.92,11.76,3.92,17.65,11.76,3.92,17.65,9.8,1.96,5.88,23.53,1.96,11.76,3.92,0,0,0,0,5.88,9.8,3.92,5.88,5.88,0,15.69,7.84,1.96,0,9.8,0,0,0,0,1.96,5.88,5.88,0,3.92,1.96,0,7.84,0,1.96,"Guard"
"46109","Stephon Castle","stephon castle",2026-06-03,2026,"2025-10-21","2026-06-13",21.5852156057495,78,215,2024,1,4,"2024-10-24",2024,TRUE,"G",10,4,0,NA,NA,NA,74,27,53,60.04,87.88,87.76,78.39,13.25,7.55,88.68,83.02,58.49,15.09,7.55,0,7.55,0,0,7.55,11.32,5.66,0,16.98,5.66,7.55,7.55,0,15.09,7.55,11.32,9.43,7.55,1.89,0,18.87,1.89,9.43,0,0,1.89,1.89,1.89,5.66,3.77,3.77,0,1.89,1.89,7.55,0,0,0,7.55,0,1.89,1.89,0,0,5.66,16.98,3.77,11.32,5.66,7.55,0,3.77,0,"Guard"
"46109","Stephon Castle","stephon castle",2026-06-02,2026,"2025-10-21","2026-06-13",21.5824777549624,78,215,2024,1,4,"2024-10-24",2024,TRUE,"G",11,5,0,NA,NA,NA,73,27,50,9.32,63.73,96.32,20.23,10,10,96,82,70,30,18,8,10,0,0,12,16,2,0,16,10,4,4,4,22,4,2,14,10,4,0,30,6,16,8,0,2,0,0,4,4,2,2,2,2,10,0,0,0,10,0,4,4,0,4,8,10,2,6,2,6,2,0,0,"Guard"
"46109","Stephon Castle","stephon castle",2026-06-02,2026,"2025-10-21","2026-06-13",21.5824777549624,78,215,2024,1,4,"2024-10-24",2024,TRUE,"G",11,5,0,NA,NA,NA,73,27,50,9.32,63.73,96.32,20.23,10,10,96,82,70,30,18,8,10,0,0,12,16,2,0,16,10,4,4,4,22,4,2,14,10,4,0,30,6,16,8,0,2,0,0,4,4,2,2,2,2,10,0,0,0,10,0,4,4,0,4,8,10,2,6,2,6,2,0,0,"Guard"
"Youtube/1229.mp3","Donovan Clingan","donovan clingan",2026-04-16,2026,"2025-10-21","2026-06-13",22.1437371663244,86,280,2024,1,7,"2024-10-24",2024,TRUE,"C",12,5,0,NA,NA,NA,126,57,885,6.98,98.66,82.01,55.4,16.7,8.81,96.16,81.58,63.16,24.63,16.05,3.5,3.16,7.34,0.45,8.59,12.66,5.76,1.58,10.51,12.09,6.67,7.23,1.69,25.99,3.5,5.42,7.01,4.07,2.49,0.79,28.36,1.58,15.37,7.12,1.13,1.69,1.02,1.58,3.16,4.41,3.28,1.02,1.24,0.56,16.38,2.26,0.45,0.68,14.35,2.37,3.95,2.94,0.79,0.68,15.25,10.06,2.71,6.33,3.5,2.37,6.67,3.28,2.15,"Center"
"Youtube/1605.mp3","Donovan Clingan","donovan clingan",2026-04-28,2026,"2025-10-21","2026-06-13",22.17659137577,86,280,2024,1,7,"2024-10-24",2024,TRUE,"C",1,1,0,NA,NA,NA,138,61,583,18.67,98.17,95.74,84.29,14.57,8.75,97.6,86.96,63.46,28.13,19.55,6.69,2.92,7.89,0,8.58,14.92,7.89,0.69,12.52,10.63,4.12,4.63,1.2,26.42,4.97,7.03,6.69,4.46,2.06,0.34,32.42,2.06,15.95,12.01,0,0.51,0.86,0.69,1.89,4.63,4.46,0.17,1.72,1.72,17.5,3.95,1.54,0.69,14.58,2.23,2.57,1.37,1.2,1.89,21.44,6.86,0.69,4.12,4.8,5.15,6.52,2.06,2.06,"Center"
"27400","Dante Exum","dante exum",2024-06-14,2024,"2023-10-24","2024-06-17",28.9226557152635,77,214,2014,1,5,"2014-10-30",2014,FALSE,"G",132,1,1,"Injury/Illness - Right Wrist; Surgery","wrist","surgery",61,19,60,22.17,1.24,99,97.84,10,16.67,95,85,60,23.33,16.67,15,0,0,1.67,6.67,13.33,1.67,1.67,16.67,11.67,6.67,3.33,0,26.67,6.67,8.33,6.67,0,6.67,1.67,21.67,1.67,6.67,3.33,1.67,0,0,1.67,0,6.67,6.67,0,3.33,3.33,1.67,0,0,0,1.67,0,0,0,0,3.33,8.33,11.67,1.67,10,3.33,6.67,3.33,3.33,0,"Guard"
"27400","Dante Exum","dante exum",2024-06-11,2024,"2023-10-24","2024-06-17",28.9144421629021,77,214,2014,1,5,"2014-10-30",2014,FALSE,"G",135,3,1,"Injury/Illness - Right Wrist; Surgery","wrist","surgery",58,18,60,4.95,69.2,93.95,20.23,30,16.67,93.33,83.33,60,28.33,13.33,5,5,0,3.33,15,16.67,6.67,1.67,10,11.67,5,10,0,30,8.33,6.67,5,5,0,0,26.67,0,11.67,8.33,0,0,1.67,0,3.33,3.33,1.67,1.67,1.67,0,11.67,3.33,0,1.67,8.33,0,3.33,3.33,0,0,5,8.33,5,3.33,1.67,3.33,10,10,1.67,"Guard"
"27400","Dante Exum","dante exum",2024-06-05,2024,"2023-10-24","2024-06-17",28.8980150581793,77,214,2014,1,5,"2014-10-30",2014,FALSE,"G",141,5,1,"Injury/Illness - Right Wrist; Surgery","wrist","surgery",52,16,53,15.07,8.26,99,49.04,10.6,22.64,98.11,88.68,64.15,28.3,9.43,7.55,0,0,1.89,18.87,13.21,9.43,0,11.32,13.21,3.77,3.77,1.89,26.42,7.55,7.55,3.77,1.89,1.89,0,30.19,5.66,15.09,5.66,1.89,0,1.89,1.89,3.77,1.89,1.89,0,0,0,9.43,1.89,0,0,5.66,0,3.77,1.89,1.89,0,11.32,20.75,0,13.21,1.89,3.77,11.32,0,1.89,"Guard"
"Youtube/165.mp3","Dante Exum","dante exum",2024-04-07,2024,"2023-10-24","2024-06-17",28.7364818617385,77,214,2014,1,5,"2014-10-30",2014,FALSE,"G",7,3,1,"Injury/Illness - Right Foot; Sprain","foot","sprain",40,19,827,5.35,92.27,83.37,64.06,11.99,9.67,94.32,83.68,62.76,25.03,16.08,4.84,0.73,7.38,0.97,8.95,12.45,5.68,1.45,10.04,9.31,8.46,9.31,1.45,22.85,5.32,3.63,2.78,1.57,1.09,0.36,27.81,1.69,16.44,8.22,0.48,1.33,2.06,2.18,2.9,4.23,3.51,0.73,1.45,1.21,13.78,1.57,0.36,0.36,12.21,2.66,1.93,1.33,0.6,1.81,13.66,7.98,2.18,5.32,3.51,2.9,6.05,1.09,2.9,"Guard"
"Youtube/1979.mp3","Dante Exum","dante exum",2024-03-19,2024,"2023-10-24","2024-06-17",28.684462696783,77,214,2014,1,5,"2014-10-30",2014,FALSE,"G",26,12,1,"Injury/Illness - Right Foot; Sprain","foot","sprain",21,10,557,3.46,98.77,88.63,86.26,12.11,9.87,95.69,85.1,63.38,26.75,17.24,4.31,3.05,7.9,0.18,9.52,11.49,5.92,0.72,10.23,15.26,6.46,6.82,1.44,31.24,4.31,2.69,6.1,3.95,1.26,0.9,35.19,2.33,18.13,10.41,1.44,1.08,1.8,0.36,3.23,5.21,4.85,0.36,1.08,0.9,16.16,1.62,1.26,0.18,14.72,2.33,2.87,1.8,0.9,1.62,14.18,6.28,1.8,4.31,3.59,4.49,7.72,2.87,3.23,"Guard"
"Youtube/2031.mp3","Dante Exum","dante exum",2024-03-29,2024,"2023-10-24","2024-06-17",28.7118412046543,77,214,2014,1,5,"2014-10-30",2014,FALSE,"G",16,8,1,"Injury/Illness - Right Foot; Sprain","foot","sprain",31,14,562,6.74,95.56,71.04,62.24,10.81,8.54,95.37,84.7,64.59,28.11,16.37,5.69,3.02,5.52,0.71,11.74,16.19,7.65,1.6,10.32,13.52,4.98,6.76,0.89,27.05,3.56,3.56,6.41,5.16,0.89,0.36,32.38,3.2,17.62,9.61,1.07,1.96,2.67,1.25,2.14,3.2,2.85,0.18,1.42,1.07,15.84,3.74,1.07,1.07,13.17,1.25,2.49,1.78,0.18,1.07,12.99,4.27,0.53,3.38,3.2,1.6,8.54,2.67,4.09,"Guard"
"Youtube/217.mp3","Dante Exum","dante exum",2024-03-19,2024,"2023-10-24","2024-06-17",28.684462696783,77,214,2014,1,5,"2014-10-30",2014,FALSE,"G",26,12,1,"Injury/Illness - Right Foot; Sprain","foot","sprain",21,10,557,3.46,98.77,88.63,86.26,12.11,9.87,95.69,85.1,63.38,26.75,17.24,4.31,3.05,7.9,0.18,9.52,11.49,5.92,0.72,10.23,15.26,6.46,6.82,1.44,31.24,4.31,2.69,6.1,3.95,1.26,0.9,35.19,2.33,18.13,10.41,1.44,1.08,1.8,0.36,3.23,5.21,4.85,0.36,1.08,0.9,16.16,1.62,1.26,0.18,14.72,2.33,2.87,1.8,0.9,1.62,14.18,6.28,1.8,4.31,3.59,4.49,7.72,2.87,3.23,"Guard"
"Youtube/2502.mp3","Dante Exum","dante exum",2024-03-29,2024,"2023-10-24","2024-06-17",28.7118412046543,77,214,2014,1,5,"2014-10-30",2014,FALSE,"G",16,8,1,"Injury/Illness - Right Foot; Sprain","foot","sprain",31,14,560,7.14,95.12,71.5,62.39,10.98,8.39,95.36,84.64,64.46,28.04,16.25,5.71,2.86,5.54,0.71,11.79,16.25,7.68,1.61,10.36,13.39,5,6.61,0.89,26.96,3.57,3.57,6.25,5,0.89,0.36,32.32,3.21,17.68,9.64,1.07,1.96,2.68,1.25,2.14,3.21,2.86,0.18,1.43,1.07,15.71,3.75,1.07,1.07,13.04,1.25,2.5,1.79,0.18,1.07,13.04,4.29,0.54,3.39,3.21,1.61,8.57,2.5,4.11,"Guard"
"Youtube/3140.mp3","Dante Exum","dante exum",2024-04-07,2024,"2023-10-24","2024-06-17",28.7364818617385,77,214,2014,1,5,"2014-10-30",2014,FALSE,"G",7,3,1,"Injury/Illness - Right Foot; Sprain","foot","sprain",40,19,830,5.56,91.63,83.53,61.94,12.21,9.88,94.22,83.86,62.89,24.94,15.9,4.82,0.6,7.35,0.96,9.04,12.65,5.9,1.45,10,9.4,8.43,9.28,1.45,23.01,5.3,3.61,2.65,1.45,1.08,0.36,27.95,1.69,16.51,8.31,0.48,1.33,2.05,2.17,2.89,4.1,3.37,0.72,1.45,1.2,13.49,1.45,0.36,0.36,12.05,2.65,1.81,1.2,0.6,1.81,13.73,7.95,2.17,5.3,3.49,3.01,6.02,1.08,2.89,"Guard"
"Youtube/4018.mp3","Dante Exum","dante exum",2024-03-19,2024,"2023-10-24","2024-06-17",28.684462696783,77,214,2014,1,5,"2014-10-30",2014,FALSE,"G",26,12,1,"Injury/Illness - Right Foot; Sprain","foot","sprain",21,10,557,3.46,98.77,88.63,86.26,12.11,9.87,95.69,85.1,63.38,26.75,17.24,4.31,3.05,7.9,0.18,9.52,11.49,5.92,0.72,10.23,15.26,6.46,6.82,1.44,31.24,4.31,2.69,6.1,3.95,1.26,0.9,35.19,2.33,18.13,10.41,1.44,1.08,1.8,0.36,3.23,5.21,4.85,0.36,1.08,0.9,16.16,1.62,1.26,0.18,14.72,2.33,2.87,1.8,0.9,1.62,14.18,6.28,1.8,4.31,3.59,4.49,7.72,2.87,3.23,"Guard"
"Youtube/4158.mp3","Dante Exum","dante exum",2024-03-29,2024,"2023-10-24","2024-06-17",28.7118412046543,77,214,2014,1,5,"2014-10-30",2014,FALSE,"G",16,8,1,"Injury/Illness - Right Foot; Sprain","foot","sprain",31,14,562,7.09,95.56,71.04,62.24,11.24,8.36,95.37,84.7,64.59,28.11,16.37,5.69,3.02,5.52,0.71,11.74,16.19,7.65,1.6,10.5,13.52,4.98,6.58,0.89,27.05,3.56,3.56,6.41,5.16,0.89,0.36,32.38,3.2,17.62,9.61,1.07,1.96,2.67,1.25,2.14,3.2,2.85,0.18,1.42,1.07,15.84,3.74,1.07,1.07,13.17,1.25,2.49,1.78,0.18,1.07,13.17,4.27,0.53,3.38,3.2,1.6,8.54,2.67,4.09,"Guard"
"Youtube/4175.mp3","Dante Exum","dante exum",2024-04-07,2024,"2023-10-24","2024-06-17",28.7364818617385,77,214,2014,1,5,"2014-10-30",2014,FALSE,"G",7,3,1,"Injury/Illness - Right Foot; Sprain","foot","sprain",40,19,826,5.41,91.76,83.5,64.11,12.15,9.69,94.31,83.66,62.71,24.94,15.98,4.84,0.61,7.38,0.97,8.96,12.47,5.69,1.45,10.05,9.32,8.47,9.32,1.45,22.88,5.33,3.63,2.66,1.45,1.09,0.36,27.85,1.69,16.46,8.23,0.48,1.33,2.06,2.18,2.91,4.24,3.51,0.73,1.45,1.21,13.68,1.57,0.36,0.36,12.11,2.66,1.94,1.33,0.61,1.82,13.68,7.99,2.18,5.33,3.51,2.91,6.05,1.09,2.91,"Guard"
"Youtube/4449.mp3","Dante Exum","dante exum",2024-04-07,2024,"2023-10-24","2024-06-17",28.7364818617385,77,214,2014,1,5,"2014-10-30",2014,FALSE,"G",7,3,1,"Injury/Illness - Right Foot; Sprain","foot","sprain",40,19,827,5.35,92.27,83.37,64.06,11.99,9.67,94.32,83.68,62.76,25.03,16.08,4.84,0.73,7.38,0.97,8.95,12.45,5.68,1.45,10.04,9.31,8.46,9.31,1.45,22.85,5.32,3.63,2.78,1.57,1.09,0.36,27.81,1.69,16.44,8.22,0.48,1.33,2.06,2.18,2.9,4.23,3.51,0.73,1.45,1.21,13.78,1.57,0.36,0.36,12.21,2.66,1.93,1.33,0.6,1.81,13.66,7.98,2.18,5.32,3.51,2.9,6.05,1.09,2.9,"Guard"
"Youtube/4833.mp3","Dante Exum","dante exum",2024-03-29,2024,"2023-10-24","2024-06-17",28.7118412046543,77,214,2014,1,5,"2014-10-30",2014,FALSE,"G",16,8,1,"Injury/Illness - Right Foot; Sprain","foot","sprain",31,14,562,7.09,95.82,72.12,62.24,11.02,8.36,95.37,84.7,64.59,28.11,16.37,5.69,3.02,5.69,0.71,11.74,16.19,7.65,1.6,10.5,13.52,4.98,6.58,0.89,27.05,3.56,3.56,6.41,5.16,0.89,0.36,32.38,3.2,17.62,9.61,1.07,1.96,2.67,1.25,2.14,3.2,2.85,0.18,1.42,1.07,15.84,3.74,1.07,1.07,13.17,1.25,2.49,1.78,0.18,1.07,13.17,4.27,0.53,3.38,3.2,1.6,8.54,2.67,4.09,"Guard"
"Youtube/5262.mp3","Dante Exum","dante exum",2024-03-29,2024,"2023-10-24","2024-06-17",28.7118412046543,77,214,2014,1,5,"2014-10-30",2014,FALSE,"G",16,8,1,"Injury/Illness - Right Foot; Sprain","foot","sprain",31,14,562,7.09,95.56,71.04,62.24,11.02,8.36,95.37,84.7,64.59,28.11,16.37,5.69,3.02,5.52,0.71,11.74,16.19,7.65,1.6,10.5,13.52,4.98,6.58,0.89,27.05,3.56,3.56,6.41,5.16,0.89,0.36,32.38,3.2,17.62,9.61,1.07,1.96,2.67,1.25,2.14,3.2,2.85,0.18,1.42,1.07,15.84,3.74,1.07,1.07,13.17,1.25,2.49,1.78,0.18,1.07,13.17,4.27,0.53,3.38,3.2,1.6,8.54,2.67,4.09,"Guard"
"Youtube/718.mp3","Dante Exum","dante exum",2024-04-07,2024,"2023-10-24","2024-06-17",28.7364818617385,77,214,2014,1,5,"2014-10-30",2014,FALSE,"G",7,3,1,"Injury/Illness - Right Foot; Sprain","foot","sprain",40,19,827,5.35,92.27,83.37,64.06,11.99,9.67,94.32,83.68,62.76,25.03,16.08,4.84,0.73,7.38,0.97,8.95,12.45,5.68,1.45,10.04,9.31,8.46,9.31,1.45,22.85,5.32,3.63,2.78,1.57,1.09,0.36,27.81,1.69,16.44,8.22,0.48,1.33,2.06,2.18,2.9,4.23,3.51,0.73,1.45,1.21,13.78,1.57,0.36,0.36,12.21,2.66,1.93,1.33,0.6,1.81,13.66,7.98,2.18,5.32,3.51,2.9,6.05,1.09,2.9,"Guard"
"Youtube/728.mp3","Dante Exum","dante exum",2024-03-19,2024,"2023-10-24","2024-06-17",28.684462696783,77,214,2014,1,5,"2014-10-30",2014,FALSE,"G",26,12,1,"Injury/Illness - Right Foot; Sprain","foot","sprain",21,10,557,3.46,98.77,88.63,86.26,12.11,9.87,95.69,85.1,63.38,26.75,17.24,4.31,3.05,7.9,0.18,9.52,11.49,5.92,0.72,10.23,15.26,6.46,6.82,1.44,31.24,4.31,2.69,6.1,3.95,1.26,0.9,35.19,2.33,18.13,10.41,1.44,1.08,1.8,0.36,3.23,5.21,4.85,0.36,1.08,0.9,16.16,1.62,1.26,0.18,14.72,2.33,2.87,1.8,0.9,1.62,14.18,6.28,1.8,4.31,3.59,4.49,7.72,2.87,3.23,"Guard"
"Youtube/827.mp3","Dante Exum","dante exum",2024-03-19,2024,"2023-10-24","2024-06-17",28.684462696783,77,214,2014,1,5,"2014-10-30",2014,FALSE,"G",26,12,1,"Injury/Illness - Right Foot; Sprain","foot","sprain",21,10,557,3.46,98.77,88.63,86.26,12.11,9.87,95.69,85.1,63.38,26.75,17.24,4.31,3.05,7.9,0.18,9.52,11.49,5.92,0.72,10.23,15.26,6.46,6.82,1.44,31.24,4.31,2.69,6.1,3.95,1.26,0.9,35.19,2.33,18.13,10.41,1.44,1.08,1.8,0.36,3.23,5.21,4.85,0.36,1.08,0.9,16.16,1.62,1.26,0.18,14.72,2.33,2.87,1.8,0.9,1.62,14.18,6.28,1.8,4.31,3.59,4.49,7.72,2.87,3.23,"Guard"
"38738","Derrick Jones Jr.","derrick jones jr",2024-06-14,2024,"2023-10-24","2024-06-17",27.3264887063655,78,210,NA,NA,NA,"2016-11-20",2016,TRUE,"F",182,26,1,"Injury/Illness - Right Hamstring; Strain","hamstring","strain",61,20,55,50.6,97.34,9.55,47.86,11,7.27,89.09,76.36,61.82,14.55,9.09,0,9.09,0,0,5.45,16.36,7.27,5.45,14.55,9.09,5.45,9.09,0,23.64,3.64,5.45,12.73,9.09,3.64,0,20,0,10.91,1.82,0,3.64,1.82,0,3.64,5.45,3.64,1.82,1.82,1.82,12.73,3.64,0,0,9.09,0,3.64,3.64,0,1.82,7.27,5.45,1.82,5.45,1.82,7.27,3.64,3.64,0,"Forward"
"38738","Derrick Jones Jr.","derrick jones jr",2024-06-08,2024,"2023-10-24","2024-06-17",27.3100616016427,78,210,NA,NA,NA,"2016-11-20",2016,TRUE,"F",188,29,1,"Injury/Illness - Right Hamstring; Strain","hamstring","strain",55,18,61,50.51,99,11.41,71.67,61,3.28,88.52,78.69,63.93,16.39,14.75,0,13.11,0,1.64,1.64,24.59,9.84,0,11.48,1.64,6.56,11.48,1.64,16.39,3.28,6.56,16.39,14.75,0,1.64,9.84,0,6.56,3.28,4.92,0,0,0,1.64,3.28,3.28,0,0,0,18.03,1.64,1.64,0,16.39,0,1.64,1.64,0,11.48,16.39,6.56,1.64,4.92,0,1.64,1.64,0,0,"Forward"
"38738","Derrick Jones Jr.","derrick jones jr",2024-06-05,2024,"2023-10-24","2024-06-17",27.3018480492813,78,210,NA,NA,NA,"2016-11-20",2016,TRUE,"F",191,30,1,"Injury/Illness - Right Hamstring; Strain","hamstring","strain",52,17,71,57.45,99,85.48,83.63,14.2,8.45,92.96,78.87,56.34,16.9,15.49,0,2.82,1.41,11.27,1.41,9.86,8.45,0,15.49,4.23,9.86,7.04,0,23.94,5.63,1.41,5.63,2.82,2.82,0,15.49,0,12.68,2.82,2.82,4.23,0,1.41,1.41,4.23,4.23,0,0,0,18.31,0,0,0,18.31,2.82,1.41,1.41,0,2.82,18.31,25.35,4.23,16.9,2.82,0,0,5.63,0,"Forward"
"44773","Brandin Podziemski","brandin podziemski",2024-04-17,2024,"2023-10-24","2024-06-17",21.1416837782341,76,205,2023,1,19,"2023-10-25",2023,TRUE,"G",257,30,1,"Injury/Illness - Right Abdominal;","abdomen","",45,23,123,13.85,72.75,26.35,44.6,30.75,8.94,94.31,76.42,61.79,18.7,13.01,5.69,4.88,0,0,5.69,16.26,5.69,0,11.38,10.57,10.57,8.13,0,19.51,6.5,6.5,7.32,4.88,2.44,0,30.08,0,21.95,6.5,4.07,3.25,4.07,1.63,3.25,1.63,1.63,0,0,0,9.76,0,0,0,9.76,4.07,1.63,1.63,0,2.44,4.88,3.25,0,3.25,1.63,0.81,6.5,2.44,0.81,"Guard"
"Youtube/5401.mp3","Brandin Podziemski","brandin podziemski",2026-04-09,2026,"2025-10-21","2026-06-13",23.1184120465435,76,205,2023,1,19,"2023-10-25",2023,TRUE,"G",8,4,0,NA,NA,NA,388,106,554,17.86,42.19,97.42,82.83,13.85,13.54,95.31,78.34,63.72,18.23,11.19,5.78,2.71,1.26,0.9,7.04,11.19,4.33,1.81,15.7,9.93,9.93,10.11,0.54,18.95,3.97,5.78,9.21,3.97,4.69,1.81,25.09,1.99,14.26,5.42,1.26,1.26,1.99,0.72,4.33,4.51,4.33,0.18,0.54,0.54,8.3,1.44,0.54,0.18,7.04,0.36,3.25,2.17,0.72,1.08,9.39,11.91,2.53,7.76,4.33,2.17,4.51,2.71,1.26,"Guard"
"44783","Gui Santos","gui santos",2024-04-17,2024,"2023-10-24","2024-06-17",21.8206707734428,79,185,2022,2,55,"2023-11-15",2023,TRUE,"F",295,26,1,"Injury/Illness - Left Knee; Patellar Tendonitis","knee","inflammation",47,10,59,53.96,1.12,76.13,45.75,14.75,20.34,94.92,77.97,61.02,16.95,11.86,11.86,0,0,0,5.08,13.56,6.78,0,15.25,16.95,1.69,1.69,0,25.42,8.47,5.08,10.17,0,6.78,3.39,20.34,3.39,10.17,3.39,0,3.39,0,0,1.69,8.47,5.08,3.39,1.69,0,1.69,1.69,0,0,0,0,1.69,0,1.69,3.39,8.47,8.47,1.69,5.08,1.69,1.69,6.78,0,1.69,"Forward"
"Youtube/3007.mp3","Gui Santos","gui santos",2026-03-25,2026,"2025-10-21","2026-06-13",23.7563312799452,79,185,2022,2,55,"2023-11-15",2023,TRUE,"F",7,2,1,"Injury/Illness - Right Pelvic; Contusion","pelvis","contusion",65,28,1098,18.44,67.29,92.24,18.09,13.9,7.38,94.99,81.24,66.21,20.49,14.21,6.38,1.73,3.46,0.82,6.28,15.85,7.74,1.55,12.57,9.02,9.2,8.83,1.18,18.67,5.46,6.01,4.28,2.19,1.28,0.91,25.5,1.55,11.57,4.28,1.18,0.91,1.18,1.64,2.64,3.64,1.73,1.91,1.73,0.73,11.11,1.55,0.18,0.82,9.65,2.82,2.55,1.64,0.73,1.64,13.39,10.56,2.37,6.83,6.19,5.1,5.37,0.36,1.37,"Forward"
"48140","Carter Bryant","carter bryant",2026-02-14,2026,"2025-10-21","2026-06-13",20.2190280629706,79,220,2025,1,14,"2025-10-23",2025,TRUE,"F",79,33,1,"Injury/Illness - Right Foot; Sprain","foot","sprain",115,43,64,13.27,1,99,43.51,8,6.25,90.63,78.13,67.19,25,15.63,15.63,0,0,0,9.38,21.88,9.38,1.56,10.94,14.06,3.13,4.69,4.69,20.31,3.13,6.25,1.56,0,1.56,0,34.38,4.69,10.94,1.56,1.56,0,3.13,0,6.25,1.56,1.56,0,0,0,3.13,0,0,0,0,0,0,0,0,0,9.38,12.5,4.69,7.81,7.81,9.38,6.25,0,0,"Forward"
"36935","Luguentz Dort","luguentz dort",2025-06-21,2025,"2024-10-22","2025-06-22",26.1738535249829,76,220,NA,NA,NA,"2019-12-05",2019,TRUE,"G",137,8,1,"Injury/Illness - Right Upper Trap; Strain","trapezius","strain",92,31,57,3.59,99,33.61,74.93,8.14,7.02,100,89.47,63.16,24.56,14.04,0,8.77,3.51,0,10.53,17.54,7.02,1.75,7.02,12.28,5.26,8.77,3.51,28.07,8.77,12.28,15.79,8.77,7.02,1.75,28.07,5.26,12.28,5.26,0,3.51,3.51,0,1.75,3.51,3.51,0,0,0,15.79,1.75,0,0,14.04,0,5.26,5.26,0,3.51,17.54,7.02,1.75,5.26,5.26,1.75,10.53,1.75,0,"Guard"
"36935","Luguentz Dort","luguentz dort",2025-06-13,2025,"2024-10-22","2025-06-22",26.1519507186858,76,220,NA,NA,NA,"2019-12-05",2019,TRUE,"G",145,10,1,"Injury/Illness - Right Upper Trap; Strain","trapezius","strain",84,28,58,20.17,99,1,99,14.5,8.62,93.1,74.14,55.17,17.24,17.24,0,13.79,0,3.45,0,12.07,8.62,0,6.9,8.62,12.07,5.17,0,24.14,5.17,0,18.97,13.79,3.45,1.72,15.52,0,5.17,0,0,0,0,3.45,0,12.07,12.07,0,3.45,3.45,20.69,3.45,3.45,0,17.24,0,5.17,1.72,3.45,6.9,13.79,8.62,0,1.72,3.45,8.62,1.72,6.9,0,"Guard"
"36935","Luguentz Dort","luguentz dort",2025-06-04,2025,"2024-10-22","2025-06-22",26.1273100616016,76,220,NA,NA,NA,"2019-12-05",2019,TRUE,"G",154,14,1,"Injury/Illness - Right Upper Trap; Strain","trapezius","strain",75,25,68,64.21,80.39,89.39,85.53,11.33,11.76,88.24,64.71,51.47,14.71,7.35,2.94,4.41,0,0,7.35,19.12,10.29,0,13.24,8.82,11.76,0,0,13.24,8.82,10.29,7.35,5.88,1.47,0,22.06,1.47,4.41,4.41,2.94,0,0,0,0,5.88,4.41,0,2.94,1.47,5.88,1.47,1.47,0,5.88,0,4.41,2.94,1.47,0,10.29,11.76,0,8.82,8.82,1.47,11.76,1.47,0,"Guard"
"Youtube/5858.mp3","VJ Edgecombe","vj edgecombe",2026-04-15,2026,"2025-10-21","2026-06-13",20.7091033538672,76,180,2025,1,3,"2025-10-22",2025,TRUE,"G",25,11,0,NA,NA,NA,37,18,1272,4.64,41.46,92.41,75.32,7.62,8.1,95.13,80.66,61.79,24.76,19.1,10.22,1.89,2.44,2.12,5.66,11.79,5.03,0.47,10.38,11.71,8.02,7.86,1.81,23.51,5.35,3.3,5.11,2.28,1.97,0.94,28.22,1.18,13.29,4.72,0.86,1.73,2.67,1.34,3.38,5.19,4.32,0.79,1.97,1.65,14.15,3.22,0.63,1.57,11.4,3.22,2.59,1.73,0.24,1.97,11.32,8.18,2.75,4.72,3.93,5.42,7.15,1.73,3.85,"Guard"
"Youtube/3499.mp3","Cooper Flagg","cooper flagg",2026-03-06,2026,"2025-10-21","2026-06-13",19.2060232717317,81,205,2025,1,1,"2025-10-23",2025,TRUE,"F",37,19,0,NA,NA,NA,3,1,841,9.61,88.81,83.76,77.27,13.35,11.06,95.96,85.61,63.38,22.71,14.51,4.99,0.95,6.18,0.71,8.2,11.77,5.71,0.36,12.25,9.51,8.56,9.75,1.19,24.49,6.66,3.09,4.28,1.55,2.14,0.95,26.63,0.59,15.81,8.44,0.71,0.71,1.31,2.14,2.62,5.35,4.52,0.83,1.19,0.71,13.44,2.02,0.36,0.83,11.41,1.9,3.21,1.31,1.31,2.62,14.74,8.2,1.78,6.06,1.9,3.8,5.95,1.66,2.62,"Forward"
"47291","Dylan Harper","dylan harper",2025-12-16,2026,"2025-10-21","2026-06-13",19.791923340178,77,215,2025,1,2,"2025-10-23",2025,TRUE,"G",88,40,1,"Injury/Illness - Right Calf; Contusion","calf","contusion",23,9,73,87.52,88.34,75.48,40.28,18.25,6.85,94.52,86.3,67.12,20.55,10.96,4.11,5.48,1.37,0,9.59,17.81,10.96,2.74,21.92,8.22,1.37,4.11,0,20.55,6.85,8.22,5.48,5.48,0,0,16.44,0,5.48,1.37,0,0,0,0,2.74,1.37,1.37,0,0,0,10.96,1.37,0,1.37,9.59,1.37,1.37,1.37,0,4.11,9.59,8.22,2.74,6.85,4.11,4.11,4.11,5.48,0,"Guard"
"47291","Dylan Harper","dylan harper",2026-06-13,2026,"2025-10-21","2026-06-13",20.2819986310746,77,215,2025,1,2,"2025-10-23",2025,TRUE,"G",1,1,0,NA,NA,NA,89,36,60,96.08,40.06,89.39,45.29,10,6.67,88.33,78.33,53.33,11.67,6.67,3.33,1.67,1.67,0,5,21.67,10,1.67,16.67,1.67,1.67,5,0,16.67,8.33,15,3.33,1.67,1.67,0,21.67,0,10,3.33,0,1.67,1.67,1.67,3.33,5,3.33,1.67,0,0,5,1.67,0,0,3.33,0,0,0,0,3.33,10,8.33,3.33,5,8.33,5,1.67,0,0,"Guard"
"47291","Dylan Harper","dylan harper",2026-06-09,2026,"2025-10-21","2026-06-13",20.2710472279261,77,215,2025,1,2,"2025-10-23",2025,TRUE,"G",4,2,0,NA,NA,NA,85,35,61,5.47,1,99,20.23,10.17,11.48,88.52,77.05,54.1,22.95,9.84,8.2,1.64,0,0,13.11,14.75,3.28,1.64,6.56,13.11,0,6.56,4.92,26.23,9.84,9.84,1.64,1.64,0,0,37.7,1.64,22.95,6.56,0,3.28,8.2,3.28,6.56,6.56,3.28,3.28,3.28,0,6.56,4.92,0,1.64,1.64,0,0,0,0,3.28,8.2,11.48,1.64,6.56,4.92,3.28,11.48,0,0,"Guard"
"47291","Dylan Harper","dylan harper",2026-06-07,2026,"2025-10-21","2026-06-13",20.2655715263518,77,215,2025,1,2,"2025-10-23",2025,TRUE,"G",6,3,0,NA,NA,NA,83,34,72,49.68,6.61,96.01,83,12,12.5,94.44,70.83,56.94,18.06,9.72,8.33,1.39,0,0,8.33,8.33,5.56,1.39,16.67,12.5,5.56,2.78,0,25,2.78,2.78,1.39,1.39,0,0,29.17,1.39,18.06,6.94,0,0,6.94,2.78,2.78,4.17,4.17,0,2.78,2.78,1.39,0,0,0,1.39,0,4.17,2.78,1.39,1.39,8.33,9.72,0,5.56,4.17,2.78,5.56,9.72,0,"Guard"
"47291","Dylan Harper","dylan harper",2026-06-05,2026,"2025-10-21","2026-06-13",20.2600958247776,77,215,2025,1,2,"2025-10-23",2025,TRUE,"G",8,3,0,NA,NA,NA,81,33,84,85.89,79.51,89.39,57.46,14,5.95,90.48,71.43,54.76,11.9,7.14,2.38,3.57,1.19,0,4.76,16.67,7.14,4.76,17.86,3.57,5.95,4.76,1.19,16.67,3.57,7.14,10.71,8.33,2.38,0,20.24,2.38,8.33,5.95,1.19,1.19,0,0,1.19,2.38,2.38,0,0,0,7.14,2.38,2.38,0,7.14,0,7.14,5.95,0,1.19,7.14,7.14,3.57,4.76,8.33,3.57,3.57,4.76,0,"Guard"
"47291","Dylan Harper","dylan harper",2026-06-04,2026,"2025-10-21","2026-06-13",20.2573579739904,77,215,2025,1,2,"2025-10-23",2025,TRUE,"G",9,4,0,NA,NA,NA,80,33,78,34.56,86.44,74.77,99,19.5,6.41,98.72,83.33,64.1,24.36,10.26,3.85,3.85,0,2.56,14.1,17.95,7.69,1.28,15.38,7.69,3.85,8.97,0,21.79,8.97,2.56,17.95,11.54,5.13,1.28,20.51,2.56,10.26,5.13,1.28,1.28,1.28,0,2.56,7.69,7.69,0,0,0,16.67,7.69,3.85,0,11.54,0,3.85,2.56,1.28,0,12.82,11.54,0,10.26,1.28,2.56,8.97,3.85,1.28,"Guard"
"47291","Dylan Harper","dylan harper",2026-06-02,2026,"2025-10-21","2026-06-13",20.2518822724162,77,215,2025,1,2,"2025-10-23",2025,TRUE,"G",11,5,0,NA,NA,NA,78,32,95,30.85,40.06,40.84,35.11,47.5,9.47,96.84,76.84,64.21,20,15.79,8.42,0,0,0,4.21,16.84,5.26,2.11,15.79,8.42,5.26,10.53,0,12.63,5.26,8.42,4.21,4.21,0,1.05,23.16,0,12.63,2.11,1.05,0,6.32,0,3.16,3.16,2.11,1.05,1.05,0,15.79,4.21,2.11,1.05,11.58,9.47,5.26,0,5.26,0,10.53,10.53,0,6.32,4.21,2.11,5.26,0,0,"Guard"
"Youtube/5959.mp3","Dylan Harper","dylan harper",2026-05-18,2026,"2025-10-21","2026-06-13",20.2108145106092,77,215,2025,1,2,"2025-10-23",2025,TRUE,"G",26,11,0,NA,NA,NA,63,25,757,13.61,41.63,77.01,59.61,12.41,9.78,95.51,81.9,65.79,20.61,12.29,5.55,2.64,1.59,0.4,8.32,15.32,5.55,2.51,13.21,10.57,8.59,7,3.04,20.08,5.15,6.08,5.81,3.43,1.32,1.06,29.46,2.51,14.4,3.96,0.79,1.32,4.76,1.19,3.43,4.49,3.43,0.92,0.66,0.53,10.3,2.64,0.92,0.92,8.06,1.98,2.25,1.19,0.92,1.59,10.57,9.78,2.25,6.61,3.43,3.17,8.19,2.11,3.43,"Guard"
"26656","Josh Hart","josh hart",2025-12-13,2026,"2025-10-21","2026-06-13",30.7734428473648,77,215,2017,1,30,"2017-10-21",2017,TRUE,"G",5,1,1,"Injury/Illness - Abdominal; Rectus Abdominus Strain","abdomen","strain",52,23,50,3.8,40.06,96.32,95.9,16.67,10,96,78,70,26,14,6,2,6,0,12,20,10,0,10,10,10,12,2,18,0,2,10,2,8,2,34,0,22,10,0,0,6,2,8,6,6,0,0,0,8,0,0,0,8,0,4,4,0,2,14,2,0,0,4,2,8,0,0,"Guard"
"26656","Josh Hart","josh hart",2026-06-13,2026,"2025-10-21","2026-06-13",31.2717316906229,77,215,2017,1,30,"2017-10-21",2017,TRUE,"G",1,1,0,NA,NA,NA,85,28,90,49.68,86.16,19.26,54.76,10,11.11,93.33,74.44,58.89,17.78,6.67,2.22,4.44,0,0,11.11,20,7.78,0,13.33,8.89,4.44,4.44,2.22,17.78,4.44,7.78,10,5.56,4.44,2.22,30,5.56,8.89,3.33,0,0,4.44,2.22,1.11,2.22,2.22,0,0,0,13.33,4.44,1.11,2.22,10,2.22,5.56,1.11,1.11,0,8.89,7.78,0,2.22,4.44,8.89,7.78,1.11,1.11,"Guard"
"26656","Josh Hart","josh hart",2026-06-12,2026,"2025-10-21","2026-06-13",31.2689938398357,77,215,2017,1,30,"2017-10-21",2017,TRUE,"G",1,1,0,NA,NA,NA,84,28,54,89.52,80.61,17.46,93.93,10.8,9.26,87.04,59.26,48.15,14.81,7.41,1.85,0,1.85,3.7,7.41,18.52,12.96,0,14.81,5.56,5.56,0,1.85,14.81,1.85,3.7,5.56,1.85,1.85,3.7,18.52,0,12.96,1.85,3.7,0,5.56,1.85,0,5.56,5.56,0,1.85,1.85,9.26,0,0,0,9.26,1.85,7.41,3.7,3.7,0,7.41,11.11,1.85,7.41,0,1.85,1.85,1.85,0,"Guard"
"26656","Josh Hart","josh hart",2026-06-09,2026,"2025-10-21","2026-06-13",31.2607802874743,77,215,2017,1,30,"2017-10-21",2017,TRUE,"G",4,2,0,NA,NA,NA,81,27,70,52.56,72.87,86.85,94.7,14,12.86,85.71,67.14,52.86,15.71,10,4.29,0,2.86,2.86,5.71,12.86,5.71,0,12.86,4.29,7.14,7.14,0,14.29,4.29,2.86,4.29,2.86,0,1.43,24.29,2.86,12.86,4.29,1.43,1.43,1.43,0,1.43,5.71,5.71,0,1.43,1.43,11.43,2.86,0,0,8.57,1.43,4.29,2.86,1.43,1.43,7.14,8.57,1.43,8.57,5.71,0,4.29,0,1.43,"Guard"
"33790","Isaiah Hartenstein","isaiah hartenstein",2025-06-21,2025,"2024-10-22","2025-06-22",27.129363449692,84,250,2017,2,43,"2018-10-18",2018,TRUE,"C",162,20,1,"Injury/Illness - Right Soleus; Strain","calf","strain",69,22,60,44.66,99,51.55,72.45,12,15,96.67,80,61.67,25,15,3.33,8.33,3.33,0,10,16.67,6.67,0,18.33,8.33,1.67,8.33,0,20,5,5,16.67,8.33,3.33,5,20,3.33,8.33,5,0,1.67,0,0,1.67,3.33,3.33,0,1.67,1.67,13.33,0,0,0,11.67,0,6.67,5,1.67,0,3.33,13.33,1.67,8.33,0,0,8.33,1.67,1.67,"Center"
"33790","Isaiah Hartenstein","isaiah hartenstein",2025-06-15,2025,"2024-10-22","2025-06-22",27.1129363449692,84,250,2017,2,43,"2018-10-18",2018,TRUE,"C",168,22,1,"Injury/Illness - Right Soleus; Strain","calf","strain",63,20,59,43.72,69.65,98.71,73.26,11.8,13.56,89.83,81.36,59.32,25.42,18.64,8.47,0,3.39,0,6.78,10.17,6.78,0,16.95,5.08,6.78,5.08,0,22.03,5.08,1.69,0,0,0,0,22.03,1.69,8.47,6.78,0,0,1.69,0,0,3.39,3.39,0,0,0,11.86,1.69,0,1.69,10.17,6.78,3.39,0,3.39,0,5.08,13.56,3.39,11.86,6.78,5.08,5.08,3.39,0,"Center"
"33790","Isaiah Hartenstein","isaiah hartenstein",2025-06-04,2025,"2024-10-22","2025-06-22",27.0828199863107,84,250,2017,2,43,"2018-10-18",2018,TRUE,"C",179,26,1,"Injury/Illness - Right Soleus; Strain","calf","strain",52,16,55,11.02,86.82,63.35,47.86,9.17,7.27,90.91,81.82,65.45,21.82,10.91,1.82,5.45,3.64,0,10.91,27.27,10.91,0,7.27,14.55,7.27,3.64,3.64,21.82,7.27,1.82,10.91,10.91,0,0,30.91,1.82,20,5.45,1.82,1.82,1.82,0,9.09,1.82,1.82,0,0,0,16.36,5.45,5.45,0,14.55,1.82,1.82,0,1.82,0,9.09,7.27,0,5.45,0,0,14.55,0,1.82,"Center"
"Youtube/1036.mp3","Isaiah Hartenstein","isaiah hartenstein",2026-05-20,2026,"2025-10-21","2026-06-13",28.041067761807,84,250,2017,2,43,"2018-10-18",2018,TRUE,"C",10,5,0,NA,NA,NA,69,20,1041,9.19,75.46,59.9,84.64,13.35,8.65,95.39,81.94,63.5,20.75,13.45,5.57,1.92,3.46,0.48,7.3,13.16,5.86,1.25,12.01,12.39,9.41,8.93,0.48,21.33,7.3,5.48,6.63,3.65,1.92,1.25,26.13,0.38,14.22,4.71,1.06,2.02,3.65,1.25,3.27,4.32,4.32,0,0.38,0.38,12.2,3.07,1.54,0.77,10.18,2.31,2.98,2.11,0.77,0.67,8.65,6.72,1.83,4.42,3.75,2.98,6.92,4.13,2.98,"Center"
"Youtube/168.mp3","Isaiah Hartenstein","isaiah hartenstein",2026-05-20,2026,"2025-10-21","2026-06-13",28.041067761807,84,250,2017,2,43,"2018-10-18",2018,TRUE,"C",10,5,0,NA,NA,NA,69,20,1040,9.39,75.49,60.04,84.68,13.33,8.65,95.38,81.92,63.46,20.77,13.46,5.58,1.92,3.46,0.48,7.31,13.17,5.87,1.25,12.02,12.4,9.33,8.85,0.48,21.35,7.31,5.48,6.63,3.65,1.92,1.25,26.15,0.38,14.23,4.71,1.06,2.02,3.65,1.25,3.27,4.33,4.33,0,0.38,0.38,12.21,3.08,1.54,0.77,10.19,2.31,2.98,2.12,0.77,0.67,8.65,6.73,1.83,4.42,3.75,2.98,6.92,4.13,2.98,"Center"
"Youtube/1687.mp3","Isaiah Hartenstein","isaiah hartenstein",2026-04-27,2026,"2025-10-21","2026-06-13",27.9780971937029,84,250,2017,2,43,"2018-10-18",2018,TRUE,"C",33,11,0,NA,NA,NA,46,14,787,5.12,81.5,89.5,62.23,13.12,8.77,95.04,82.85,63.15,22.24,16.01,5.72,3.3,2.41,0.51,6.23,12.07,6.61,0.89,9.78,13.34,8.89,8.51,1.52,25.41,6.35,4.57,7.12,5.34,1.4,0.51,30.88,1.02,16.65,7.12,1.65,1.02,2.92,1.14,3.56,3.3,2.92,0.25,0.51,0.38,14.74,2.67,0.89,0.38,12.71,4.7,3.05,1.91,0.76,1.52,10.17,9.15,2.29,6.1,5.34,4.19,9.4,2.03,1.4,"Center"
"Youtube/235.mp3","Isaiah Hartenstein","isaiah hartenstein",2024-02-06,2024,"2023-10-24","2024-06-17",25.7577002053388,84,250,2017,2,43,"2018-10-18",2018,TRUE,"C",8,1,1,"Injury/Illness - Left Achilles; Tendinopathy","achilles","tendinopathy",12,5,671,2.19,82.59,75.42,64.86,9.32,6.11,94.93,78.54,63.79,22.5,16.69,6.86,2.53,3.58,0.75,5.81,9.39,4.17,0.45,9.69,14.75,10.43,7.9,1.49,23.85,5.07,4.02,4.47,3.43,0.75,0.3,28.91,1.19,14.31,6.11,1.19,1.94,3.43,0.6,2.38,4.47,3.58,0.75,1.64,1.19,13.11,0.89,0.6,0.15,12.52,4.62,1.34,0.89,0.3,0.89,15.05,9.09,2.24,4.92,4.32,5.51,6.86,1.79,1.79,"Center"
"Youtube/241.mp3","Isaiah Hartenstein","isaiah hartenstein",2026-04-27,2026,"2025-10-21","2026-06-13",27.9780971937029,84,250,2017,2,43,"2018-10-18",2018,TRUE,"C",33,11,0,NA,NA,NA,46,14,788,5.26,81.47,89.39,62.18,13.36,8.76,95.05,82.87,63.2,22.21,15.99,5.71,3.3,2.41,0.51,6.22,12.18,6.73,0.89,9.77,13.32,8.88,8.5,1.52,25.38,6.35,4.57,7.11,5.33,1.4,0.51,30.84,1.02,16.62,7.11,1.65,1.02,2.92,1.14,3.55,3.3,2.92,0.25,0.51,0.38,14.72,2.66,0.89,0.38,12.69,4.7,3.05,1.9,0.76,1.52,10.15,9.14,2.28,6.09,5.33,4.19,9.39,2.03,1.4,"Center"
"Youtube/3273.mp3","Isaiah Hartenstein","isaiah hartenstein",2026-05-20,2026,"2025-10-21","2026-06-13",28.041067761807,84,250,2017,2,43,"2018-10-18",2018,TRUE,"C",10,5,0,NA,NA,NA,69,20,1041,9.19,75.46,59.9,84.64,13.18,8.65,95.39,81.94,63.5,20.75,13.45,5.57,1.92,3.46,0.48,7.3,13.16,5.86,1.25,12.01,12.39,9.41,8.93,0.48,21.33,7.3,5.48,6.63,3.65,1.92,1.25,26.13,0.38,14.22,4.71,1.06,2.02,3.65,1.25,3.27,4.32,4.32,0,0.38,0.38,12.2,3.07,1.54,0.77,10.18,2.31,2.98,2.11,0.77,0.67,8.65,6.72,1.83,4.42,3.75,2.98,6.92,4.13,2.98,"Center"
"Youtube/3665.mp3","Isaiah Hartenstein","isaiah hartenstein",2026-05-26,2026,"2025-10-21","2026-06-13",28.0574948665298,84,250,2017,2,43,"2018-10-18",2018,TRUE,"C",4,2,0,NA,NA,NA,75,23,1272,12.82,79.88,80.2,63.57,12.47,10.3,95.6,82.47,65.09,19.81,13.36,4.64,3.54,2.91,0.47,6.45,13.36,6.6,1.02,12.89,11.16,11.01,7.23,1.81,20.83,6.76,5.03,8.18,5.03,2.44,1.02,26.34,1.57,13.92,5.35,0.55,1.73,2.67,1.02,3.07,5.11,3.77,1.02,1.65,0.71,11.95,2.36,1.1,0.39,10.3,2.04,2.83,1.49,1.18,0.79,10.06,10.06,2.28,6.84,4.01,2.59,6.45,2.52,2.28,"Center"
"Youtube/3757.mp3","Isaiah Hartenstein","isaiah hartenstein",2026-04-27,2026,"2025-10-21","2026-06-13",27.9780971937029,84,250,2017,2,43,"2018-10-18",2018,TRUE,"C",33,11,0,NA,NA,NA,46,14,787,5.12,81.5,89.5,62.23,13.12,8.77,95.04,82.85,63.15,22.24,16.01,5.72,3.3,2.41,0.51,6.23,12.07,6.61,0.89,9.78,13.34,8.89,8.51,1.52,25.41,6.35,4.57,7.12,5.34,1.4,0.51,30.88,1.02,16.65,7.12,1.65,1.02,2.92,1.14,3.56,3.3,2.92,0.25,0.51,0.38,14.74,2.67,0.89,0.38,12.71,4.7,3.05,1.91,0.76,1.52,10.17,9.15,2.29,6.1,5.34,4.19,9.4,2.03,1.4,"Center"
"Youtube/4004.mp3","Isaiah Hartenstein","isaiah hartenstein",2026-04-27,2026,"2025-10-21","2026-06-13",27.9780971937029,84,250,2017,2,43,"2018-10-18",2018,TRUE,"C",33,11,0,NA,NA,NA,46,14,788,4.95,81.47,89.39,62.18,12.71,8.76,95.05,82.87,63.2,22.34,15.99,5.71,3.3,2.41,0.51,6.35,12.06,6.6,0.89,9.77,13.45,8.88,8.5,1.52,25.51,6.35,4.57,7.11,5.33,1.4,0.51,30.96,1.02,16.62,7.11,1.65,1.02,2.92,1.14,3.55,3.3,2.92,0.25,0.51,0.38,14.72,2.66,0.89,0.38,12.69,4.7,3.05,1.9,0.76,1.52,10.15,9.14,2.28,6.09,5.33,4.19,9.52,2.03,1.4,"Center"
"Youtube/4044.mp3","Isaiah Hartenstein","isaiah hartenstein",2026-05-20,2026,"2025-10-21","2026-06-13",28.041067761807,84,250,2017,2,43,"2018-10-18",2018,TRUE,"C",10,5,0,NA,NA,NA,69,20,1041,9.19,75.46,59.9,84.64,13.35,8.65,95.39,81.94,63.5,20.75,13.45,5.57,1.92,3.46,0.48,7.3,13.16,5.86,1.25,12.01,12.39,9.41,8.93,0.48,21.33,7.3,5.48,6.63,3.65,1.92,1.25,26.13,0.38,14.22,4.71,1.06,2.02,3.65,1.25,3.27,4.32,4.32,0,0.38,0.38,12.2,3.07,1.54,0.77,10.18,2.31,2.98,2.11,0.77,0.67,8.65,6.72,1.83,4.42,3.75,2.98,6.92,4.13,2.98,"Center"
"Youtube/4984.mp3","Isaiah Hartenstein","isaiah hartenstein",2026-05-26,2026,"2025-10-21","2026-06-13",28.0574948665298,84,250,2017,2,43,"2018-10-18",2018,TRUE,"C",4,2,0,NA,NA,NA,75,23,1274,12.66,79.83,80.02,63.5,11.91,10.28,95.6,82.5,65.15,19.78,13.34,4.63,3.53,2.9,0.47,6.44,13.34,6.59,1.02,12.87,11.22,11.07,7.22,1.81,20.88,6.75,5.02,8.16,5.02,2.43,1.02,26.37,1.57,13.89,5.34,0.55,1.73,2.67,1.02,3.06,5.1,3.77,1.02,1.65,0.71,11.93,2.35,1.1,0.39,10.28,2.04,2.83,1.49,1.18,0.78,10.05,10.05,2.28,6.83,4,2.59,6.51,2.51,2.28,"Center"
"Youtube/5609.mp3","Isaiah Hartenstein","isaiah hartenstein",2026-05-26,2026,"2025-10-21","2026-06-13",28.0574948665298,84,250,2017,2,43,"2018-10-18",2018,TRUE,"C",4,2,0,NA,NA,NA,75,23,1273,12.74,79.86,80.11,63.54,12.48,10.29,95.6,82.48,65.12,19.8,13.35,4.63,3.53,2.91,0.47,6.44,13.35,6.6,1.02,12.88,11.15,11.08,7.23,1.81,20.82,6.76,5.03,8.17,5.03,2.44,1.02,26.32,1.57,13.9,5.34,0.55,1.73,2.67,1.02,3.06,5.11,3.77,1.02,1.65,0.71,11.94,2.36,1.1,0.39,10.29,2.04,2.83,1.49,1.18,0.79,10.05,10.05,2.28,6.83,4.01,2.59,6.44,2.51,2.28,"Center"
"Youtube/5742.mp3","Isaiah Hartenstein","isaiah hartenstein",2026-04-27,2026,"2025-10-21","2026-06-13",27.9780971937029,84,250,2017,2,43,"2018-10-18",2018,TRUE,"C",33,11,0,NA,NA,NA,46,14,787,5.12,81.5,89.5,62.23,13.34,8.77,95.04,82.85,63.15,22.24,16.01,5.72,3.3,2.41,0.51,6.23,12.07,6.61,0.89,9.78,13.34,8.89,8.51,1.52,25.41,6.35,4.57,7.12,5.34,1.4,0.51,30.88,1.02,16.65,7.12,1.65,1.02,2.92,1.14,3.56,3.3,2.92,0.25,0.51,0.38,14.74,2.67,0.89,0.38,12.71,4.7,3.05,1.91,0.76,1.52,10.17,9.15,2.29,6.1,5.34,4.19,9.4,2.03,1.4,"Center"
"Youtube/5748.mp3","Isaiah Hartenstein","isaiah hartenstein",2026-05-20,2026,"2025-10-21","2026-06-13",28.041067761807,84,250,2017,2,43,"2018-10-18",2018,TRUE,"C",10,5,0,NA,NA,NA,69,20,1040,9.27,74.57,60.04,84.68,13.33,8.65,95.38,81.92,63.46,20.67,13.37,5.58,1.83,3.46,0.48,7.31,13.17,5.87,1.25,12.02,12.4,9.42,8.94,0.48,21.35,7.31,5.48,6.54,3.56,1.92,1.25,26.15,0.38,14.23,4.71,1.06,2.02,3.65,1.25,3.27,4.33,4.33,0,0.38,0.38,12.12,3.08,1.54,0.77,10.1,2.31,2.98,2.12,0.77,0.67,8.65,6.73,1.83,4.42,3.75,2.98,6.92,4.13,2.98,"Center"
"Youtube/94.mp3","Isaiah Hartenstein","isaiah hartenstein",2026-05-26,2026,"2025-10-21","2026-06-13",28.0574948665298,84,250,2017,2,43,"2018-10-18",2018,TRUE,"C",4,2,0,NA,NA,NA,75,23,1273,12.74,79.86,80.11,63.54,12.48,10.29,95.6,82.48,65.12,19.8,13.35,4.63,3.53,2.91,0.47,6.44,13.35,6.6,1.02,12.88,11.15,11.08,7.23,1.81,20.82,6.76,5.03,8.17,5.03,2.44,1.02,26.32,1.57,13.9,5.34,0.55,1.73,2.67,1.02,3.06,5.11,3.77,1.02,1.65,0.71,11.94,2.36,1.1,0.39,10.29,2.04,2.83,1.49,1.18,0.79,10.05,10.05,2.28,6.83,4.01,2.59,6.44,2.51,2.28,"Center"
"Youtube/95.mp3","Isaiah Hartenstein","isaiah hartenstein",2026-05-26,2026,"2025-10-21","2026-06-13",28.0574948665298,84,250,2017,2,43,"2018-10-18",2018,TRUE,"C",4,2,0,NA,NA,NA,75,23,1275,12.58,80.14,79.53,63.47,12.62,10.27,95.61,82.51,65.18,19.84,13.41,4.63,3.53,2.9,0.47,6.43,13.33,6.59,1.02,12.86,11.22,11.06,7.22,1.8,20.86,6.75,5.02,8.16,5.02,2.43,1.02,26.35,1.57,13.88,5.33,0.55,1.73,2.67,1.02,3.06,5.1,3.76,1.02,1.65,0.71,12,2.35,1.1,0.39,10.35,2.12,2.82,1.49,1.18,0.78,10.04,10.04,2.27,6.82,4,2.59,6.51,2.51,2.27,"Center"
"47873","Kon Knueppel","kon knueppel",2026-02-14,2026,"2025-10-21","2026-06-13",20.5338809034908,78,215,2025,1,4,"2025-10-22",2025,TRUE,"G",62,29,0,NA,NA,NA,47,23,61,69.49,22.81,96.14,44.83,8.71,8.2,98.36,80.33,55.74,9.84,1.64,1.64,0,0,0,8.2,18.03,11.48,8.2,9.84,6.56,9.84,4.92,0,16.39,13.11,9.84,0,0,0,0,21.31,0,11.48,1.64,0,0,6.56,3.28,0,6.56,3.28,1.64,3.28,3.28,0,0,0,0,0,0,3.28,0,1.64,3.28,9.84,22.95,1.64,16.39,6.56,9.84,1.64,0,3.28,"Guard"
"40336","Jonathan Kuminga","jonathan kuminga",2023-05-13,2023,"2022-10-18","2023-06-12",20.5995893223819,79,225,2021,1,7,"2021-10-31",2021,FALSE,"F",170,3,1,"Injury/Illness - Left Knee; Contusion","knee","contusion",61,23,55,2.01,8.91,95.15,0,13.75,7.27,96.36,83.64,70.91,30.91,14.55,12.73,0,1.82,0,16.36,16.36,3.64,1.82,12.73,14.55,9.09,3.64,1.82,25.45,1.82,5.45,1.82,1.82,0,0,25.45,1.82,14.55,5.45,3.64,1.82,0,1.82,0,0,0,0,0,0,5.45,0,0,0,5.45,0,0,0,0,3.64,20,9.09,1.82,5.45,3.64,10.91,5.45,3.64,0,"Forward"
"26131","T.J. McConnell","tj mcconnell",2025-06-21,2025,"2024-10-22","2025-06-22",33.2402464065708,73,190,NA,NA,NA,"2015-10-28",2015,TRUE,"G",124,1,1,"Injury/Illness - Left Hamstring; Strain","hamstring","strain",115,47,56,4.26,14.49,94.2,5.5,14,8.93,100,82.14,66.07,23.21,12.5,8.93,1.79,1.79,0,10.71,14.29,3.57,1.79,12.5,12.5,12.5,3.57,3.57,28.57,0,5.36,10.71,5.36,5.36,0,25,1.79,12.5,1.79,0,3.57,0,3.57,3.57,8.93,3.57,5.36,0,0,10.71,5.36,3.57,1.79,7.14,1.79,1.79,0,1.79,1.79,8.93,17.86,3.57,10.71,1.79,1.79,8.93,1.79,0,"Guard"
"26131","T.J. McConnell","tj mcconnell",2025-06-18,2025,"2024-10-22","2025-06-22",33.2320328542094,73,190,NA,NA,NA,"2015-10-28",2015,TRUE,"G",127,2,1,"Injury/Illness - Left Hamstring; Strain","hamstring","strain",112,46,54,12.89,99,96.01,77.5,13.5,12.96,96.3,72.22,62.96,20.37,16.67,3.7,3.7,5.56,3.7,3.7,12.96,5.56,0,12.96,12.96,9.26,7.41,0,16.67,3.7,1.85,7.41,3.7,3.7,0,31.48,0,20.37,3.7,0,5.56,3.7,1.85,3.7,3.7,3.7,0,0,0,16.67,0,0,0,16.67,0,5.56,3.7,0,0,9.26,14.81,0,14.81,7.41,1.85,7.41,3.7,1.85,"Guard"
"26131","T.J. McConnell","tj mcconnell",2025-06-16,2025,"2024-10-22","2025-06-22",33.2265571526352,73,190,NA,NA,NA,"2015-10-28",2015,TRUE,"G",129,2,1,"Injury/Illness - Left Hamstring; Strain","hamstring","strain",110,45,50,69.05,96.81,49.13,20.23,10,14,88,70,52,12,12,0,8,0,4,0,14,10,0,12,2,4,12,2,12,6,6,10,8,2,2,14,4,4,0,0,0,0,0,4,4,2,2,0,0,20,8,0,0,12,0,4,2,0,2,10,12,2,10,2,8,0,0,2,"Guard"
"30522","Gary Payton II","gary payton ii",2025-04-26,2025,"2024-10-22","2025-06-22",32.3997262149213,74,195,NA,NA,NA,"2017-04-02",2016,FALSE,"G",256,43,1,"Injury/Illness - Left Ankle; Sprain","ankle","sprain",17,5,65,27.08,91.46,98.89,6.78,6.5,4.62,93.85,81.54,58.46,15.38,15.38,3.08,1.54,3.08,7.69,0,4.62,4.62,0,13.85,9.23,10.77,6.15,1.54,30.77,7.69,1.54,4.62,1.54,3.08,0,18.46,0,15.38,6.15,3.08,3.08,4.62,0,3.08,7.69,3.08,4.62,3.08,0,16.92,3.08,0,0,13.85,1.54,4.62,3.08,1.54,1.54,20,16.92,6.15,13.85,1.54,0,4.62,7.69,0,"Guard"
"Youtube/3361.mp3","Gary Payton II","gary payton ii",2023-05-12,2023,"2022-10-18","2023-06-12",30.4421629021218,74,195,NA,NA,NA,"2017-04-02",2016,FALSE,"G",190,12,1,"Injury/Illness - Left Foot; Strain","foot","strain",113,27,923,8.63,97.31,98.02,64.63,14.89,8.34,96.86,83.75,61.86,22.86,14.84,4.33,0.98,8.99,0.54,8.02,10.94,4.44,0.43,10.94,9.1,7.91,8.67,1.41,25.24,3.79,4.55,3.47,1.73,1.63,0.33,29.36,2.49,15.49,9.97,0.54,1.19,0.65,0.43,2.93,3.36,3.03,0.22,0.98,0.87,14.84,1.63,0.65,0.33,13.22,1.84,1.41,0.54,0.65,2.6,19.07,7.48,1.19,6.39,5.85,4.33,2.17,1.41,2.06,"Guard"
"Youtube/694.mp3","Gary Payton II","gary payton ii",2023-05-12,2023,"2022-10-18","2023-06-12",30.4421629021218,74,195,NA,NA,NA,"2017-04-02",2016,FALSE,"G",190,12,1,"Injury/Illness - Left Foot; Strain","foot","strain",113,27,923,8.63,97.31,98.02,64.63,14.89,8.23,96.86,83.75,61.86,22.86,14.84,4.33,0.98,8.99,0.54,8.02,10.94,4.44,0.43,10.94,9.1,7.91,8.67,1.41,25.24,3.79,4.55,3.47,1.73,1.63,0.33,29.36,2.49,15.49,9.97,0.54,1.19,0.65,0.43,2.93,3.36,3.03,0.22,0.98,0.87,14.84,1.63,0.65,0.33,13.22,1.84,1.41,0.54,0.65,2.6,19.18,7.48,1.19,6.39,5.85,4.33,2.17,1.41,2.06,"Guard"
"40337","Alperen Sengun","alperen sengun",2025-04-28,2025,"2024-10-22","2025-06-22",22.7597535934292,83,243,2021,1,16,"2021-10-21",2021,TRUE,"C",243,29,1,"Injury/Illness - Left Calf; Tightness","calf","tightness",84,35,58,5.28,40.06,95.69,74.09,8.29,5.17,94.83,82.76,65.52,24.14,17.24,6.9,0,1.72,6.9,6.9,13.79,6.9,0,13.79,10.34,12.07,8.62,3.45,22.41,5.17,1.72,1.72,0,1.72,0,25.86,3.45,12.07,8.62,0,0,1.72,0,1.72,10.34,6.9,3.45,3.45,1.72,10.34,0,0,0,10.34,0,6.9,6.9,0,0,6.9,10.34,3.45,6.9,0,8.62,6.9,0,0,"Center"
"44768","Victor Wembanyama","victor wembanyama",2025-12-15,2026,"2025-10-21","2026-06-13",21.9466119096509,88,235,2023,1,1,"2023-10-26",2023,TRUE,"F",114,53,1,"Injury/Illness - Left Rib; Contusion","rib","contusion",5,1,58,58.3,15.13,86.26,5.8,14.5,18.97,93.1,58.62,51.72,15.52,10.34,6.9,1.72,0,1.72,5.17,17.24,6.9,0,15.52,10.34,6.9,1.72,1.72,17.24,3.45,6.9,3.45,1.72,0,1.72,29.31,0,15.52,3.45,1.72,0,6.9,3.45,1.72,1.72,0,1.72,0,0,10.34,6.9,0,5.17,3.45,0,5.17,5.17,0,0,1.72,8.62,0,6.9,5.17,3.45,6.9,6.9,0,"Forward"
"44768","Victor Wembanyama","victor wembanyama",2025-12-13,2026,"2025-10-21","2026-06-13",21.9411362080767,88,235,2023,1,1,"2023-10-26",2023,TRUE,"F",116,53,1,"Injury/Illness - Left Rib; Contusion","rib","contusion",3,0,78,16.35,5.47,39.59,60.52,15.6,7.69,96.15,78.21,66.67,21.79,8.97,7.69,0,1.28,0,12.82,20.51,7.69,1.28,12.82,12.82,7.69,5.13,2.56,21.79,2.56,6.41,1.28,0,1.28,0,25.64,2.56,14.1,3.85,2.56,1.28,3.85,0,1.28,2.56,2.56,0,2.56,2.56,3.85,2.56,0,2.56,1.28,0,2.56,2.56,0,0,11.54,5.13,0,3.85,1.28,6.41,2.56,5.13,0,"Forward"
"Youtube/440.mp3","Victor Wembanyama","victor wembanyama",2026-06-02,2026,"2025-10-21","2026-06-13",22.4093086926762,88,235,2023,1,1,"2023-10-26",2023,TRUE,"F",11,5,0,NA,NA,NA,55,18,422,14.41,37.34,91.24,65.05,10.55,12.32,95.26,77.49,66.11,19.19,11.85,5.69,2.13,0.95,2.84,7.35,13.74,7.35,1.18,14.22,14.69,7.82,7.35,3.08,20.62,5.45,4.5,5.69,3.08,2.13,0.47,30.81,1.18,15.17,4.03,1.66,2.61,3.08,2.84,2.61,3.55,3.08,0.24,0.95,0.71,10.19,2.37,0.71,1.18,7.82,0.47,3.08,0.95,2.13,0.24,11.14,10.43,2.13,8.77,4.98,4.03,8.77,1.66,1.9,"Forward"
"Youtube/4675.mp3","Victor Wembanyama","victor wembanyama",2026-06-03,2026,"2025-10-21","2026-06-13",22.4120465434634,88,235,2023,1,1,"2023-10-26",2023,TRUE,"F",10,4,0,NA,NA,NA,56,18,456,3.98,17.23,92.04,32.38,9.7,10.75,96.05,82.89,71.71,23.9,13.38,7.68,4.17,0.66,0.66,10.53,17.54,6.58,1.75,13.82,18.64,7.24,6.14,4.17,24.56,7.46,5.7,6.36,5.04,0.88,0.66,37.28,2.19,17.54,5.92,1.54,0.66,2.63,1.97,4.61,3.73,2.19,1.32,1.54,0.22,9.21,2.63,0.66,1.1,7.02,0.66,3.07,1.1,1.1,0.66,9.87,5.48,1.32,3.73,3.51,3.73,9.43,3.51,3.07,"Forward"
"48512","Aaron Wiggins","aaron wiggins",2025-06-04,2025,"2024-10-22","2025-06-22",26.4202600958248,77,190,2021,2,55,"2021-10-24",2021,TRUE,"G",156,16,1,"Injury/Illness - Left Adductor; Strain","groin","strain",63,21,50,45.65,89.5,63.35,50.98,10,18,84,68,60,18,10,2,2,6,0,8,14,6,0,16,8,8,4,2,14,0,4,6,4,2,0,32,0,28,4,0,2,12,6,6,2,2,0,2,2,12,2,2,0,12,0,0,0,0,2,6,12,0,10,0,2,6,0,0,"Guard"
"Youtube/5737.mp3","Aaron Wiggins","aaron wiggins",2026-01-11,2026,"2025-10-21","2026-06-13",27.025325119781,77,190,2021,2,55,"2021-10-24",2021,TRUE,"G",137,51,0,NA,NA,NA,44,17,1009,20.24,98.03,62.14,54.07,20.18,7.43,95.64,80.77,62.83,21.21,15.46,2.97,1.98,5.65,0.3,5.75,14.47,7.43,1.59,12.19,9.12,7.33,8.82,0.69,22.1,3.27,4.66,5.45,2.78,1.98,1.09,27.85,1.19,15.66,7.23,1.19,0.69,3.07,1.29,2.78,2.97,2.58,0.4,0.5,0.5,15.66,1.98,0.79,0.4,14.17,5.25,2.08,1.78,0.3,1.39,12.49,9.61,3.07,5.25,3.47,3.37,6.05,1.59,1.39,"Guard"
"42436","Jalen Williams","jalen williams",2025-06-15,2025,"2024-10-22","2025-06-22",24.1697467488022,77,211,2022,1,12,"2022-10-20",2022,TRUE,"G",218,27,1,"Injury/Illness - Right Hamstring;","hamstring","",63,20,64,7.1,91.85,54.55,96.74,16,15.63,100,81.25,65.63,25,10.94,1.56,0,7.81,1.56,14.06,7.81,6.25,0,14.06,10.94,10.94,7.81,1.56,23.44,3.13,0,7.81,1.56,4.69,3.13,37.5,1.56,18.75,4.69,6.25,0,0,3.13,6.25,6.25,6.25,0,1.56,1.56,12.5,1.56,1.56,0,12.5,0,4.69,4.69,0,3.13,9.38,6.25,0,1.56,4.69,1.56,12.5,3.13,1.56,"Guard"
"42436","Jalen Williams","jalen williams",2025-06-13,2025,"2024-10-22","2025-06-22",24.1642710472279,77,211,2022,1,12,"2022-10-20",2022,TRUE,"G",220,27,1,"Injury/Illness - Right Hamstring;","hamstring","",61,19,55,5.06,8.91,16.38,5.35,11,9.09,96.36,87.27,67.27,20,10.91,9.09,0,0,1.82,9.09,20,3.64,1.82,7.27,10.91,10.91,7.27,0,21.82,10.91,9.09,9.09,0,7.27,1.82,20,1.82,9.09,1.82,1.82,5.45,0,0,0,5.45,1.82,3.64,3.64,0,5.45,3.64,0,0,1.82,0,3.64,3.64,0,1.82,5.45,7.27,0,3.64,3.64,5.45,1.82,0,0,"Guard"
"42436","Jalen Williams","jalen williams",2025-06-12,2025,"2024-10-22","2025-06-22",24.1615331964408,77,211,2022,1,12,"2022-10-20",2022,TRUE,"G",221,28,1,"Injury/Illness - Right Hamstring;","hamstring","",60,19,75,47.65,91.22,93.95,0,15,9.33,89.33,76,68,17.33,8,0,1.33,4,0,9.33,18.67,6.67,2.67,20,12,8,6.67,0,18.67,4,6.67,1.33,1.33,0,0,21.33,0,4,1.33,0,0,0,0,2.67,0,0,0,0,0,9.33,1.33,0,1.33,8,2.67,0,0,0,0,6.67,13.33,1.33,12,12,5.33,2.67,9.33,1.33,"Guard"
"42436","Jalen Williams","jalen williams",2025-06-08,2025,"2024-10-22","2025-06-22",24.1505817932923,77,211,2022,1,12,"2022-10-20",2022,TRUE,"G",225,29,1,"Injury/Illness - Right Hamstring;","hamstring","",56,17,53,32.25,40.06,41.82,1,7.57,16.98,92.45,75.47,56.6,18.87,7.55,3.77,3.77,0,0,11.32,13.21,7.55,0,13.21,13.21,7.55,1.89,1.89,20.75,9.43,9.43,3.77,3.77,0,0,22.64,0,11.32,1.89,0,1.89,3.77,1.89,1.89,3.77,0,3.77,0,0,7.55,3.77,0,3.77,3.77,0,0,0,0,1.89,5.66,15.09,0,9.43,1.89,1.89,7.55,0,0,"Guard"
"42436","Jalen Williams","jalen williams",2025-06-07,2025,"2024-10-22","2025-06-22",24.1478439425051,77,211,2022,1,12,"2022-10-20",2022,TRUE,"G",226,30,1,"Injury/Illness - Right Hamstring;","hamstring","",55,17,59,58.98,97.95,1,45.75,29.5,8.47,91.53,76.27,52.54,18.64,11.86,0,1.69,3.39,6.78,6.78,15.25,10.17,0,11.86,3.39,5.08,6.78,1.69,20.34,5.08,3.39,8.47,3.39,1.69,3.39,18.64,1.69,15.25,0,8.47,3.39,1.69,0,1.69,1.69,1.69,0,0,0,15.25,3.39,1.69,0,13.56,0,3.39,3.39,0,3.39,8.47,8.47,0,1.69,1.69,10.17,1.69,0,0,"Guard"
"42436","Jalen Williams","jalen williams",2025-06-04,2025,"2024-10-22","2025-06-22",24.1396303901437,77,211,2022,1,12,"2022-10-20",2022,TRUE,"G",229,31,1,"Injury/Illness - Right Hamstring;","hamstring","",52,16,67,15.68,86.37,37.86,1.78,16.75,5.97,97.01,86.57,71.64,22.39,13.43,2.99,8.96,1.49,0,8.96,7.46,4.48,0,19.4,13.43,8.96,4.48,4.48,22.39,4.48,2.99,13.43,8.96,4.48,1.49,25.37,0,14.93,2.99,1.49,5.97,1.49,1.49,4.48,2.99,0,2.99,0,0,13.43,2.99,0,1.49,10.45,0,0,0,0,0,7.46,8.96,0,4.48,7.46,2.99,5.97,2.99,0,"Guard"
"42436","Jalen Williams","jalen williams",2024-12-14,2025,"2024-10-22","2025-06-22",23.668720054757,77,211,2022,1,12,"2022-10-20",2022,TRUE,"G",36,17,1,"Injury/Illness - Right Hip; Strain","hip","strain",251,38,73,34.21,78.24,99,82.37,18.25,9.59,95.89,78.08,53.42,15.07,9.59,2.74,5.48,1.37,0,5.48,15.07,6.85,1.37,10.96,8.22,5.48,10.96,0,21.92,10.96,8.22,8.22,5.48,0,2.74,20.55,0,13.7,2.74,0,1.37,5.48,0,4.11,4.11,4.11,0,1.37,1.37,6.85,0,0,0,6.85,0,5.48,4.11,1.37,1.37,2.74,19.18,8.22,10.96,4.11,10.96,6.85,1.37,0,"Guard"
"Youtube/4698.mp3","Jalen Williams","jalen williams",2026-01-15,2026,"2025-10-21","2026-06-13",24.7556468172485,77,211,2022,1,12,"2022-10-20",2022,TRUE,"G",4,1,1,"Injury/Illness - Right Hamstring;","hamstring","",277,45,1101,22.09,67.71,45.09,80,13.43,8.08,94.46,80.84,64.4,19.44,9.9,3.91,3.45,1.18,0.45,9.54,13.99,5.27,0.82,16.08,10.9,8.72,8.08,0.91,20.98,5.81,5.54,9.17,4.72,3.36,1.18,23.71,1.18,11.17,3.18,1.82,1.09,2,1.54,2.82,5,4.45,0.54,1,0.91,9.99,2.45,0.54,1,7.72,1.36,3.18,1.82,0.64,1.27,12.72,6.72,1.73,4.63,3.18,4,6.36,1.27,1.54,"Guard"
"Youtube/5303.mp3","Jalen Williams","jalen williams",2025-12-10,2026,"2025-10-21","2026-06-13",24.6570841889117,77,211,2022,1,12,"2022-10-20",2022,TRUE,"G",40,18,1,"Injury/Illness - Right Hamstring;","hamstring","",241,28,1283,19.83,42.35,71.67,68.09,14.42,8.34,94.93,81.61,66.8,19.33,10.13,4.75,3.27,0.94,0.86,9.2,13.8,5.77,0.39,17.61,11.38,9.51,8.57,2.34,19.88,5.92,5.85,7.01,3.74,3.12,0.16,25.64,1.09,13.41,2.88,1.71,1.48,3.04,1.56,3.59,4.99,3.98,0.94,1.09,0.55,7.64,1.01,0.31,0.31,6.86,0.78,2.73,1.95,0.78,1.64,14.96,9.28,1.09,7.09,3.66,4.44,6.55,1.79,2.03,"Guard"
"Youtube/5717.mp3","Jalen Williams","jalen williams",2026-04-19,2026,"2025-10-21","2026-06-13",25.0130047912389,77,211,2022,1,12,"2022-10-20",2022,TRUE,"G",6,1,1,"Injury/Illness - Left Hamstring; Strain","hamstring","strain",29,7,1472,6.37,64.16,85.63,55.09,14.29,9.71,95.31,83.22,67.39,21.13,11.35,4.35,3.13,2.58,0.68,9.78,14.74,4.96,1.49,13.59,11.07,11.68,9.04,2.31,21.26,6.05,5.03,5.64,4.35,1.02,0.34,29.01,0.61,16.24,5.37,2.24,1.36,3.13,2.38,3.94,3.74,2.92,0.68,0.61,0.34,10.87,2.45,1.09,0.68,9.04,0.82,2.79,2.38,0.2,1.43,11.62,9.04,1.9,5.64,4.69,3.94,7.4,1.77,2.45,"Guard"
"Youtube/5877.mp3","Jalen Williams","jalen williams",2026-02-09,2026,"2025-10-21","2026-06-13",24.8240930869268,77,211,2022,1,12,"2022-10-20",2022,TRUE,"G",3,1,1,"Injury/Illness - Right Hamstring; Strain","hamstring","strain",2,0,1154,27.09,47.25,55.56,86.43,12.02,8.93,94.97,81.8,66.9,16.98,11.09,5.03,1.91,1.21,0.78,5.89,14.99,7.11,1.73,16.9,11.01,10.75,8.58,1.3,18.8,6.59,6.15,5.03,2.69,1.73,0.78,23.74,0.17,11.44,2.77,1.21,1.04,1.39,2.6,3.38,5.81,5.11,0.61,2.6,2.08,9.97,2.51,0.78,0.95,7.8,2.34,3.73,2.17,1.21,1.56,13.86,8.32,0.95,6.41,3.47,3.73,6.67,1.56,1.65,"Guard"
"Youtube/687.mp3","Jalen Williams","jalen williams",2026-04-02,2026,"2025-10-21","2026-06-13",24.9664613278576,77,211,2022,1,12,"2022-10-20",2022,TRUE,"G",23,4,1,"Injury/Illness - Left Hamstring; Strain","hamstring","strain",12,4,1131,21.1,62.1,71.86,54.57,12.03,7.69,93.99,81.79,65.08,22.37,13,5.84,3.01,3.18,0.44,9.37,13.79,6.54,0.71,16.09,11.32,7.69,6.9,1.5,21.49,4.95,4.16,5.92,3.71,1.68,0.53,25.29,0.8,12.56,3.27,0.97,2.12,2.74,0.53,3.27,3.63,2.92,0.71,0.88,0.53,9.55,2.03,0.71,0.62,8.13,0.53,3.01,2.39,0.53,1.68,14.24,7.96,2.12,4.86,4.51,3.45,7.07,2.39,2.39,"Guard"
"30771","OG Anunoby","og anunoby",2026-06-09,2026,"2025-10-21","2026-06-13",28.8952772073922,79,240,2017,1,23,"2017-10-19",2017,TRUE,"F",4,2,0,NA,NA,NA,30,7,51,1.05,1,99,95.42,12.75,17.65,84.31,70.59,62.75,13.73,5.88,5.88,0,0,0,7.84,5.88,5.88,0,5.88,17.65,7.84,19.61,0,23.53,3.92,0,3.92,1.96,1.96,0,29.41,0,21.57,3.92,1.96,0,13.73,0,15.69,5.88,5.88,0,1.96,1.96,1.96,1.96,1.96,0,0,0,1.96,1.96,0,0,5.88,13.73,5.88,9.8,3.92,0,7.84,0,0,"Forward"
"30771","OG Anunoby","og anunoby",2026-06-02,2026,"2025-10-21","2026-06-13",28.8761122518823,79,240,2017,1,23,"2017-10-19",2017,TRUE,"F",11,5,0,NA,NA,NA,23,4,55,71.44,21.2,97.64,76.62,13.75,7.27,87.27,83.64,65.45,5.45,3.64,1.82,0,0,0,1.82,10.91,10.91,0,21.82,7.27,16.36,12.73,0,23.64,1.82,0,3.64,0,1.82,1.82,12.73,0,7.27,0,0,1.82,3.64,0,3.64,3.64,3.64,0,0,0,1.82,0,0,0,1.82,0,0,0,0,1.82,3.64,27.27,9.09,16.36,0,0,5.45,7.27,0,"Forward"
"Youtube/1652.mp3","OG Anunoby","og anunoby",2022-04-20,2022,"2021-10-19","2022-06-16",24.7583846680356,79,240,2017,1,23,"2017-10-19",2017,TRUE,"F",238,29,1,"Injury/Illness - Left Hip; Strain","hip","strain",12,3,358,9.94,78.83,46.21,68.59,8.52,10.34,93.58,79.33,57.26,18.72,13.41,4.75,3.91,0.84,2.51,5.31,9.5,3.07,0,10.89,9.22,11.45,5.87,2.23,24.86,6.42,2.23,12.01,5.87,5.03,1.12,26.82,2.23,14.53,6.7,2.79,3.63,0.56,1.12,1.4,8.66,5.87,2.79,2.51,1.12,14.53,4.75,2.23,0,10.61,1.4,5.03,3.91,1.12,1.12,8.94,11.17,2.79,4.47,2.51,8.38,3.07,1.68,1.68,"Forward"
"Youtube/1910.mp3","OG Anunoby","og anunoby",2021-11-10,2022,"2021-10-19","2022-06-16",24.3175906913073,79,240,2017,1,23,"2017-10-19",2017,TRUE,"F",8,3,1,"Injury/Illness - Left Hip; Pointer","hip","contusion",178,11,227,4.95,70.71,89.76,32.44,5.16,8.81,92.51,81.06,59.03,25.11,18.5,7.93,5.29,0.88,2.2,6.61,11.89,3.96,0.44,8.37,12.78,5.29,5.29,2.2,26.43,7.93,3.96,10.13,7.05,2.64,0.44,33.92,1.76,16.3,9.25,1.32,2.2,1.32,0,2.64,7.05,3.96,3.08,2.64,0.44,17.62,6.17,2.64,1.32,11.89,2.64,1.76,1.76,0,1.32,7.93,6.17,3.08,1.76,4.85,7.49,6.17,3.52,2.64,"Forward"
"Youtube/2455.mp3","OG Anunoby","og anunoby",2024-01-01,2024,"2023-10-24","2024-06-17",26.4585900068446,79,240,2017,1,23,"2017-10-19",2017,TRUE,"F",28,13,1,"Injury/Illness - Right Elbow; Inflammation","elbow","inflammation",45,19,612,17.75,20.68,86.44,98.72,6.58,9.64,94.77,79.41,59.15,19.61,14.22,8.82,0.65,1.31,0.82,5.39,11.93,5.39,0.49,11.93,9.48,8.5,7.03,1.47,21.41,4.41,5.07,5.72,2.78,2.61,0.49,25.16,2.78,12.42,6.21,0.82,1.14,1.96,0.65,2.61,9.15,8.17,0.98,3.59,2.78,12.09,5.72,2.29,0.98,7.19,3.27,2.45,1.63,0.33,0.98,9.64,8.33,2.29,4.58,3.27,6.86,3.92,0.98,4.25,"Forward"
"Youtube/422.mp3","OG Anunoby","og anunoby",2024-01-20,2024,"2023-10-24","2024-06-17",26.5106091718001,79,240,2017,1,23,"2017-10-19",2017,TRUE,"F",9,3,1,"Injury/Illness - Right Elbow; Inflammation","elbow","inflammation",64,29,354,10.58,23.59,97.94,55.4,6.68,10.17,95.2,85.03,61.86,19.77,12.43,5.65,1.41,1.69,0.85,7.34,12.99,5.65,0.85,12.15,9.32,9.89,8.47,3.39,21.47,7.06,7.63,4.24,2.54,1.13,0.56,29.94,3.39,14.12,3.95,0.85,0.85,3.67,0,6.21,3.95,2.82,0.56,1.41,0.56,12.43,4.24,1.13,1.41,9.04,2.54,1.41,1.13,0,1.69,14.41,10.73,2.26,7.63,6.78,4.8,4.52,2.54,3.67,"Forward"
"Youtube/4290.mp3","OG Anunoby","og anunoby",2024-01-20,2024,"2023-10-24","2024-06-17",26.5106091718001,79,240,2017,1,23,"2017-10-19",2017,TRUE,"F",9,3,1,"Injury/Illness - Right Elbow; Inflammation","elbow","inflammation",64,29,355,10.32,23.63,97.85,55.29,6.7,10.14,95.21,85.07,61.97,20,12.39,5.63,1.41,1.69,0.85,7.61,13.24,5.63,0.85,12.11,9.3,9.86,8.45,3.38,21.41,7.04,7.61,4.23,2.54,1.13,0.56,29.86,3.38,14.08,3.94,0.85,0.85,3.66,0,6.2,3.94,2.82,0.56,1.41,0.56,12.39,4.23,1.13,1.41,9.01,2.54,1.41,1.13,0,1.69,14.37,10.7,2.25,7.61,6.76,4.79,4.51,2.54,3.66,"Forward"
"Youtube/4694.mp3","OG Anunoby","og anunoby",2022-04-25,2022,"2021-10-19","2022-06-16",24.7720739219713,79,240,2017,1,23,"2017-10-19",2017,TRUE,"F",233,27,1,"Injury/Illness - Left Hip; Strain","hip","strain",17,5,335,32.13,87.33,42.06,79.7,11.17,10.45,88.96,77.31,60,15.82,11.94,3.28,3.88,0.6,0,3.88,13.43,9.55,0.6,11.94,8.36,10.15,9.25,0.6,20,5.07,3.28,9.55,4.78,4.18,0.9,25.07,1.79,11.34,3.28,0.9,2.09,2.09,1.19,2.99,4.48,4.18,0.3,0.9,0.6,12.24,1.19,0.6,0,11.64,3.88,2.39,1.19,0.9,2.99,8.06,10.75,3.28,7.16,2.99,2.09,9.25,0.3,1.19,"Forward"
"Youtube/51.mp3","OG Anunoby","og anunoby",2021-11-01,2022,"2021-10-19","2022-06-16",24.2929500342231,79,240,2017,1,23,"2017-10-19",2017,TRUE,"F",17,7,1,"Injury/Illness - Left Hip; Pointer","hip","contusion",169,7,510,14.37,47.03,80.92,50.31,7.85,13.33,94.9,82.94,60,15.29,10.39,5.1,1.18,1.76,0.78,4.9,10.2,6.08,1.76,10.78,12.75,11.18,6.86,1.37,27.25,6.08,4.51,6.67,2.55,2.75,1.37,26.27,0.59,13.73,5.69,1.57,1.76,2.75,0.98,3.14,5.49,3.73,1.76,1.57,0.59,10.98,4.12,1.57,0.59,7.84,0.98,2.94,1.96,0.59,1.96,12.16,10.98,2.94,5.1,3.33,3.14,6.08,3.33,3.14,"Forward"
"Youtube/5667.mp3","OG Anunoby","og anunoby",2024-01-01,2024,"2023-10-24","2024-06-17",26.4585900068446,79,240,2017,1,23,"2017-10-19",2017,TRUE,"F",28,13,1,"Injury/Illness - Right Elbow; Inflammation","elbow","inflammation",45,19,605,21.19,17.14,85.57,99,6.58,10.08,94.71,78.68,58.18,18.51,13.72,8.93,0.66,0.83,0.66,4.79,12.23,5.62,0.5,11.74,8.93,8.76,6.94,1.32,20.83,4.63,5.12,5.95,2.81,2.81,0.5,24.46,2.64,12.23,5.95,0.83,1.32,1.98,0.66,2.48,9.75,8.76,0.99,3.8,2.98,11.74,5.95,2.48,1.16,6.61,3.31,2.81,1.65,0.5,0.83,9.92,8.76,2.31,4.79,3.31,6.78,3.8,0.83,4.13,"Forward"
"Youtube/636.mp3","OG Anunoby","og anunoby",2024-01-25,2024,"2023-10-24","2024-06-17",26.5242984257358,79,240,2017,1,23,"2017-10-19",2017,TRUE,"F",4,1,1,"Injury/Illness - Right Elbow; Inflammation","elbow","inflammation",69,31,539,4.63,36.87,81.23,84.07,8.04,13.54,92.02,81.82,60.11,19.29,13.73,7.05,1.67,1.3,2.04,5.57,10.58,4.64,0.56,10.76,13.36,10.58,9.09,1.86,26.72,7.61,3.71,7.24,2.41,4.08,0.74,28.76,2.78,13.54,4.82,2.41,2.41,2.04,0.56,2.97,7.24,5.57,1.3,2.23,0.56,10.39,2.23,0.56,0.56,8.35,2.41,3.34,2.6,0.74,1.86,11.32,10.76,3.34,5.38,3.53,4.45,6.68,2.41,1.48,"Forward"
"50607","Mitchell Robinson","mitchell robinson",2026-06-13,2026,"2025-10-21","2026-06-13",28.1998631074606,84,240,2018,2,36,"2018-10-17",2018,TRUE,"C",1,1,0,NA,NA,NA,130,42,66,10.19,74.59,39.59,96.12,16.5,9.09,96.97,78.79,65.15,19.7,9.09,4.55,4.55,0,0,10.61,12.12,4.55,4.55,13.64,16.67,7.58,7.58,0,27.27,4.55,3.03,10.61,6.06,4.55,0,30.3,3.03,7.58,3.03,0,1.52,1.52,0,0,6.06,6.06,0,3.03,3.03,6.06,1.52,1.52,0,6.06,0,4.55,4.55,0,3.03,15.15,7.58,1.52,4.55,4.55,12.12,6.06,0,0,"Center"
"Youtube/1046.mp3","Bennedict Mathurin","bennedict mathurin",2023-04-10,2023,"2022-10-18","2023-06-12",20.807665982204,77,210,2022,1,6,"2022-10-19",2022,TRUE,"G",295,48,1,"Injury/Illness - Right Great Toe; Sprain","toe","sprain",23,11,1557,10.19,61.06,93.48,80.14,16.74,7.13,97.24,86.38,67.05,24.79,18.75,9.96,0.51,6.49,0.77,6.04,12.52,5.2,0.9,14.58,10.79,7.58,8.54,1.41,24.79,5.46,5.07,4.17,1.61,1.8,0.77,30.19,1.09,16.06,8.22,0.19,1.99,2.18,1.73,2.25,4.82,4.37,0.45,0.9,0.58,12.2,2.38,0.9,0.83,10.15,0.96,2.7,1.35,0.9,0.83,15.61,6.62,1.09,3.08,4.69,6.42,5.46,1.99,1.93,"Guard"
"Youtube/1054.mp3","Dalano Banton","dalano banton",2022-01-24,2022,"2021-10-19","2022-06-16",22.2149212867899,80,203,2021,2,46,"2021-10-20",2021,FALSE,"F",299,49,1,"Injury/Illness - Left Ankle; Sprain","ankle","sprain",27,6,910,26.8,66.54,97.21,85.37,21.16,8.57,95.38,83.3,64.62,20.77,14.84,6.81,1.43,4.07,0.44,5.93,12.09,5.6,1.54,16.37,8.35,6.92,8.9,1.76,23.63,3.63,4.4,5.82,3.08,2.31,0.55,21.65,1.21,11.65,5.27,0.66,1.76,2.09,0.22,2.75,4.84,4.62,0.22,0.66,0.66,12.75,2.86,1.43,0.88,10.33,2.86,2.64,1.98,0.55,1.87,15.38,14.4,3.63,10.22,3.41,3.3,5.93,1.87,0.99,"Forward"
"Youtube/1886.mp3","Dalano Banton","dalano banton",2022-01-24,2022,"2021-10-19","2022-06-16",22.2149212867899,80,203,2021,2,46,"2021-10-20",2021,FALSE,"F",299,49,1,"Injury/Illness - Left Ankle; Sprain","ankle","sprain",27,6,910,26.8,64.72,97.32,85.37,21.67,8.57,95.38,83.3,64.62,20.77,14.84,6.92,1.43,3.96,0.44,5.93,12.09,5.6,1.54,16.37,8.35,6.92,8.9,1.76,23.63,3.63,4.4,5.82,3.08,2.31,0.55,21.65,1.21,11.65,5.27,0.66,1.76,2.09,0.22,2.75,4.84,4.62,0.22,0.66,0.66,12.64,2.86,1.43,0.88,10.22,2.86,2.64,1.98,0.55,1.87,15.38,14.4,3.63,10.22,3.41,3.3,5.93,1.87,0.99,"Forward"
"Youtube/2518.mp3","Dalano Banton","dalano banton",2022-01-20,2022,"2021-10-19","2022-06-16",22.2039698836413,80,203,2021,2,46,"2021-10-20",2021,FALSE,"F",303,50,1,"Injury/Illness - Left Ankle; Sprain","ankle","sprain",23,5,940,14.65,69.77,95.09,70.4,14.92,8.19,94.47,83.19,64.68,22.55,17.66,7.77,2.02,4.26,0.53,4.89,11.91,5.43,1.6,15.21,10.21,8.4,8.09,1.81,23.94,4.68,5,4.36,2.55,1.17,0.64,27.34,1.17,13.72,6.6,0.85,1.6,2.23,0.53,3.19,3.19,3.19,0,0.64,0.64,14.26,2.77,0.64,1.81,11.6,3.72,2.34,1.38,0.64,0.74,15,11.49,2.34,6.81,5.11,2.45,7.87,2.66,1.38,"Forward"
"Youtube/3050.mp3","Dalano Banton","dalano banton",2022-01-10,2022,"2021-10-19","2022-06-16",22.17659137577,80,203,2021,2,46,"2021-10-20",2021,FALSE,"F",313,51,1,"Injury/Illness - Left Ankle; Sprain","ankle","sprain",13,4,886,11.84,99,88.04,69.94,19.69,9.14,96.16,83.41,63.54,24.15,18.62,5.64,5.08,5.98,0.23,5.53,14,4.4,1.13,12.87,7.34,8.58,8.58,0.79,22.69,3.05,4.74,9.93,6.77,1.47,1.81,25.85,1.81,15.01,7,1.92,1.24,2.48,0.56,1.92,3.95,3.5,0.34,0.68,0.56,17.95,2.93,1.24,1.13,14.9,2.48,3.5,2.37,0.79,1.02,14.67,10.38,2.82,6.77,3.27,1.58,5.87,1.13,2.26,"Forward"
"Youtube/3654.mp3","Dalano Banton","dalano banton",2022-01-10,2022,"2021-10-19","2022-06-16",22.17659137577,80,203,2021,2,46,"2021-10-20",2021,FALSE,"F",313,51,1,"Injury/Illness - Left Ankle; Sprain","ankle","sprain",13,4,884,11.08,99,89.77,66.58,19.64,9.05,96.15,83.6,63.57,24.32,18.78,5.77,4.98,6.11,0.23,5.54,13.91,4.3,1.13,12.67,7.47,8.48,8.6,0.79,22.96,3.05,4.75,9.73,6.56,1.47,1.81,26.13,1.81,15.16,7.13,1.92,1.24,2.49,0.57,1.92,3.73,3.28,0.34,0.68,0.57,17.87,2.83,1.13,1.13,14.93,2.49,3.39,2.26,0.79,0.9,14.82,10.63,2.94,6.9,3.28,1.58,6,1.13,2.26,"Forward"
"Youtube/3900.mp3","Dalano Banton","dalano banton",2022-01-20,2022,"2021-10-19","2022-06-16",22.2039698836413,80,203,2021,2,46,"2021-10-20",2021,FALSE,"F",303,50,1,"Injury/Illness - Left Ankle; Sprain","ankle","sprain",23,5,940,15.02,69.77,95.09,70.4,15.16,8.19,94.47,83.09,64.57,22.55,17.66,7.77,2.02,4.26,0.53,4.89,11.91,5.43,1.6,15.21,10.21,8.3,7.98,1.81,23.94,4.68,5,4.36,2.55,1.17,0.64,27.45,1.17,13.83,6.6,0.85,1.6,2.34,0.53,3.19,3.19,3.19,0,0.64,0.64,14.26,2.77,0.64,1.81,11.6,3.72,2.34,1.38,0.64,0.74,15,11.49,2.34,6.81,5.11,2.45,7.87,2.66,1.38,"Forward"
"Youtube/4058.mp3","Dalano Banton","dalano banton",2022-01-24,2022,"2021-10-19","2022-06-16",22.2149212867899,80,203,2021,2,46,"2021-10-20",2021,FALSE,"F",299,49,1,"Injury/Illness - Left Ankle; Sprain","ankle","sprain",27,6,912,26.38,63.42,97.37,85.27,21.71,8.55,95.39,83.33,64.58,20.94,15.02,7.13,1.43,3.95,0.44,5.92,12.17,5.59,1.54,16.34,8.33,6.91,8.88,1.75,23.68,3.62,4.39,5.81,3.07,2.3,0.55,21.71,1.21,11.73,5.26,0.66,1.86,2.08,0.22,2.74,4.82,4.61,0.22,0.66,0.66,12.61,2.85,1.43,0.88,10.2,2.85,2.63,1.97,0.55,1.86,15.46,14.36,3.62,10.2,3.4,3.29,5.92,1.86,0.99,"Forward"
"Youtube/4388.mp3","Dalano Banton","dalano banton",2022-04-07,2022,"2021-10-19","2022-06-16",22.4147843942505,80,203,2021,2,46,"2021-10-20",2021,FALSE,"F",226,19,1,"Injury/Illness - Left Ankle; Sprain","ankle","sprain",100,36,506,23.51,95.92,93.98,94.78,14.06,10.08,95.65,76.48,59.49,20.36,15.42,4.35,4.74,3.56,2.57,4.94,11.86,4.74,0.99,15.42,7.71,8.5,8.7,0.99,19.96,4.15,4.15,10.47,6.13,3.95,0.99,23.91,0.79,12.65,5.34,1.38,1.38,1.38,0.99,3.16,8.1,6.92,1.19,2.37,1.98,16.6,3.75,1.19,1.38,13.44,1.19,4.94,4.15,0.79,0.79,14.43,10.87,3.75,6.52,5.14,2.57,6.52,2.17,1.19,"Forward"
"Youtube/4807.mp3","Dalano Banton","dalano banton",2022-01-20,2022,"2021-10-19","2022-06-16",22.2039698836413,80,203,2021,2,46,"2021-10-20",2021,FALSE,"F",303,50,1,"Injury/Illness - Left Ankle; Sprain","ankle","sprain",23,5,940,15.02,69.77,95.09,70.4,15.16,8.19,94.47,83.09,64.57,22.55,17.66,7.77,2.02,4.26,0.53,4.89,11.91,5.43,1.6,15.21,10.21,8.3,7.98,1.81,23.94,4.68,5,4.36,2.55,1.17,0.64,27.45,1.17,13.83,6.6,0.85,1.6,2.34,0.53,3.19,3.19,3.19,0,0.64,0.64,14.26,2.77,0.64,1.81,11.6,3.72,2.34,1.38,0.64,0.74,15,11.49,2.34,6.81,5.11,2.45,7.87,2.66,1.38,"Forward"
"Youtube/4889.mp3","Dalano Banton","dalano banton",2022-01-10,2022,"2021-10-19","2022-06-16",22.17659137577,80,203,2021,2,46,"2021-10-20",2021,FALSE,"F",313,51,1,"Injury/Illness - Left Ankle; Sprain","ankle","sprain",13,4,883,11.02,99,89.11,66.63,19.62,9.06,96.15,83.58,63.65,24.35,18.8,5.78,4.98,6.12,0.23,5.55,13.93,4.3,1.13,12.68,7.47,8.49,8.61,0.79,22.88,3.06,4.76,9.74,6.57,1.47,1.81,26.16,1.81,15.18,7.13,1.93,1.25,2.49,0.57,1.93,3.74,3.28,0.34,0.68,0.57,17.89,2.83,1.13,1.13,14.95,2.49,3.4,2.27,0.79,0.91,14.72,10.53,2.83,6.8,3.28,1.59,6,1.13,2.27,"Forward"
"Youtube/5016.mp3","Dalano Banton","dalano banton",2022-04-02,2022,"2021-10-19","2022-06-16",22.4010951403149,80,203,2021,2,46,"2021-10-20",2021,FALSE,"F",231,20,1,"Injury/Illness - Left Ankle; Sprain","ankle","sprain",95,35,737,6.16,87.66,90.16,96.27,12.28,10.99,97.29,83.72,64.59,24.15,17.1,6.92,1.9,5.7,1.22,7.06,11.8,4.75,0.81,12.75,9.23,8.96,9.91,2.17,24.56,3.66,2.04,7.19,3.8,2.44,0.95,26.32,1.76,14.11,5.43,1.22,2.04,3.12,0.95,3.12,6.38,6.24,0.14,2.58,2.44,17.64,4.21,1.76,1.9,13.98,2.71,4.07,3.53,0.41,0.68,14.93,9.09,3.26,6.51,3.26,2.17,6.24,3.39,1.49,"Forward"
"Youtube/6044.mp3","Dalano Banton","dalano banton",2022-04-02,2022,"2021-10-19","2022-06-16",22.4010951403149,80,203,2021,2,46,"2021-10-20",2021,FALSE,"F",231,20,1,"Injury/Illness - Left Ankle; Sprain","ankle","sprain",95,35,737,6.29,87.66,89.73,96.27,12.28,11.13,97.29,83.72,64.72,24.15,17.1,6.92,1.9,5.7,1.22,7.06,11.8,4.75,0.81,12.89,9.23,8.96,9.91,2.17,24.42,3.66,2.04,7.19,3.8,2.44,0.95,26.32,1.76,14.11,5.43,1.22,2.04,3.12,0.95,3.12,6.38,6.24,0.14,2.58,2.44,17.64,4.21,1.76,1.9,13.98,2.71,4.07,3.53,0.41,0.68,14.93,8.96,3.12,6.51,3.26,2.17,6.24,3.39,1.49,"Forward"
"Youtube/1066.mp3","Justin Jackson","justin jackson",2020-08-07,2020,"2019-10-22","2020-10-11",25.3634496919918,80,220,2017,1,15,"2017-10-19",2017,FALSE,"F",320,45,1,"Injury/Illness - Right Ankle; Sprain","ankle","sprain",595,112,565,4.77,97.92,74.63,47.03,14.49,11.5,93.98,82.83,62.83,26.19,17.7,4.6,4.6,5.31,0.53,8.5,13.1,5.49,1.59,9.38,12.21,6.9,7.26,0.88,26.19,5.13,5.66,6.73,5.31,0.71,0.71,32.92,0.88,17.88,7.79,0,1.95,3.54,1.95,3.36,2.83,2.3,0.53,0.88,0.35,17.88,4.07,0.53,2.48,14.16,3.01,2.48,1.95,0.53,1.42,11.33,6.02,2.83,3.89,3.89,5.31,7.08,1.24,1.24,"Forward"
"Youtube/2581.mp3","Justin Jackson","justin jackson",2020-08-07,2020,"2019-10-22","2020-10-11",25.3634496919918,80,220,2017,1,15,"2017-10-19",2017,FALSE,"F",320,45,1,"Injury/Illness - Right Ankle; Sprain","ankle","sprain",595,112,565,4.77,97.92,74.63,47.03,14.87,11.5,93.98,82.83,62.83,26.19,17.7,4.6,4.6,5.31,0.53,8.5,13.1,5.49,1.59,9.38,12.21,6.9,7.26,0.88,26.19,5.13,5.66,6.73,5.31,0.71,0.71,32.92,0.88,17.88,7.79,0,1.95,3.54,1.95,3.36,2.83,2.3,0.53,0.88,0.35,17.88,4.07,0.53,2.48,14.16,3.01,2.48,1.95,0.53,1.42,11.33,6.02,2.83,3.89,3.89,5.31,7.08,1.24,1.24,"Forward"
"Youtube/3101.mp3","Justin Jackson","justin jackson",2020-08-07,2020,"2019-10-22","2020-10-11",25.3634496919918,80,220,2017,1,15,"2017-10-19",2017,FALSE,"F",320,45,1,"Injury/Illness - Right Ankle; Sprain","ankle","sprain",595,112,565,4.77,97.92,74.63,47.03,14.13,11.5,93.98,82.83,62.83,26.19,17.7,4.6,4.6,5.31,0.53,8.5,13.1,5.49,1.59,9.38,12.21,6.9,7.26,0.88,26.19,5.13,5.66,6.73,5.31,0.71,0.71,32.92,0.88,17.88,7.79,0,1.95,3.54,1.95,3.36,2.83,2.3,0.53,0.88,0.35,17.88,4.07,0.53,2.48,14.16,3.01,2.48,1.95,0.53,1.42,11.33,6.02,2.83,3.89,3.89,5.31,7.08,1.24,1.24,"Forward"
"Youtube/3517.mp3","Justin Jackson","justin jackson",2020-08-07,2020,"2019-10-22","2020-10-11",25.3634496919918,80,220,2017,1,15,"2017-10-19",2017,FALSE,"F",320,45,1,"Injury/Illness - Right Ankle; Sprain","ankle","sprain",595,112,565,4.77,97.92,74.63,47.03,14.49,11.5,93.98,82.83,62.83,26.19,17.7,4.6,4.6,5.31,0.53,8.5,13.1,5.49,1.59,9.38,12.21,6.9,7.26,0.88,26.19,5.13,5.66,6.73,5.31,0.71,0.71,32.92,0.88,17.88,7.79,0,1.95,3.54,1.95,3.36,2.83,2.3,0.53,0.88,0.35,17.88,4.07,0.53,2.48,14.16,3.01,2.48,1.95,0.53,1.42,11.33,6.02,2.83,3.89,3.89,5.31,7.08,1.24,1.24,"Forward"
"Youtube/1081.mp3","Grayson Allen","grayson allen",2020-12-26,2021,"2020-12-22","2021-07-20",25.2183436002738,75,198,2018,1,21,"2018-10-18",2018,TRUE,"G",6,2,1,"Injury/Illness - Left Ankle; sprain","ankle","sprain",291,10,578,31.72,86.51,90.23,32.2,13.76,12.28,92.04,77.85,59.69,19.03,12.11,4.5,4.33,1.21,0.35,6.92,15.74,8.13,1.04,13.84,9.52,7.44,8.48,0.35,19.38,6.57,4.15,9,4.84,1.38,2.77,20.76,0.52,9.34,3.29,1.04,0.87,1.38,0.17,2.6,3.98,2.42,1.56,0.87,0.35,13.49,2.77,0.69,0.52,10.9,3.29,1.9,0.69,1.21,1.9,7.79,12.46,2.94,9.17,4.5,2.08,6.4,2.25,2.42,"Guard"
"Youtube/121.mp3","Grayson Allen","grayson allen",2021-04-17,2021,"2020-12-22","2021-07-20",25.5249828884326,75,198,2018,1,21,"2018-10-18",2018,TRUE,"G",13,6,1,"Injury/Illness - Left Hand; Injury","hand","injury",38,18,849,19.48,96.29,82.2,35.23,16.02,11.54,91.99,78.45,60.42,18.61,10.48,2,5.89,1.88,0.59,8.13,14.02,7.07,1.41,11.66,10.25,7.77,9.54,0.47,22.61,5.54,4,10.01,7.3,1.3,1.65,22.26,0.47,11.31,3.53,1.18,1.41,1.18,0.71,3.3,4.12,2.59,1.53,1.41,0.35,12.84,2.36,1.3,0.59,11.54,1.18,2.83,1.65,1.06,2,9.31,12.6,3.89,8.13,3.77,2.47,8.13,1.18,1.3,"Guard"
"Youtube/1621.mp3","Grayson Allen","grayson allen",2021-03-24,2021,"2020-12-22","2021-07-20",25.4592744695414,75,198,2018,1,21,"2018-10-18",2018,TRUE,"G",37,19,1,"Injury/Illness - Left Hand; Injury","hand","injury",14,5,650,23,92.82,83.73,61.36,15.85,10.62,95.23,82.15,65.85,20.31,13.23,3.38,7.23,0.77,1.23,7.08,16.77,7.23,3.54,13.69,8.92,5.69,10.77,1.54,20.92,4.92,5.54,10.31,7.38,2,1.23,20.15,0.31,9.85,3.54,1.85,0.46,1.08,0.62,2.77,2.92,2.77,0.15,0.77,0.62,14.31,3.23,0.46,2.46,11.08,1.38,1.85,1.08,0.62,2.15,10.46,12.15,3.54,7.54,3.85,6.15,4.31,0.62,1.38,"Guard"
"Youtube/1755.mp3","Grayson Allen","grayson allen",2020-08-02,2020,"2019-10-22","2020-10-11",24.8186173853525,75,198,2018,1,21,"2018-10-18",2018,TRUE,"G",152,11,1,"Injury/Illness - Left Ankle; sprain","ankle","sprain",145,1,452,2.32,59.81,93.17,78.23,14.58,11.5,95.58,83.63,66.37,25.22,14.82,6.86,5.75,1.77,0,10.4,10.4,3.1,1.11,11.5,12.39,8.19,10.18,1.55,25.22,5.31,3.76,9.73,7.08,1.55,1.33,28.32,1.33,15.71,6.42,1.11,2.65,2.21,0.44,4.65,6.42,5.09,1.33,1.33,0.66,12.39,3.98,1.11,1.11,8.85,0.22,3.98,3.54,0.44,1.55,12.39,9.29,2.21,5.31,3.76,3.54,7.74,3.1,1.99,"Guard"
"Youtube/176.mp3","Grayson Allen","grayson allen",2021-04-17,2021,"2020-12-22","2021-07-20",25.5249828884326,75,198,2018,1,21,"2018-10-18",2018,TRUE,"G",13,6,1,"Injury/Illness - Left Hand; Injury","hand","injury",38,18,849,19.48,96.29,82.2,33.38,15.72,11.54,92.11,78.45,60.42,18.61,10.48,2,5.89,1.88,0.59,8.13,14.02,7.07,1.41,11.66,10.25,7.77,9.54,0.47,22.61,5.54,4,10.01,7.3,1.3,1.65,22.26,0.47,11.31,3.53,1.18,1.41,1.18,0.71,3.3,4.24,2.59,1.65,1.53,0.35,12.84,2.36,1.3,0.59,11.54,1.18,2.83,1.65,1.06,2,9.31,12.72,3.89,8.13,3.77,2.47,8.13,1.18,1.3,"Guard"
"Youtube/178.mp3","Grayson Allen","grayson allen",2021-03-24,2021,"2020-12-22","2021-07-20",25.4592744695414,75,198,2018,1,21,"2018-10-18",2018,TRUE,"G",37,19,1,"Injury/Illness - Left Hand; Injury","hand","injury",14,5,650,23,92.82,83.73,61.36,15.48,10.62,95.23,82.15,65.85,20.31,13.23,3.38,7.23,0.77,1.23,7.08,16.77,7.23,3.54,13.69,8.92,5.69,10.77,1.54,20.92,4.92,5.54,10.31,7.38,2,1.23,20.15,0.31,9.85,3.54,1.85,0.46,1.08,0.62,2.77,2.92,2.77,0.15,0.77,0.62,14.31,3.23,0.46,2.46,11.08,1.38,1.85,1.08,0.62,2.15,10.46,12.15,3.54,7.54,3.85,6.15,4.31,0.62,1.38,"Guard"
"Youtube/2140.mp3","Grayson Allen","grayson allen",2021-04-04,2021,"2020-12-22","2021-07-20",25.4893908281999,75,198,2018,1,21,"2018-10-18",2018,TRUE,"G",26,14,1,"Injury/Illness - Left Hand; Injury","hand","injury",25,10,608,23.74,42,88.27,78.51,11.26,12.66,95.23,81.58,65.46,22.53,14.14,6.58,1.81,1.97,0.49,8.39,16.12,6.58,2.3,16.28,11.35,5.43,7.24,2.3,21.22,5.26,6.74,5.76,2.8,2.14,1.64,28.78,1.97,11.84,3.78,0.66,0.82,1.64,0.99,4.28,4.77,4.11,0.33,1.15,0.82,11.68,2.96,1.64,0.99,9.7,3.13,2.8,1.64,1.15,1.81,11.51,8.88,1.64,6.25,6.09,3.62,7.73,0.99,2.96,"Guard"
"Youtube/2829.mp3","Grayson Allen","grayson allen",2020-12-26,2021,"2020-12-22","2021-07-20",25.2183436002738,75,198,2018,1,21,"2018-10-18",2018,TRUE,"G",6,2,1,"Injury/Illness - Left Ankle; sprain","ankle","sprain",291,10,577,32.08,86.56,90.9,32.22,14.07,12.31,92.03,77.99,59.62,19.06,12.13,4.51,4.33,1.21,0.35,6.93,15.77,8.15,1.04,13.86,9.36,7.45,8.49,0.35,19.41,6.59,4.16,9.01,4.85,1.39,2.77,20.62,0.52,9.19,3.29,1.04,0.69,1.39,0.17,2.6,3.99,2.43,1.56,0.87,0.35,13.52,2.77,0.69,0.52,10.92,3.29,1.91,0.69,1.21,1.91,7.8,12.48,2.95,9.19,4.51,2.08,6.59,2.25,2.43,"Guard"
"Youtube/3373.mp3","Grayson Allen","grayson allen",2020-12-26,2021,"2020-12-22","2021-07-20",25.2183436002738,75,198,2018,1,21,"2018-10-18",2018,TRUE,"G",6,2,1,"Injury/Illness - Left Ankle; sprain","ankle","sprain",291,10,578,31.72,86.51,90.23,32.2,13.76,12.28,92.04,78.03,59.69,19.03,12.11,4.5,4.33,1.21,0.35,6.92,15.74,8.13,1.04,13.84,9.52,7.44,8.48,0.35,19.55,6.57,4.15,9,4.84,1.38,2.77,20.76,0.52,9.34,3.29,1.04,0.87,1.38,0.17,2.6,3.98,2.42,1.56,0.87,0.35,13.49,2.77,0.69,0.52,10.9,3.29,1.9,0.69,1.21,1.9,7.79,12.46,2.94,9.17,4.5,2.08,6.57,2.25,2.42,"Guard"
"Youtube/401.mp3","Grayson Allen","grayson allen",2021-04-02,2021,"2020-12-22","2021-07-20",25.4839151266256,75,198,2018,1,21,"2018-10-18",2018,TRUE,"G",28,15,1,"Injury/Illness - Left Hand; Injury","hand","injury",23,9,754,31.79,34.03,94.21,50.8,16.76,9.95,91.11,76.53,62.73,18.04,10.88,5.84,1.99,1.33,1.46,7.16,17.9,8.49,1.99,13.4,9.55,7.03,8.49,1.59,18.44,4.91,7.82,5.31,2.39,2.12,1.19,23.74,2.12,10.48,3.71,0.66,0.93,1.33,0.8,3.85,3.05,2.52,0.53,1.46,1.06,7.56,1.06,0.8,0.4,6.9,0.8,1.86,1.06,0.8,1.99,8.49,11.27,3.05,7.29,3.98,3.58,6.1,1.06,1.33,"Guard"
"Youtube/4255.mp3","Grayson Allen","grayson allen",2021-04-17,2021,"2020-12-22","2021-07-20",25.5249828884326,75,198,2018,1,21,"2018-10-18",2018,TRUE,"G",13,6,1,"Injury/Illness - Left Hand; Injury","hand","injury",38,18,848,19.65,96.31,82.32,35.25,14.88,11.56,91.98,78.42,60.38,18.63,10.5,2,5.9,1.89,0.59,8.14,14.03,7.08,1.42,11.67,10.26,7.78,9.43,0.47,22.64,5.54,4.01,10.02,7.31,1.3,1.65,22.29,0.47,11.32,3.54,1.18,1.42,1.18,0.71,3.3,4.13,2.59,1.53,1.42,0.35,12.85,2.36,1.3,0.59,11.56,1.18,2.83,1.65,1.06,2,9.32,12.62,3.89,8.14,3.77,2.48,8.14,1.18,1.3,"Guard"
"Youtube/4348.mp3","Grayson Allen","grayson allen",2021-04-17,2021,"2020-12-22","2021-07-20",25.5249828884326,75,198,2018,1,21,"2018-10-18",2018,TRUE,"G",13,6,1,"Injury/Illness - Left Hand; Injury","hand","injury",38,18,849,19.48,96.29,82.2,35.23,15.72,11.54,91.99,78.45,60.42,18.61,10.48,2,5.89,1.88,0.59,8.13,14.02,7.07,1.41,11.66,10.25,7.77,9.54,0.47,22.61,5.54,4,10.01,7.3,1.3,1.65,22.26,0.47,11.31,3.53,1.18,1.41,1.18,0.71,3.3,4.12,2.59,1.53,1.41,0.35,12.84,2.36,1.3,0.59,11.54,1.18,2.83,1.65,1.06,2,9.31,12.6,3.89,8.13,3.77,2.47,8.13,1.18,1.3,"Guard"
"Youtube/4349.mp3","Grayson Allen","grayson allen",2021-03-24,2021,"2020-12-22","2021-07-20",25.4592744695414,75,198,2018,1,21,"2018-10-18",2018,TRUE,"G",37,19,1,"Injury/Illness - Left Hand; Injury","hand","injury",14,5,650,22.65,92.82,83.73,61.36,15.85,10.77,95.23,82.31,66,20.31,13.23,3.38,7.23,0.77,1.23,7.08,16.77,7.23,3.54,13.69,8.92,5.85,10.77,1.54,20.92,5.08,5.54,10.31,7.38,2,1.23,20.15,0.31,9.85,3.54,1.85,0.46,1.08,0.62,2.77,2.92,2.77,0.15,0.77,0.62,14.31,3.23,0.46,2.46,11.08,1.38,1.85,1.08,0.62,2.15,10.31,12.15,3.54,7.54,3.85,6.15,4.31,0.62,1.54,"Guard"
"Youtube/4859.mp3","Grayson Allen","grayson allen",2021-03-24,2021,"2020-12-22","2021-07-20",25.4592744695414,75,198,2018,1,21,"2018-10-18",2018,TRUE,"G",37,19,1,"Injury/Illness - Left Hand; Injury","hand","injury",14,5,650,22.65,92.82,83.73,61.36,15.12,10.77,95.23,82.31,66,20.31,13.23,3.38,7.23,0.77,1.23,7.08,16.77,7.23,3.54,13.69,8.92,5.85,10.77,1.54,20.92,5.08,5.54,10.31,7.38,2,1.23,20.15,0.31,9.85,3.54,1.85,0.46,1.08,0.62,2.77,2.92,2.77,0.15,0.77,0.62,14.31,3.23,0.46,2.46,11.08,1.38,1.85,1.08,0.62,2.15,10.31,12.15,3.54,7.54,3.85,6.15,4.31,0.62,1.54,"Guard"
"Youtube/4926.mp3","Grayson Allen","grayson allen",2020-08-02,2020,"2019-10-22","2020-10-11",24.8186173853525,75,198,2018,1,21,"2018-10-18",2018,TRUE,"G",152,11,1,"Injury/Illness - Left Ankle; sprain","ankle","sprain",145,1,451,2.38,59.86,93.31,78.34,14.55,11.53,95.57,83.59,66.3,25.06,14.86,6.87,5.76,1.77,0,10.2,10.42,3.1,1.11,11.53,12.42,8.2,10.2,1.55,25.28,5.32,3.77,9.76,7.1,1.55,1.33,28.38,1.33,15.74,6.43,1.11,2.66,2.22,0.44,4.66,6.43,5.1,1.33,1.33,0.67,12.42,3.99,1.11,1.11,8.87,0.22,3.99,3.55,0.44,1.55,12.42,9.31,2.22,5.32,3.77,3.55,7.76,3.1,2,"Guard"
"Youtube/4976.mp3","Grayson Allen","grayson allen",2021-04-02,2021,"2020-12-22","2021-07-20",25.4839151266256,75,198,2018,1,21,"2018-10-18",2018,TRUE,"G",28,15,1,"Injury/Illness - Left Hand; Injury","hand","injury",23,9,754,31.79,34.03,94.21,50.8,16.39,9.95,91.11,76.53,62.73,18.04,10.88,5.84,1.99,1.33,1.46,7.16,17.9,8.49,1.99,13.4,9.55,7.03,8.49,1.59,18.44,4.91,7.82,5.31,2.39,2.12,1.19,23.74,2.12,10.48,3.71,0.66,0.93,1.33,0.8,3.85,3.05,2.52,0.53,1.46,1.06,7.56,1.06,0.8,0.4,6.9,0.8,1.86,1.06,0.8,1.99,8.49,11.27,3.05,7.29,3.98,3.58,6.1,1.06,1.33,"Guard"
"Youtube/4981.mp3","Grayson Allen","grayson allen",2021-05-21,2021,"2020-12-22","2021-07-20",25.6180698151951,75,198,2018,1,21,"2018-10-18",2018,TRUE,"G",544,95,1,"Injury/Illness - Right Ankle; Sprain","ankle","sprain",20,3,744,17.48,75.18,97.86,66.82,13.05,11.16,95.56,78.49,62.9,22.31,12.1,5.11,3.9,2.55,0.54,10.22,17.74,8.2,2.02,12.77,12.5,6.32,8.06,0.67,21.24,5.11,6.32,7.26,4.57,1.88,1.08,28.09,0.67,12.1,5.78,0.54,0.13,1.61,0.81,2.96,4.84,3.9,0.94,1.08,0.94,10.08,2.15,0.67,0.4,8.47,0.54,2.69,1.48,0.67,0.67,13.98,10.48,1.75,7.93,5.91,4.57,7.39,1.75,2.28,"Guard"
"Youtube/5469.mp3","Grayson Allen","grayson allen",2020-08-02,2020,"2019-10-22","2020-10-11",24.8186173853525,75,198,2018,1,21,"2018-10-18",2018,TRUE,"G",152,11,1,"Injury/Illness - Left Ankle; sprain","ankle","sprain",145,1,452,2.32,59.81,93.17,78.23,15.07,11.5,95.58,83.63,66.37,25.22,14.82,6.86,5.75,1.77,0,10.4,10.4,3.1,1.11,11.5,12.39,8.19,10.18,1.55,25.22,5.31,3.76,9.73,7.08,1.55,1.33,28.32,1.33,15.71,6.42,1.11,2.65,2.21,0.44,4.65,6.42,5.09,1.33,1.33,0.66,12.39,3.98,1.11,1.11,8.85,0.22,3.98,3.54,0.44,1.55,12.39,9.29,2.21,5.31,3.76,3.54,7.74,3.1,1.99,"Guard"
"Youtube/5663.mp3","Grayson Allen","grayson allen",2021-04-02,2021,"2020-12-22","2021-07-20",25.4839151266256,75,198,2018,1,21,"2018-10-18",2018,TRUE,"G",28,15,1,"Injury/Illness - Left Hand; Injury","hand","injury",23,9,754,31.79,34.03,94.21,50.8,16.04,9.95,91.11,76.53,62.73,18.04,10.88,5.84,1.99,1.33,1.46,7.16,17.9,8.49,1.99,13.4,9.55,7.03,8.49,1.59,18.44,4.91,7.82,5.31,2.39,2.12,1.19,23.74,2.12,10.48,3.71,0.66,0.93,1.33,0.8,3.85,3.05,2.52,0.53,1.46,1.06,7.56,1.06,0.8,0.4,6.9,0.8,1.86,1.06,0.8,1.99,8.49,11.27,3.05,7.29,3.98,3.58,6.1,1.06,1.33,"Guard"
"Youtube/5735.mp3","Grayson Allen","grayson allen",2021-04-04,2021,"2020-12-22","2021-07-20",25.4893908281999,75,198,2018,1,21,"2018-10-18",2018,TRUE,"G",26,14,1,"Injury/Illness - Left Hand; Injury","hand","injury",25,10,608,23.74,42,88.27,78.51,11.47,12.66,95.23,81.58,65.46,22.53,14.14,6.58,1.81,1.97,0.49,8.39,16.12,6.58,2.3,16.28,11.35,5.43,7.24,2.3,21.22,5.26,6.74,5.76,2.8,2.14,1.64,28.78,1.97,11.84,3.78,0.66,0.82,1.64,0.99,4.28,4.77,4.11,0.33,1.15,0.82,11.68,2.96,1.64,0.99,9.7,3.13,2.8,1.64,1.15,1.81,11.51,8.88,1.64,6.25,6.09,3.62,7.73,0.99,2.96,"Guard"
"Youtube/5874.mp3","Grayson Allen","grayson allen",2021-04-04,2021,"2020-12-22","2021-07-20",25.4893908281999,75,198,2018,1,21,"2018-10-18",2018,TRUE,"G",26,14,1,"Injury/Illness - Left Hand; Injury","hand","injury",25,10,607,24.02,42,87.82,78.59,11.67,12.69,95.22,81.55,65.4,22.57,14.17,6.59,1.81,1.98,0.49,8.4,16.14,6.59,2.31,16.31,11.37,5.27,7.25,2.31,21.25,5.27,6.75,5.77,2.8,2.14,1.65,28.83,1.98,11.86,3.79,0.66,0.82,1.65,0.99,4.28,4.78,4.12,0.33,1.15,0.82,11.7,2.97,1.65,0.99,9.72,3.13,2.8,1.65,1.15,1.81,11.53,8.73,1.65,6.1,6.1,3.62,7.74,0.99,2.97,"Guard"
"Youtube/6127.mp3","Grayson Allen","grayson allen",2021-04-02,2021,"2020-12-22","2021-07-20",25.4839151266256,75,198,2018,1,21,"2018-10-18",2018,TRUE,"G",28,15,1,"Injury/Illness - Left Hand; Injury","hand","injury",23,9,755,32.23,34.03,94.13,50.75,16.41,9.93,91.13,76.56,62.78,18.01,10.86,5.83,1.99,1.32,1.46,7.15,17.88,8.48,1.99,13.51,9.54,7.02,8.48,1.59,18.41,4.9,7.81,5.3,2.38,2.12,1.19,23.71,2.12,10.46,3.71,0.66,0.93,1.32,0.79,3.84,3.05,2.52,0.53,1.46,1.06,7.55,1.06,0.79,0.4,6.89,0.79,1.85,1.06,0.79,1.99,8.48,11.26,3.05,7.28,3.97,3.58,6.09,1.06,1.32,"Guard"
"Youtube/789.mp3","Grayson Allen","grayson allen",2021-05-21,2021,"2020-12-22","2021-07-20",25.6180698151951,75,198,2018,1,21,"2018-10-18",2018,TRUE,"G",544,95,1,"Injury/Illness - Right Ankle; Sprain","ankle","sprain",20,3,745,17.29,76.39,97.82,66.76,12.84,11.14,95.57,78.52,62.95,22.42,12.21,5.1,3.89,2.68,0.54,10.2,17.72,8.19,2.01,12.75,12.48,6.31,8.05,0.67,21.21,5.1,6.31,7.25,4.56,1.88,1.07,28.05,0.67,12.08,5.77,0.54,0.13,1.61,0.81,2.95,4.83,3.89,0.94,1.07,0.94,10.2,2.15,0.67,0.4,8.59,0.54,2.68,1.48,0.67,0.67,13.96,10.47,1.74,7.92,5.91,4.56,7.38,1.74,2.28,"Guard"
"Youtube/862.mp3","Grayson Allen","grayson allen",2021-04-04,2021,"2020-12-22","2021-07-20",25.4893908281999,75,198,2018,1,21,"2018-10-18",2018,TRUE,"G",26,14,1,"Injury/Illness - Left Hand; Injury","hand","injury",25,10,608,23.74,42,88.27,78.51,11.47,12.66,95.23,81.58,65.46,22.53,14.14,6.58,1.81,1.97,0.49,8.39,16.12,6.58,2.3,16.28,11.35,5.43,7.24,2.3,21.22,5.26,6.74,5.76,2.8,2.14,1.64,28.78,1.97,11.84,3.78,0.66,0.82,1.64,0.99,4.28,4.77,4.11,0.33,1.15,0.82,11.68,2.96,1.64,0.99,9.7,3.13,2.8,1.64,1.15,1.81,11.51,8.88,1.64,6.25,6.09,3.62,7.73,0.99,2.96,"Guard"
"Youtube/920.mp3","Grayson Allen","grayson allen",2020-08-02,2020,"2019-10-22","2020-10-11",24.8186173853525,75,198,2018,1,21,"2018-10-18",2018,TRUE,"G",152,11,1,"Injury/Illness - Left Ankle; sprain","ankle","sprain",145,1,451,2.38,59.86,93.31,78.34,14.55,11.53,95.57,83.59,66.3,25.06,14.86,6.87,5.76,1.77,0,10.2,10.42,3.1,1.11,11.53,12.42,8.2,10.2,1.55,25.28,5.32,3.77,9.76,7.1,1.55,1.33,28.38,1.33,15.74,6.43,1.11,2.66,2.22,0.44,4.66,6.43,5.1,1.33,1.33,0.67,12.42,3.99,1.11,1.11,8.87,0.22,3.99,3.55,0.44,1.55,12.42,9.31,2.22,5.32,3.77,3.55,7.76,3.1,2,"Guard"
"Youtube/1115.mp3","Immanuel Quickley","immanuel quickley",2023-11-24,2024,"2023-10-24","2024-06-17",24.4380561259411,74,190,2020,1,25,"2020-12-24",2020,TRUE,"G",17,6,1,"Injury/Illness - Right Knee; Inflammation","knee","inflammation",196,14,569,12.66,73.3,65.98,52.85,11.16,9.49,94.2,79.44,61.51,20.04,12.48,4.22,2.81,2.64,2.11,7.56,13.88,5.1,1.23,11.95,11.42,8.61,6.85,1.76,23.55,6.15,6.5,6.85,4.57,1.76,0.53,26.01,1.58,12.48,2.99,0.7,1.58,2.28,1.23,3.87,3.69,2.81,0.7,0.53,0.35,14.59,5.1,2.28,1.76,10.37,1.23,3.34,2.64,0.35,2.11,11.42,10.9,1.93,6.85,2.81,7.91,3.87,1.41,1.76,"Guard"
"Youtube/1119.mp3","Immanuel Quickley","immanuel quickley",2025-11-26,2026,"2025-10-21","2026-06-13",26.444900752909,74,190,2020,1,25,"2020-12-24",2020,TRUE,"G",49,21,1,"Injury/Illness - Back; Spasms","back","spasm",294,39,403,17.22,84.6,76.41,94.66,8.76,8.19,94.54,77.92,59.8,19.35,12.66,4.22,2.73,3.72,0.74,6.7,15.38,5.21,3.23,11.17,7.44,9.43,7.94,1.24,18.36,8.68,7.94,9.43,5.46,3.47,0.74,29.28,1.49,12.41,3.97,1.74,1.49,3.47,0.74,3.23,7.69,6.7,0.99,0.99,0.99,13.4,3.23,0.99,1.24,10.67,1.99,3.23,1.99,0.74,1.24,13.9,6.2,1.49,3.97,7.94,2.73,5.71,2.98,2.73,"Guard"
"Youtube/2148.mp3","Immanuel Quickley","immanuel quickley",2025-03-07,2025,"2024-10-22","2025-06-22",25.7221081451061,74,190,2020,1,25,"2020-12-24",2020,TRUE,"G",313,49,1,"Injury/Illness - Back; Spasms","back","spasm",30,11,557,11.62,90.13,37.31,91.92,11.6,10.77,92.46,78.99,62.84,23.16,16.16,4.67,1.62,4.13,1.08,7,14.18,6.1,1.26,11.49,9.52,9.16,7.18,0.9,20.65,5.75,4.49,6.1,2.69,1.97,1.44,28.37,1.26,15.44,5.92,2.51,2.87,2.15,0.36,2.87,6.1,5.39,0.18,1.97,1.44,16.88,4.85,1.97,1.97,12.93,4.67,3.41,2.33,1.08,1.44,10.95,5.03,1.97,3.41,4.85,1.8,7,3.05,2.69,"Guard"
"Youtube/231.mp3","Immanuel Quickley","immanuel quickley",2026-01-25,2026,"2025-10-21","2026-06-13",26.6091718001369,74,190,2020,1,25,"2020-12-24",2020,TRUE,"G",57,22,1,"Injury/Illness - Right Foot; Plantar fasciitis","foot","plantar fasciitis",9,4,398,33.69,59.5,62.33,90.68,8.84,13.57,90.45,77.64,57.79,16.33,8.04,3.52,1.76,1.01,0.5,8.29,14.32,5.53,1.51,14.07,8.54,7.29,8.04,1.51,20.35,7.29,8.04,7.29,3.02,2.76,2.01,24.62,3.27,11.06,2.76,1.51,1.26,1.51,0.25,3.52,5.78,5.28,0.25,1.01,0.75,10.8,2.76,1.51,0.75,9.05,1.76,4.02,1.76,1.01,2.76,12.06,8.79,1.76,6.03,4.77,4.02,4.02,2.51,2.01,"Guard"
"Youtube/2360.mp3","Immanuel Quickley","immanuel quickley",2023-11-24,2024,"2023-10-24","2024-06-17",24.4380561259411,74,190,2020,1,25,"2020-12-24",2020,TRUE,"G",17,6,1,"Injury/Illness - Right Knee; Inflammation","knee","inflammation",196,14,569,12.66,73.3,65.98,52.85,10.94,9.49,94.2,79.44,61.51,20.04,12.48,4.22,2.81,2.64,2.11,7.56,13.88,5.1,1.23,11.95,11.42,8.61,6.85,1.76,23.55,6.15,6.5,6.85,4.57,1.76,0.53,26.01,1.58,12.48,2.99,0.7,1.58,2.28,1.23,3.87,3.69,2.81,0.7,0.53,0.35,14.59,5.1,2.28,1.76,10.37,1.23,3.34,2.64,0.35,2.11,11.42,10.9,1.93,6.85,2.81,7.91,3.87,1.41,1.76,"Guard"
"Youtube/3247.mp3","Immanuel Quickley","immanuel quickley",2025-11-26,2026,"2025-10-21","2026-06-13",26.444900752909,74,190,2020,1,25,"2020-12-24",2020,TRUE,"G",49,21,1,"Injury/Illness - Back; Spasms","back","spasm",294,39,404,16.88,83.62,77.47,94.6,8.78,8.17,94.55,77.97,59.9,19.31,12.62,4.21,2.72,3.71,0.74,6.68,15.35,5.2,3.22,11.14,7.43,9.41,8.17,1.24,18.32,8.66,7.92,9.41,5.45,3.47,0.74,29.46,1.49,12.62,3.96,1.73,1.49,3.71,0.74,3.47,7.67,6.68,0.99,0.99,0.99,13.37,3.22,0.99,1.24,10.64,1.98,3.22,1.98,0.74,1.24,13.86,6.19,1.49,3.96,7.92,2.72,5.69,2.97,2.72,"Guard"
"Youtube/3446.mp3","Immanuel Quickley","immanuel quickley",2026-01-25,2026,"2025-10-21","2026-06-13",26.6091718001369,74,190,2020,1,25,"2020-12-24",2020,TRUE,"G",57,22,1,"Injury/Illness - Right Foot; Plantar fasciitis","foot","plantar fasciitis",9,4,358,41.04,64.8,69.63,86.08,8.52,12.85,90.5,77.09,57.82,17.04,7.82,3.63,1.96,1.12,0.56,9.22,15.36,5.87,1.68,13.97,7.82,6.42,6.7,1.4,18.99,6.98,8.38,7.54,3.35,2.79,1.96,23.46,3.63,10.34,2.79,1.12,1.12,1.68,0.28,3.07,5.31,4.75,0.28,1.12,0.84,11.17,3.07,1.68,0.84,9.22,1.12,3.63,1.4,0.84,2.79,11.45,9.78,1.96,6.7,4.47,3.91,3.91,2.51,1.96,"Guard"
"Youtube/5035.mp3","Immanuel Quickley","immanuel quickley",2025-02-09,2025,"2024-10-22","2025-06-22",25.6509240246407,74,190,2020,1,25,"2020-12-24",2020,TRUE,"G",339,59,1,"Injury/Illness - Back; Spasms","back","spasm",4,1,689,12.65,85.55,73.77,84.96,11.48,10.45,95.07,81.86,61.25,20.03,14.8,4.5,0.44,5.81,1.02,5.22,13.35,5.52,1.6,11.47,10.89,8.85,7.11,1.74,23.95,6.39,5.22,6.1,2.03,3.34,0.73,32.66,1.6,17.71,7.98,0.73,2.61,2.47,0.87,3.63,5.37,4.79,0.44,0.73,0.44,14.95,3.05,1.02,0.44,12.34,3.19,2.03,0.87,1.02,2.18,17.13,6.82,1.31,4.64,5.22,1.74,7.69,2.03,1.31,"Guard"
"Youtube/5268.mp3","Immanuel Quickley","immanuel quickley",2022-12-11,2023,"2022-10-18","2023-06-12",23.4852840520192,74,190,2020,1,25,"2020-12-24",2020,TRUE,"G",148,62,1,"Injury/Illness - Left Ankle; Sprained","ankle","sprain",581,112,787,12.26,94.55,28.52,34.54,10.93,8.26,95.93,84.63,63.53,22.87,13.98,3.81,3.3,3.05,0.64,8.89,16.01,5.84,1.02,13.21,11.18,8.51,7.24,1.14,22.36,7.75,7.88,8.64,4.83,2.8,1.02,30.5,3.05,15.5,4.7,1.27,3.18,2.8,1.27,2.29,4.07,2.54,1.52,1.52,0.38,16.01,3.43,1.52,1.02,13.21,3.81,0.38,0.13,0.13,1.27,10.29,7.75,1.27,5.21,3.56,3.68,8.13,0.76,2.16,"Guard"
"Youtube/5531.mp3","Immanuel Quickley","immanuel quickley",2025-02-09,2025,"2024-10-22","2025-06-22",25.6509240246407,74,190,2020,1,25,"2020-12-24",2020,TRUE,"G",339,59,1,"Injury/Illness - Back; Spasms","back","spasm",4,1,688,12.58,85.59,73.96,85.02,11.47,10.47,95.06,81.83,61.19,20.06,14.83,4.51,0.44,5.81,1.02,5.23,13.37,5.52,1.6,11.34,10.9,8.87,6.98,1.74,23.98,6.4,5.23,6.1,2.03,3.34,0.73,32.7,1.6,17.73,7.99,0.73,2.62,2.47,0.87,3.63,5.38,4.8,0.44,0.73,0.44,14.97,3.05,1.02,0.44,12.35,3.2,2.03,0.87,1.02,2.18,17.15,6.83,1.31,4.65,5.23,1.74,7.7,2.03,1.31,"Guard"
"Youtube/6051.mp3","Immanuel Quickley","immanuel quickley",2025-03-07,2025,"2024-10-22","2025-06-22",25.7221081451061,74,190,2020,1,25,"2020-12-24",2020,TRUE,"G",313,49,1,"Injury/Illness - Back; Spasms","back","spasm",30,11,556,11.8,90.18,37.51,91.99,11.58,10.79,92.45,78.96,62.77,23.2,16.19,4.68,1.62,4.14,1.08,7.01,14.21,6.12,1.26,11.51,9.53,9.17,7.01,0.9,20.68,5.76,4.5,6.12,2.7,1.98,1.44,28.42,1.26,15.47,5.94,2.52,2.88,2.16,0.36,2.88,6.12,5.4,0.18,1.98,1.44,16.91,4.86,1.98,1.98,12.95,4.68,3.42,2.34,1.08,1.44,10.97,5.04,1.98,3.42,4.86,1.8,7.01,3.06,2.7,"Guard"
"Youtube/680.mp3","Immanuel Quickley","immanuel quickley",2023-05-01,2023,"2022-10-18","2023-06-12",23.8713210130048,74,190,2020,1,25,"2020-12-24",2020,TRUE,"G",7,2,1,"Injury/Illness - Left Ankle; Sprained","ankle","sprain",722,173,843,9.11,92.57,23.37,82.84,8.69,10.32,94.42,80.66,62.28,21.71,13.17,2.61,2.85,4.03,0.47,8.54,13.4,4.98,1.07,11.51,11.98,8.07,6.88,2.02,23.84,6.05,5.93,8.07,4.15,2.97,1.07,26.57,1.9,13.05,3.68,1.07,2.61,2.97,0.83,3.32,4.86,4.51,0.36,0.83,0.71,15.07,3.2,1.19,1.3,12.34,3.56,3.56,2.14,1.3,2.14,11.98,9.13,1.19,5.46,3.44,4.27,7.95,2.14,2.25,"Guard"
"Youtube/112.mp3","Bismack Biyombo","bismack biyombo",2022-01-24,2022,"2021-10-19","2022-06-16",29.4072553045859,80,255,2011,1,7,"2011-12-27",2011,FALSE,"C",440,97,1,"Injury/Illness - Right Knee; Bone contusion","knee","contusion",1120,172,449,11.33,80.37,83.04,98.98,12.83,8.69,97.1,76.84,61.92,20.94,16.04,6.68,3.56,3.12,1.78,4.9,13.59,7.35,0.89,10.91,10.69,7.35,10.47,1.34,20.71,4.45,4.01,7.35,4.9,1.56,1.11,26.95,1.11,15.81,6.01,1.78,1.78,2,1.11,2.9,7.8,7.57,0.22,1.78,1.78,14.92,3.34,1.78,0.67,11.58,2.23,4.9,3.79,0,0.89,11.58,7.57,0.67,5.79,4.01,3.56,5.12,2.45,2.45,"Center"
"Youtube/5050.mp3","Bismack Biyombo","bismack biyombo",2022-01-24,2022,"2021-10-19","2022-06-16",29.4072553045859,80,255,2011,1,7,"2011-12-27",2011,FALSE,"C",440,97,1,"Injury/Illness - Right Knee; Bone contusion","knee","contusion",1120,172,449,11.33,80.37,83.04,98.98,12.83,8.69,97.1,76.84,61.92,20.94,16.04,6.68,3.56,3.12,1.78,4.9,13.59,7.35,0.89,10.91,10.69,7.35,10.47,1.34,20.71,4.45,4.01,7.35,4.9,1.56,1.11,26.95,1.11,15.81,6.01,1.78,1.78,2,1.11,2.9,7.8,7.57,0.22,1.78,1.78,14.92,3.34,1.78,0.67,11.58,2.23,4.9,3.79,0,0.89,11.58,7.57,0.67,5.79,4.01,3.56,5.12,2.45,2.45,"Center"
"Youtube/5759.mp3","Bismack Biyombo","bismack biyombo",2022-01-24,2022,"2021-10-19","2022-06-16",29.4072553045859,80,255,2011,1,7,"2011-12-27",2011,FALSE,"C",440,97,1,"Injury/Illness - Right Knee; Bone contusion","knee","contusion",1120,172,449,11.33,80.37,83.04,98.62,12.83,8.46,97.1,76.84,61.92,20.94,16.04,6.68,3.56,3.12,1.78,4.9,13.59,7.35,0.89,10.91,10.69,7.35,10.47,1.34,20.71,4.45,4.01,7.35,4.9,1.56,1.11,26.95,1.11,15.81,6.01,1.78,1.78,2,1.11,2.9,8.02,7.57,0.45,2,1.78,14.7,3.12,1.56,0.67,11.58,2.23,4.9,3.79,0,0.89,11.58,7.8,0.67,5.79,4.01,3.56,5.12,2.45,2.45,"Center"
"Youtube/6177.mp3","Bismack Biyombo","bismack biyombo",2022-01-24,2022,"2021-10-19","2022-06-16",29.4072553045859,80,255,2011,1,7,"2011-12-27",2011,FALSE,"C",440,97,1,"Injury/Illness - Right Knee; Bone contusion","knee","contusion",1120,172,449,11.33,80.37,83.04,98.98,12.83,8.69,97.1,76.84,61.92,20.94,16.04,6.68,3.56,3.12,1.78,4.9,13.59,7.35,0.89,10.91,10.69,7.35,10.47,1.34,20.71,4.45,4.01,7.35,4.9,1.56,1.11,26.95,1.11,15.81,6.01,1.78,1.78,2,1.11,2.9,7.8,7.57,0.22,1.78,1.78,14.92,3.34,1.78,0.67,11.58,2.23,4.9,3.79,0,0.89,11.58,7.57,0.67,5.79,4.01,3.56,5.12,2.45,2.45,"Center"
"Youtube/1133.mp3","Chris Boucher","chris boucher",2022-03-12,2022,"2021-10-19","2022-06-16",29.1635865845311,80,200,NA,NA,NA,"2018-03-15",2017,FALSE,"F",221,21,1,"Injury/Illness - Left Hamstring; Strain","hamstring","strain",308,65,880,6.02,91.79,57.8,85.72,15.71,7.61,96.93,84.09,64.66,24.89,15.8,5.68,4.2,2.84,1.14,9.09,12.39,3.75,1.14,13.07,11.93,7.27,8.98,0.8,26.14,4.89,4.55,9.2,5.91,2.73,0.57,32.5,2.27,15.23,6.7,0.8,2.73,1.14,1.48,2.27,5.34,4.89,0.45,1.48,1.36,15.57,3.64,1.59,1.25,12.61,2.5,3.52,2.61,0.91,1.36,14.66,6.59,1.59,3.41,4.2,5.8,7.05,1.48,1.7,"Forward"
"Youtube/1177.mp3","Chris Boucher","chris boucher",2022-02-07,2022,"2021-10-19","2022-06-16",29.0732375085558,80,200,NA,NA,NA,"2018-03-15",2017,FALSE,"F",254,36,1,"Injury/Illness - Left Hamstring; Strain","hamstring","strain",275,50,1193,6.5,67.1,88.76,81.39,15.7,6.71,96.23,84.07,67.06,25.31,16.6,8.72,1.93,5.11,0.34,8.72,14,5.87,0.5,12.82,13.41,7.12,8.21,1.17,25.4,4.53,5.11,5.03,2.77,1.84,0.42,28.33,1.17,13.24,6.79,1.17,2.01,1.17,1.26,1.51,4.61,4.27,0.25,1.26,1.26,12.07,2.93,0.67,1.34,9.05,0.67,2.85,2.01,0.67,0.84,15.17,7.21,1.51,3.94,4.86,4.44,8.47,1.34,1.01,"Forward"
"Youtube/1805.mp3","Chris Boucher","chris boucher",2023-04-13,2023,"2022-10-18","2023-06-12",30.2505133470226,80,200,NA,NA,NA,"2018-03-15",2017,FALSE,"F",333,50,1,"Injury/Illness - Right Knee; Contusion","knee","contusion",173,77,1720,11.27,58.74,92.03,58.46,14.96,8.14,96.28,82.67,64.65,24.24,16.05,7.85,1.34,5.58,0.41,8.2,13.08,5.99,0.64,13.31,10.64,6.69,8.26,2.03,22.73,4.07,5.58,4.42,2.03,2.27,0.12,31.92,2.27,18.02,6.92,1.69,1.98,2.79,1.57,4.3,3.84,3.14,0.7,1.1,0.81,12.15,2.27,0.76,1.22,10.41,1.69,2.67,1.69,0.76,0.99,14.53,6.8,1.34,3.02,5.12,4.24,5.99,1.86,2.15,"Forward"
"Youtube/1881.mp3","Chris Boucher","chris boucher",2022-03-12,2022,"2021-10-19","2022-06-16",29.1635865845311,80,200,NA,NA,NA,"2018-03-15",2017,FALSE,"F",221,21,1,"Injury/Illness - Left Hamstring; Strain","hamstring","strain",308,65,879,5.79,91.82,57.16,85.77,16.28,7.62,96.93,84.07,64.73,24.91,15.81,5.69,4.21,2.84,1.14,9.1,12.4,3.75,1.14,12.97,11.95,7.28,9.1,0.8,26.05,4.89,4.55,9.22,5.92,2.73,0.57,32.42,2.28,15.13,6.6,0.8,2.73,1.14,1.48,2.28,5.35,4.89,0.46,1.48,1.37,15.59,3.64,1.59,1.25,12.63,2.5,3.53,2.62,0.91,1.37,14.45,6.6,1.59,3.41,4.21,5.8,7.05,1.48,1.71,"Forward"
"Youtube/2205.mp3","Chris Boucher","chris boucher",2022-03-20,2022,"2021-10-19","2022-06-16",29.1854893908282,80,200,NA,NA,NA,"2018-03-15",2017,FALSE,"F",213,17,1,"Injury/Illness - Left Hamstring; Strain","hamstring","strain",316,69,839,9.66,76.36,83.47,65.32,13.98,10.13,94.4,80.93,63.77,23,14.54,5.84,2.86,3.69,1.31,8.46,13.47,5.72,0.95,12.28,9.54,8.58,9.65,0.95,22.65,3.93,3.46,6.79,3.93,1.91,1.07,28.84,1.19,16.81,5.36,1.91,2.15,2.5,2.03,3.46,3.69,3.22,0.36,1.67,1.67,12.63,2.62,0.72,1.55,10.25,1.19,1.55,0.72,0.6,1.67,12.16,9.65,2.38,5.24,4.05,5.24,6.2,2.15,1.67,"Forward"
"Youtube/2436.mp3","Chris Boucher","chris boucher",2022-03-12,2022,"2021-10-19","2022-06-16",29.1635865845311,80,200,NA,NA,NA,"2018-03-15",2017,FALSE,"F",221,21,1,"Injury/Illness - Left Hamstring; Strain","hamstring","strain",308,65,879,5.79,91.82,57.16,85.77,16.28,7.62,96.93,84.07,64.73,24.91,15.81,5.69,4.21,2.84,1.14,9.1,12.4,3.75,1.14,12.97,11.95,7.28,9.1,0.8,26.05,4.89,4.55,9.22,5.92,2.73,0.57,32.42,2.28,15.13,6.6,0.8,2.73,1.14,1.48,2.28,5.35,4.89,0.46,1.48,1.37,15.59,3.64,1.59,1.25,12.63,2.5,3.53,2.62,0.91,1.37,14.45,6.6,1.59,3.41,4.21,5.8,7.05,1.48,1.71,"Forward"
"Youtube/2487.mp3","Chris Boucher","chris boucher",2022-03-06,2022,"2021-10-19","2022-06-16",29.1471594798084,80,200,NA,NA,NA,"2018-03-15",2017,FALSE,"F",227,24,1,"Injury/Illness - Left Hamstring; Strain","hamstring","strain",302,62,707,3.21,97.48,67.69,57.85,15.71,9.19,95.47,83.88,67.75,23.76,14.71,2.83,6.22,3.11,1.84,9.05,14,6.51,1.41,10.61,12.87,9.05,10.18,2.26,24.05,5.09,5.37,10.33,7.78,1.84,0.71,30.69,1.7,15.7,6.36,1.27,1.84,1.13,1.84,4.1,2.69,2.55,0.14,1.13,1.13,15.7,2.4,1.41,0.85,14.57,0.99,2.12,1.27,0.57,1.13,13.44,7.36,1.98,4.67,3.25,5.09,6.51,2.12,1.41,"Forward"
"Youtube/2490.mp3","Chris Boucher","chris boucher",2022-01-19,2022,"2021-10-19","2022-06-16",29.0212183436003,80,200,NA,NA,NA,"2018-03-15",2017,FALSE,"F",273,46,1,"Injury/Illness - Left Hamstring; Strain","hamstring","strain",256,40,601,4.99,99,56.12,82.92,17.68,8.32,96.67,83.03,65.06,27.29,18.3,4.83,4.49,6.66,0.5,8.99,16.81,5.49,0.5,8.99,9.82,5.99,8.32,1.33,23.79,3.83,6.82,8.65,6.49,1.66,0.5,28.45,2.83,17.14,8.15,1.16,2.66,2.16,1.33,3.16,5.16,4.66,0.5,1.16,0.67,19.47,4.66,2,2,15.64,2.5,2.66,2.16,0.33,1.16,15.31,5.82,1.33,3.33,2.66,3.49,6.82,1.16,1,"Forward"
"Youtube/2574.mp3","Chris Boucher","chris boucher",2022-01-09,2022,"2021-10-19","2022-06-16",28.993839835729,80,200,NA,NA,NA,"2018-03-15",2017,FALSE,"F",283,51,1,"Injury/Illness - Left Hamstring; Strain","hamstring","strain",246,35,383,13.13,58.71,82.35,61.29,15.32,9.4,93.47,82.77,65.27,24.02,19.06,8.62,0.26,5.48,0.26,4.96,13.32,6.27,2.09,12.53,7.05,8.62,8.88,1.57,18.8,5.22,6.27,3.39,1.31,1.04,1.04,28.2,1.31,18.28,7.57,1.31,1.31,2.35,2.35,4.18,3.13,2.87,0.26,1.04,1.04,15.93,3.92,1.83,2.09,11.75,4.96,1.04,0.26,0.78,1.31,13.84,7.31,1.04,5.22,2.35,4.18,5.22,1.04,3.13,"Forward"
"Youtube/2575.mp3","Chris Boucher","chris boucher",2021-12-05,2022,"2021-10-19","2022-06-16",28.8980150581793,80,200,NA,NA,NA,"2018-03-15",2017,FALSE,"F",318,64,1,"Injury/Illness - Left Hamstring; Strain","hamstring","strain",211,22,865,6.3,14.63,98.57,58.23,14.91,7.86,95.84,81.73,65.43,24.62,16.88,11.56,0.69,3.35,0.69,7.75,14.22,6.36,0.92,11.21,10.29,7.63,10.52,1.27,22.66,2.31,5.78,4.28,2.08,1.73,0.46,30.64,1.73,15.61,6.82,1.85,1.62,1.62,1.04,2.89,3.58,3.01,0.58,0.69,0.46,8.9,2.77,1.39,1.16,6.36,0.69,3.24,2.54,0.58,0.92,10.17,7.17,2.43,3.24,5.55,5.32,5.9,1.62,1.39,"Forward"
"Youtube/274.mp3","Chris Boucher","chris boucher",2021-12-28,2022,"2021-10-19","2022-06-16",28.9609856262834,80,200,NA,NA,NA,"2018-03-15",2017,FALSE,"F",295,57,1,"Injury/Illness - Left Hamstring; Strain","hamstring","strain",234,29,831,9.56,66.9,88.26,71.24,16.29,7.22,95.91,83.15,63.78,23.23,15.28,6.98,1.44,4.57,0.72,7.94,11.31,6.14,0.36,12.52,10.95,7.82,8.9,1.56,23.83,4.09,4.93,3.25,2.17,0.84,0.24,30.45,0.72,18.65,7.22,2.17,1.44,2.29,3.49,3.85,3.73,3.49,0.24,1.44,1.32,13.12,2.65,0.72,1.08,10.95,3.01,2.29,1.56,0.48,1.08,12.88,6.5,1.56,3.97,3.97,6.98,4.81,1.68,2.41,"Forward"
"Youtube/284.mp3","Chris Boucher","chris boucher",2022-01-09,2022,"2021-10-19","2022-06-16",28.993839835729,80,200,NA,NA,NA,"2018-03-15",2017,FALSE,"F",283,51,1,"Injury/Illness - Left Hamstring; Strain","hamstring","strain",246,35,383,11.92,57.19,83.55,61.29,15.32,9.4,93.73,83.29,65.8,24.28,19.32,8.88,0.26,5.48,0.26,4.96,13.32,6.27,2.09,12.53,7.57,8.62,8.88,1.57,19.32,5.22,6.27,3.39,1.31,1.04,1.04,28.72,1.31,18.28,7.57,1.31,1.31,2.35,2.35,4.18,3.13,2.87,0.26,1.04,1.04,15.93,3.92,1.83,2.09,11.75,4.96,1.04,0.26,0.78,1.31,13.84,7.31,1.04,5.22,2.35,4.18,5.74,1.04,2.61,"Forward"
"Youtube/292.mp3","Chris Boucher","chris boucher",2021-11-11,2022,"2021-10-19","2022-06-16",28.8323066392882,80,200,NA,NA,NA,"2018-03-15",2017,FALSE,"F",342,73,1,"Injury/Illness - Left Hamstring; Strain","hamstring","strain",187,13,906,5.61,29.08,96.68,67.18,15.89,8.39,98.12,82.78,64.79,25.5,16,9.71,0.11,5.08,0.11,9.49,11.59,5.19,0.77,12.69,13.8,5.74,8.5,1.88,27.37,2.87,3.97,2.32,1.1,1.21,0,31.9,0.88,15.12,6.73,0.88,2.43,2.32,0.77,2.98,4.53,3.75,0.77,1.55,1.1,10.04,3.2,0.77,1.99,7.4,0.77,3.75,2.54,0.55,1.66,14.68,9.38,2.1,5.3,4.75,6.62,8.39,2.65,1.77,"Forward"
"Youtube/3185.mp3","Chris Boucher","chris boucher",2022-01-19,2022,"2021-10-19","2022-06-16",29.0212183436003,80,200,NA,NA,NA,"2018-03-15",2017,FALSE,"F",273,46,1,"Injury/Illness - Left Hamstring; Strain","hamstring","strain",256,40,601,4.99,99,56.12,82.92,17.68,8.32,96.67,83.03,65.06,27.29,18.3,4.83,4.49,6.66,0.5,8.99,16.81,5.49,0.5,8.99,9.82,5.99,8.32,1.33,23.79,3.83,6.82,8.65,6.49,1.66,0.5,28.45,2.83,17.14,8.15,1.16,2.66,2.16,1.33,3.16,5.16,4.66,0.5,1.16,0.67,19.47,4.66,2,2,15.64,2.5,2.66,2.16,0.33,1.16,15.31,5.82,1.33,3.33,2.66,3.49,6.82,1.16,1,"Forward"
"Youtube/3234.mp3","Chris Boucher","chris boucher",2022-02-07,2022,"2021-10-19","2022-06-16",29.0732375085558,80,200,NA,NA,NA,"2018-03-15",2017,FALSE,"F",254,36,1,"Injury/Illness - Left Hamstring; Strain","hamstring","strain",275,50,1192,6.63,66.22,88.24,82.38,15.89,6.63,96.22,84.06,67.03,25.25,16.61,8.72,1.93,5.12,0.34,8.64,13.93,5.87,0.5,12.84,13.34,7.13,8.14,1.26,25.34,4.53,5.12,5.12,2.77,1.93,0.42,28.36,1.17,13.42,6.8,1.17,2.1,1.17,1.26,1.59,4.7,4.36,0.25,1.34,1.34,12.16,3.02,0.67,1.34,9.06,0.67,2.85,2.01,0.67,0.84,15.27,7.13,1.51,3.86,4.78,4.36,8.39,1.34,1.01,"Forward"
"Youtube/3491.mp3","Chris Boucher","chris boucher",2022-03-20,2022,"2021-10-19","2022-06-16",29.1854893908282,80,200,NA,NA,NA,"2018-03-15",2017,FALSE,"F",213,17,1,"Injury/Illness - Left Hamstring; Strain","hamstring","strain",316,69,837,9.41,76.43,83.73,65.43,13.95,10.04,94.5,81,63.8,23.06,14.58,5.85,2.87,3.7,1.31,8.48,13.38,5.62,0.96,12.31,9.56,8.6,9.68,0.96,22.7,3.94,3.46,6.81,3.94,1.91,1.08,28.91,1.19,16.85,5.38,1.91,2.15,2.51,2.03,3.46,3.7,3.23,0.36,1.67,1.67,12.66,2.63,0.72,1.55,10.27,1.19,1.55,0.72,0.6,1.67,12.19,9.68,2.39,5.26,4.06,5.26,6.21,2.15,1.67,"Forward"
"Youtube/3694.mp3","Chris Boucher","chris boucher",2022-03-20,2022,"2021-10-19","2022-06-16",29.1854893908282,80,200,NA,NA,NA,"2018-03-15",2017,FALSE,"F",213,17,1,"Injury/Illness - Left Hamstring; Strain","hamstring","strain",316,69,838,9.46,75.84,84.13,65.37,13.74,10.02,94.51,81.15,63.96,23.15,14.68,5.97,2.86,3.7,1.31,8.47,13.48,5.73,0.95,12.29,9.55,8.59,9.67,0.95,22.67,3.94,3.46,6.8,3.94,1.91,1.07,28.88,1.19,16.83,5.37,1.91,2.15,2.51,2.03,3.46,3.7,3.22,0.36,1.67,1.67,12.65,2.63,0.72,1.55,10.26,1.19,1.55,0.72,0.6,1.67,12.17,9.67,2.39,5.25,4.06,5.25,6.21,2.15,1.43,"Forward"
"Youtube/37.mp3","Chris Boucher","chris boucher",2021-11-11,2022,"2021-10-19","2022-06-16",28.8323066392882,80,200,NA,NA,NA,"2018-03-15",2017,FALSE,"F",342,73,1,"Injury/Illness - Left Hamstring; Strain","hamstring","strain",187,13,908,5.68,29.1,96.44,67.08,16.21,8.37,98.13,82.82,64.87,25.44,15.97,9.69,0.11,5.07,0.11,9.47,11.67,5.29,0.77,12.67,13.88,5.73,8.48,1.87,27.42,2.86,3.96,2.31,1.1,1.21,0,31.94,0.88,15.2,6.72,0.88,2.53,2.31,0.77,2.97,4.52,3.74,0.77,1.54,1.1,10.02,3.19,0.77,1.98,7.38,0.77,3.74,2.53,0.55,1.65,14.65,9.36,2.09,5.29,4.74,6.61,8.37,2.64,1.76,"Forward"
"Youtube/3726.mp3","Chris Boucher","chris boucher",2021-12-28,2022,"2021-10-19","2022-06-16",28.9609856262834,80,200,NA,NA,NA,"2018-03-15",2017,FALSE,"F",295,57,1,"Injury/Illness - Left Hamstring; Strain","hamstring","strain",234,29,831,9.87,66.9,87.83,72.96,16.62,7.1,95.91,83.27,64.02,23.23,15.28,6.98,1.44,4.57,0.72,7.94,11.31,6.14,0.36,12.76,10.95,7.82,8.9,1.56,23.71,4.09,4.93,3.25,2.17,0.84,0.24,30.45,0.72,18.53,7.1,2.17,1.44,2.29,3.49,3.85,3.61,3.49,0.12,1.44,1.32,13.12,2.65,0.72,1.2,10.95,3.01,2.17,1.56,0.48,1.08,12.88,6.5,1.44,4.09,3.97,6.98,4.81,1.56,2.41,"Forward"
"Youtube/373.mp3","Chris Boucher","chris boucher",2021-10-20,2022,"2021-10-19","2022-06-16",28.7720739219713,80,200,NA,NA,NA,"2018-03-15",2017,FALSE,"F",364,85,1,"Injury/Illness - Left Hamstring; Strain","hamstring","strain",165,1,1060,7.8,37.88,96.88,66.32,13.25,7.55,96.51,81.79,65.47,24.43,16.98,10.19,1.79,4.34,0.38,7.45,13.4,5.94,0.94,12.36,11.89,7.55,7.92,1.79,23.3,3.58,5.28,5.19,3.11,1.7,0.38,30.66,1.79,15.66,5.94,0.66,1.89,1.89,2.74,3.21,3.68,3.3,0.38,0.75,0.57,10.28,2.17,1.13,0.66,8.68,0.85,2.55,1.23,1.13,1.89,13.3,7.64,1.7,4.34,5.19,4.34,5.57,1.51,2.08,"Forward"
"Youtube/3882.mp3","Chris Boucher","chris boucher",2022-01-19,2022,"2021-10-19","2022-06-16",29.0212183436003,80,200,NA,NA,NA,"2018-03-15",2017,FALSE,"F",273,46,1,"Injury/Illness - Left Hamstring; Strain","hamstring","strain",256,40,601,4.99,99,56.12,82.92,17.68,8.32,96.67,83.03,65.06,27.29,18.3,4.83,4.49,6.66,0.5,8.99,16.81,5.49,0.5,8.99,9.82,5.99,8.32,1.33,23.79,3.83,6.82,8.65,6.49,1.66,0.5,28.45,2.83,17.14,8.15,1.16,2.66,2.16,1.33,3.16,5.16,4.66,0.5,1.16,0.67,19.47,4.66,2,2,15.64,2.5,2.66,2.16,0.33,1.16,15.31,5.82,1.33,3.33,2.66,3.49,6.82,1.16,1,"Forward"
"Youtube/4205.mp3","Chris Boucher","chris boucher",2021-12-28,2022,"2021-10-19","2022-06-16",28.9609856262834,80,200,NA,NA,NA,"2018-03-15",2017,FALSE,"F",295,57,1,"Injury/Illness - Left Hamstring; Strain","hamstring","strain",234,29,831,9.87,66.9,87.83,72.96,16.62,7.1,95.91,83.27,64.02,23.23,15.28,6.98,1.44,4.57,0.72,7.94,11.31,6.14,0.36,12.76,10.95,7.82,8.9,1.56,23.71,4.09,4.93,3.25,2.17,0.84,0.24,30.45,0.72,18.53,7.1,2.17,1.44,2.29,3.49,3.85,3.61,3.49,0.12,1.44,1.32,13.12,2.65,0.72,1.2,10.95,3.01,2.17,1.56,0.48,1.08,12.88,6.5,1.44,4.09,3.97,6.98,4.81,1.56,2.41,"Forward"
"Youtube/4312.mp3","Chris Boucher","chris boucher",2023-04-13,2023,"2022-10-18","2023-06-12",30.2505133470226,80,200,NA,NA,NA,"2018-03-15",2017,FALSE,"F",333,50,1,"Injury/Illness - Right Knee; Contusion","knee","contusion",173,77,1781,10.47,59.44,90.77,57.08,14.13,7.97,96.18,82.65,64.85,24.37,15.95,7.69,1.29,5.67,0.39,8.42,13.42,6.06,0.62,13.14,11.12,6.63,8.03,2.19,23.08,3.99,5.45,4.32,2.02,2.19,0.11,32.34,2.3,17.91,6.74,1.63,1.97,3.03,1.52,4.27,3.71,3.03,0.67,1.07,0.79,12.18,2.25,0.73,1.24,10.44,1.63,2.58,1.63,0.73,0.95,14.21,6.74,1.29,2.98,5.17,4.44,6.18,1.85,2.19,"Forward"
"Youtube/4456.mp3","Chris Boucher","chris boucher",2021-12-05,2022,"2021-10-19","2022-06-16",28.8980150581793,80,200,NA,NA,NA,"2018-03-15",2017,FALSE,"F",318,64,1,"Injury/Illness - Left Hamstring; Strain","hamstring","strain",211,22,864,6.03,14.21,98.44,58.28,14.9,7.87,95.95,81.83,65.62,24.65,16.9,11.57,0.69,3.36,0.69,7.75,14.24,6.37,0.93,11.23,10.42,7.64,10.53,1.39,22.69,2.31,5.79,4.28,2.08,1.74,0.46,30.67,1.74,15.63,6.71,1.85,1.74,1.62,1.04,2.89,3.59,3.01,0.58,0.69,0.46,8.91,2.78,1.39,1.16,6.37,0.69,3.24,2.55,0.58,0.93,10.19,7.18,2.43,3.24,5.56,5.32,5.9,1.62,1.39,"Forward"
"Youtube/4573.mp3","Chris Boucher","chris boucher",2022-01-11,2022,"2021-10-19","2022-06-16",28.9993155373032,80,200,NA,NA,NA,"2018-03-15",2017,FALSE,"F",281,50,1,"Injury/Illness - Left Hamstring; Strain","hamstring","strain",248,36,744,15.7,70.48,73.86,58.09,15.18,6.99,95.16,82.66,65.59,23.25,14.25,6.45,3.63,3.36,0.54,9.01,15.99,6.85,1.08,13.04,9.41,6.99,8.2,1.88,21.24,3.49,6.18,7.8,4.84,2.55,0.54,25.81,2.69,13.31,4.57,0.4,2.82,1.88,0.54,3.36,4.03,3.23,0.81,1.08,0.54,12.9,3.9,1.21,1.21,9.95,0.4,3.49,1.88,1.48,1.21,13.44,7.39,2.02,4.44,3.9,4.3,5.24,1.61,2.02,"Forward"
"Youtube/4800.mp3","Chris Boucher","chris boucher",2022-02-07,2022,"2021-10-19","2022-06-16",29.0732375085558,80,200,NA,NA,NA,"2018-03-15",2017,FALSE,"F",254,36,1,"Injury/Illness - Left Hamstring; Strain","hamstring","strain",275,50,1184,6.24,67.74,87.31,82.69,15.18,6.67,96.28,84.21,67.31,25.25,16.47,8.53,1.94,5.15,0.34,8.78,13.94,5.83,0.51,12.92,13.51,7.18,8.36,1.27,25.51,4.56,4.98,5.15,2.79,1.94,0.42,28.29,1.18,13.51,6.84,1.18,2.11,1.18,1.27,1.6,4.73,4.39,0.25,1.35,1.35,12.16,2.96,0.68,1.27,9.12,0.68,2.87,2.03,0.68,0.84,15.12,7.18,1.52,3.89,4.65,4.39,8.45,1.35,0.84,"Forward"
"Youtube/4922.mp3","Chris Boucher","chris boucher",2022-03-06,2022,"2021-10-19","2022-06-16",29.1471594798084,80,200,NA,NA,NA,"2018-03-15",2017,FALSE,"F",227,24,1,"Injury/Illness - Left Hamstring; Strain","hamstring","strain",302,62,707,3.21,97.36,68.61,57.85,15.37,9.19,95.47,83.88,67.75,23.76,14.85,2.97,6.22,3.11,1.84,8.91,13.86,6.51,1.41,10.61,12.87,9.05,10.18,2.26,24.05,5.09,5.37,10.33,7.78,1.84,0.71,30.69,1.7,15.7,6.36,1.27,1.84,1.13,1.84,4.1,2.69,2.55,0.14,1.13,1.13,15.7,2.4,1.41,0.85,14.57,0.99,2.12,1.27,0.57,1.13,13.44,7.36,1.98,4.67,3.25,5.09,6.51,2.12,1.41,"Forward"
"Youtube/5507.mp3","Chris Boucher","chris boucher",2022-01-11,2022,"2021-10-19","2022-06-16",28.9993155373032,80,200,NA,NA,NA,"2018-03-15",2017,FALSE,"F",281,50,1,"Injury/Illness - Left Hamstring; Strain","hamstring","strain",248,36,744,14.74,71.17,73.86,58.09,15.83,6.99,95.16,82.66,65.59,23.52,14.38,6.45,3.63,3.36,0.67,9.14,16.13,6.85,1.08,12.77,9.41,6.99,8.2,1.88,21.24,3.49,6.18,7.8,4.84,2.55,0.54,25.81,2.69,13.31,4.57,0.4,2.82,1.88,0.54,3.36,4.03,3.23,0.81,1.08,0.54,13.04,3.9,1.21,1.21,10.08,0.4,3.49,1.88,1.48,1.21,13.44,7.39,2.02,4.44,3.9,4.3,5.24,1.61,2.02,"Forward"
"Youtube/5844.mp3","Chris Boucher","chris boucher",2022-01-11,2022,"2021-10-19","2022-06-16",28.9993155373032,80,200,NA,NA,NA,"2018-03-15",2017,FALSE,"F",281,50,1,"Injury/Illness - Left Hamstring; Strain","hamstring","strain",248,36,743,15.38,70.52,74.03,58.14,15.81,7,95.15,82.64,65.55,23.28,14.27,6.46,3.63,3.36,0.54,9.02,16.02,6.86,1.08,12.92,9.42,7,8.21,1.88,21.27,3.5,6.19,7.81,4.85,2.56,0.54,25.84,2.69,13.32,4.58,0.4,2.83,1.88,0.54,3.36,4.04,3.23,0.81,1.08,0.54,12.92,3.9,1.21,1.21,9.96,0.4,3.5,1.88,1.48,1.21,13.46,7.4,2.02,4.44,3.9,4.31,5.25,1.62,2.02,"Forward"
"Youtube/5866.mp3","Chris Boucher","chris boucher",2023-04-13,2023,"2022-10-18","2023-06-12",30.2505133470226,80,200,NA,NA,NA,"2018-03-15",2017,FALSE,"F",333,50,1,"Injury/Illness - Right Knee; Contusion","knee","contusion",173,77,1720,11.27,58.74,92.03,58.46,14.96,8.14,96.28,82.67,64.65,24.24,16.05,7.85,1.34,5.58,0.41,8.2,13.08,5.99,0.64,13.31,10.64,6.69,8.26,2.03,22.73,4.07,5.58,4.42,2.03,2.27,0.12,31.92,2.27,18.02,6.92,1.69,1.98,2.79,1.57,4.3,3.84,3.14,0.7,1.1,0.81,12.15,2.27,0.76,1.22,10.41,1.69,2.67,1.69,0.76,0.99,14.53,6.8,1.34,3.02,5.12,4.24,5.99,1.86,2.15,"Forward"
"Youtube/665.mp3","Chris Boucher","chris boucher",2022-01-09,2022,"2021-10-19","2022-06-16",28.993839835729,80,200,NA,NA,NA,"2018-03-15",2017,FALSE,"F",283,51,1,"Injury/Illness - Left Hamstring; Strain","hamstring","strain",246,35,383,12.32,57.19,84.7,61.29,15.96,9.14,93.73,83.03,65.54,24.28,19.32,8.88,0.26,5.48,0.26,4.96,13.32,6.27,2.09,12.53,7.57,8.36,8.88,1.57,19.32,5.22,6.27,3.39,1.31,1.04,1.04,28.46,1.31,18.02,7.57,1.31,1.31,2.35,2.09,4.18,3.13,2.87,0.26,1.04,1.04,15.93,3.92,1.83,2.09,11.75,4.96,1.04,0.26,0.78,1.31,13.84,7.57,1.04,5.48,2.35,4.18,5.74,1.04,2.61,"Forward"
"Youtube/944.mp3","Chris Boucher","chris boucher",2021-11-11,2022,"2021-10-19","2022-06-16",28.8323066392882,80,200,NA,NA,NA,"2018-03-15",2017,FALSE,"F",342,73,1,"Injury/Illness - Left Hamstring; Strain","hamstring","strain",187,13,908,5.68,29.1,96.44,67.08,15.93,8.37,98.13,82.82,64.87,25.44,15.97,9.69,0.11,5.07,0.11,9.47,11.67,5.29,0.77,12.67,13.88,5.73,8.48,1.87,27.42,2.86,3.96,2.31,1.1,1.21,0,31.94,0.88,15.2,6.72,0.88,2.53,2.31,0.77,2.97,4.52,3.74,0.77,1.54,1.1,10.02,3.19,0.77,1.98,7.38,0.77,3.74,2.53,0.55,1.65,14.65,9.36,2.09,5.29,4.74,6.61,8.37,2.64,1.76,"Forward"
"Youtube/1163.mp3","Caris LeVert","caris levert",2021-03-12,2021,"2020-12-22","2021-07-20",26.5462012320329,79,205,2016,1,20,"2016-12-06",2016,TRUE,"G",62,33,1,"Injury/Illness - Right Knee; Bruised","knee","bruise",8,0,1074,6.28,20.82,98.3,67.17,12.2,10.8,96.55,83.52,65.83,23.74,14.8,9.12,1.3,4,0.19,8.94,12.38,5.31,0.84,13.04,12.57,8.66,7.73,2.42,24.77,3.91,4.19,3.35,2.14,0.84,0.37,32.4,1.4,17.78,6.15,1.3,2.79,3.63,1.02,4.75,5.03,4,1.02,1.3,0.93,9.87,2.98,1.02,1.58,7.26,0.28,2.51,2.14,0.28,0.47,12.48,9.4,1.21,6.7,4.75,5.59,5.96,1.68,1.86,"Guard"
"Youtube/2124.mp3","Caris LeVert","caris levert",2021-03-12,2021,"2020-12-22","2021-07-20",26.5462012320329,79,205,2016,1,20,"2016-12-06",2016,TRUE,"G",62,33,1,"Injury/Illness - Right Knee; Bruised","knee","bruise",8,0,1073,6.07,20.81,98.32,67.21,12.19,10.81,96.74,83.78,65.8,23.77,14.82,9.13,1.3,4.01,0.19,8.95,12.4,5.31,0.84,12.95,12.67,8.67,7.74,2.42,25.07,3.91,4.19,3.36,2.14,0.84,0.37,32.71,1.4,17.89,6.15,1.3,2.8,3.73,1.03,4.75,5.03,4.01,1.03,1.3,0.93,9.97,3.08,1.03,1.68,7.27,0.28,2.52,2.14,0.28,0.47,12.4,9.41,1.21,6.71,4.75,5.78,5.96,1.68,1.96,"Guard"
"Youtube/3002.mp3","Caris LeVert","caris levert",2021-03-12,2021,"2020-12-22","2021-07-20",26.5462012320329,79,205,2016,1,20,"2016-12-06",2016,TRUE,"G",62,33,1,"Injury/Illness - Right Knee; Bruised","knee","bruise",8,0,1073,6.07,20.81,98.32,67.21,12.19,10.81,96.64,83.6,65.8,23.77,14.82,9.13,1.3,4.01,0.19,8.95,12.4,5.31,0.84,12.95,12.67,8.67,7.74,2.42,24.98,3.91,4.19,3.36,2.14,0.84,0.37,32.62,1.4,17.8,6.15,1.3,2.8,3.63,1.03,4.75,5.03,4.01,1.03,1.3,0.93,9.97,3.08,1.03,1.68,7.27,0.28,2.52,2.14,0.28,0.47,12.4,9.41,1.21,6.71,4.75,5.78,5.96,1.68,1.86,"Guard"
"Youtube/4448.mp3","Caris LeVert","caris levert",2021-03-12,2021,"2020-12-22","2021-07-20",26.5462012320329,79,205,2016,1,20,"2016-12-06",2016,TRUE,"G",62,33,1,"Injury/Illness - Right Knee; Bruised","knee","bruise",8,0,1075,6.22,20.84,98.28,67.12,12.22,10.79,96.56,83.53,65.77,23.72,14.79,9.12,1.3,4,0.19,8.93,12.37,5.3,0.84,13.02,12.65,8.65,7.72,2.42,24.93,3.91,4.19,3.35,2.14,0.84,0.37,32.47,1.4,17.77,6.14,1.3,2.79,3.63,1.02,4.74,5.02,4,1.02,1.3,0.93,9.95,3.07,1.02,1.67,7.26,0.28,2.51,2.14,0.28,0.47,12.47,9.4,1.21,6.7,4.74,5.67,5.95,1.67,1.86,"Guard"
"Youtube/4886.mp3","Caris LeVert","caris levert",2021-03-12,2021,"2020-12-22","2021-07-20",26.5462012320329,79,205,2016,1,20,"2016-12-06",2016,TRUE,"G",62,33,1,"Injury/Illness - Right Knee; Bruised","knee","bruise",8,0,1073,6.07,20.81,98.32,67.21,12.19,10.81,96.64,83.6,65.8,23.77,14.82,9.13,1.3,4.01,0.19,8.95,12.4,5.31,0.84,12.95,12.67,8.67,7.74,2.42,24.98,3.91,4.19,3.36,2.14,0.84,0.37,32.62,1.4,17.8,6.15,1.3,2.8,3.63,1.03,4.75,5.03,4.01,1.03,1.3,0.93,9.97,3.08,1.03,1.68,7.27,0.28,2.52,2.14,0.28,0.47,12.4,9.41,1.21,6.71,4.75,5.78,5.96,1.68,1.86,"Guard"
"Youtube/6129.mp3","Caris LeVert","caris levert",2021-03-12,2021,"2020-12-22","2021-07-20",26.5462012320329,79,205,2016,1,20,"2016-12-06",2016,TRUE,"G",62,33,1,"Injury/Illness - Right Knee; Bruised","knee","bruise",8,0,1074,6.19,20.82,98.3,67.17,12.2,10.8,96.55,83.52,65.83,23.74,14.8,9.12,1.3,4,0.19,8.94,12.38,5.31,0.84,13.04,12.66,8.66,7.73,2.42,24.86,3.91,4.19,3.35,2.14,0.84,0.37,32.5,1.4,17.78,6.15,1.3,2.79,3.63,1.02,4.75,5.03,4,1.02,1.3,0.93,9.87,2.98,1.02,1.58,7.26,0.28,2.51,2.14,0.28,0.47,12.48,9.4,1.21,6.7,4.75,5.68,5.96,1.68,1.86,"Guard"
"Youtube/1167.mp3","Kenrich Williams","kenrich williams",2026-01-23,2026,"2025-10-21","2026-06-13",31.1430527036277,79,210,NA,NA,NA,"2018-10-18",2018,TRUE,"G",127,41,0,NA,NA,NA,439,111,611,11.25,99,51.53,66.65,13.28,8.18,94.93,81.34,61.7,23.57,18,3.6,2.78,6.38,1.15,5.56,14.4,5.24,1.64,10.31,10.47,5.56,7.53,0.98,23.08,5.56,6.71,6.06,3.44,2.13,0.82,28.15,1.15,14.24,8.51,0.49,0.98,1.31,0.82,1.8,3.93,3.27,0.33,1.64,0.98,18.82,1.96,0.65,0.49,17.18,5.07,2.13,1.64,0.16,1.64,13.58,6.06,1.31,3.76,3.93,4.58,5.56,2.45,3.11,"Guard"
"Youtube/148.mp3","Kenrich Williams","kenrich williams",2026-03-07,2026,"2025-10-21","2026-06-13",31.2607802874743,79,210,NA,NA,NA,"2018-10-18",2018,TRUE,"G",84,23,0,NA,NA,NA,482,129,876,11.14,99,59.22,86.99,14.36,8.45,94.06,81.28,63.36,24.89,17.01,4.11,2.74,7.42,0.57,7.88,12.44,6.51,0.8,12.67,9.59,7.88,8.68,0.8,21.58,3.65,3.65,7.53,4.45,2.51,0.68,28.65,1.48,13.93,6.51,1.6,1.03,1.6,0.8,2.51,5.71,5.14,0.57,1.83,1.83,18.95,4.11,1.83,1.03,15.07,3.2,2.85,1.14,1.37,1.26,13.7,5.37,0.91,3.88,4.57,2.97,7.88,1.48,3.42,"Guard"
"Youtube/1545.mp3","Kenrich Williams","kenrich williams",2025-12-22,2026,"2025-10-21","2026-06-13",31.0554414784394,79,210,NA,NA,NA,"2018-10-18",2018,TRUE,"G",159,58,0,NA,NA,NA,407,94,469,13.82,92.19,65.1,86.16,10.91,5.76,95.95,81.45,61.83,20.26,13.22,4.26,1.28,5.97,0,7.04,15.35,7.04,1.49,10.66,9.38,8.32,8.74,1.92,22.6,4.9,4.26,5.33,2.13,2.35,0.85,23.67,2.13,12.79,6.82,1.07,1.49,1.71,0.43,1.49,6.18,5.12,0.64,2.13,1.28,14.07,2.99,0.85,0.85,11.51,2.35,5.33,2.99,0.43,1.92,16.63,8.96,1.49,6.61,2.77,1.28,7.25,1.71,3.2,"Guard"
"Youtube/2792.mp3","Kenrich Williams","kenrich williams",2025-12-07,2026,"2025-10-21","2026-06-13",31.0143737166324,79,210,NA,NA,NA,"2018-10-18",2018,TRUE,"G",174,61,0,NA,NA,NA,392,91,486,7.02,90.27,38.15,86.62,11.05,10.91,94.86,82.3,64.2,22.63,12.96,3.5,0.62,3.91,0.82,9.67,12.55,5.14,1.03,12.76,11.73,11.11,7.61,0.82,20.58,7.61,4.73,4.12,1.44,2.06,0.62,28.6,1.65,12.96,3.7,0.82,1.03,2.06,2.88,2.06,5.56,4.94,0.41,2.26,1.85,13.99,2.26,1.03,0.82,12.14,4.94,4.32,3.09,0.82,1.85,13.17,8.44,1.23,5.76,4.73,2.88,9.05,0.62,2.47,"Guard"
"Youtube/3059.mp3","Kenrich Williams","kenrich williams",2026-02-04,2026,"2025-10-21","2026-06-13",31.1759069130732,79,210,NA,NA,NA,"2018-10-18",2018,TRUE,"G",115,35,0,NA,NA,NA,451,117,680,18.2,95.49,58.22,94.8,12.36,9.12,95.74,80.74,62.79,24.12,15,4.26,2.35,5.29,0.15,9.12,17.06,7.65,0.44,12.65,10,6.32,7.21,1.18,20.88,5.59,4.71,7.65,3.68,3.38,1.03,28.38,1.62,15.44,5.44,1.62,1.62,2.65,1.18,3.82,7.06,6.32,0.59,2.35,1.91,16.32,2.5,1.62,0.44,14.56,4.26,4.41,3.09,1.03,1.03,11.47,6.32,1.18,4.26,4.26,3.38,7.06,1.47,2.5,"Guard"
"Youtube/3650.mp3","Kenrich Williams","kenrich williams",2026-01-09,2026,"2025-10-21","2026-06-13",31.1047227926078,79,210,NA,NA,NA,"2018-10-18",2018,TRUE,"G",141,48,0,NA,NA,NA,425,104,352,16.78,94.84,56.6,84.01,10.67,8.81,94.03,79.83,60.51,20.17,15.06,3.41,4.83,3.13,0.57,5.11,13.35,5.97,0.57,11.65,9.38,6.53,8.52,2.27,22.16,6.25,3.98,9.38,5.97,2.56,0.85,25,2.27,11.08,5.97,1.14,0.85,1.7,0.28,1.99,7.1,5.68,1.42,2.56,2.27,14.77,2.56,0.85,0.57,12.22,2.84,3.13,1.99,0.28,0.85,11.36,7.67,2.84,4.55,3.98,5.68,4.83,1.99,1.42,"Guard"
"Youtube/4258.mp3","Kenrich Williams","kenrich williams",2026-02-04,2026,"2025-10-21","2026-06-13",31.1759069130732,79,210,NA,NA,NA,"2018-10-18",2018,TRUE,"G",115,35,0,NA,NA,NA,451,117,681,17.99,95.26,59.05,94.76,11.95,9.1,95.74,80.76,62.85,24.08,14.98,4.26,2.35,5.29,0.15,9.1,17.03,7.64,0.44,12.63,9.99,6.31,7.34,1.17,20.85,5.58,4.7,7.64,3.67,3.38,1.03,28.49,1.62,15.57,5.43,1.62,1.62,2.79,1.17,3.96,7.05,6.31,0.59,2.35,1.91,16.3,2.5,1.62,0.44,14.54,4.26,4.41,3.08,1.03,1.03,11.45,6.31,1.17,4.26,4.26,3.38,7.05,1.47,2.5,"Guard"
"Youtube/4689.mp3","Kenrich Williams","kenrich williams",2026-01-09,2026,"2025-10-21","2026-06-13",31.1047227926078,79,210,NA,NA,NA,"2018-10-18",2018,TRUE,"G",141,48,0,NA,NA,NA,425,104,352,16.78,94.84,56.6,84.01,10.35,8.81,94.03,79.83,60.51,20.45,15.06,3.41,4.83,3.13,0.57,5.4,13.64,5.97,0.57,11.65,9.38,6.25,8.52,2.27,22.16,6.25,3.98,9.38,5.97,2.56,0.85,25,2.27,11.08,5.97,1.14,0.85,1.7,0.28,1.99,7.1,5.68,1.42,2.56,2.27,14.77,2.56,0.85,0.57,12.22,2.84,3.13,1.99,0.28,0.85,11.36,7.67,2.84,4.55,3.98,5.68,4.83,1.99,1.42,"Guard"
"Youtube/5652.mp3","Kenrich Williams","kenrich williams",2025-12-07,2026,"2025-10-21","2026-06-13",31.0143737166324,79,210,NA,NA,NA,"2018-10-18",2018,TRUE,"G",174,61,0,NA,NA,NA,392,91,486,7.02,90.27,38.15,86.62,11.05,10.91,94.86,82.3,64.2,22.63,12.96,3.5,0.62,3.91,0.82,9.67,12.55,5.14,1.03,12.76,11.73,11.11,7.61,0.82,20.58,7.61,4.73,4.12,1.44,2.06,0.62,28.6,1.65,12.96,3.7,0.82,1.03,2.06,2.88,2.06,5.56,4.94,0.41,2.26,1.85,13.99,2.26,1.03,0.82,12.14,4.94,4.32,3.09,0.82,1.85,13.17,8.44,1.23,5.76,4.73,2.88,9.05,0.62,2.47,"Guard"
"Youtube/5933.mp3","Kenrich Williams","kenrich williams",2026-01-23,2026,"2025-10-21","2026-06-13",31.1430527036277,79,210,NA,NA,NA,"2018-10-18",2018,TRUE,"G",127,41,0,NA,NA,NA,439,111,611,11.25,99,51.53,66.65,13,8.18,94.93,81.34,61.7,23.57,18,3.6,2.78,6.38,1.15,5.56,14.4,5.24,1.64,10.31,10.47,5.56,7.53,0.98,23.08,5.56,6.71,6.06,3.44,2.13,0.82,28.15,1.15,14.24,8.51,0.49,0.98,1.31,0.82,1.8,3.93,3.27,0.33,1.64,0.98,18.82,1.96,0.65,0.49,17.18,5.07,2.13,1.64,0.16,1.64,13.58,6.06,1.31,3.76,3.93,4.58,5.56,2.45,3.11,"Guard"
"Youtube/658.mp3","Kenrich Williams","kenrich williams",2025-12-22,2026,"2025-10-21","2026-06-13",31.0554414784394,79,210,NA,NA,NA,"2018-10-18",2018,TRUE,"G",159,58,0,NA,NA,NA,407,94,469,14.18,91.2,65.1,86.16,10.66,5.76,95.95,81.45,61.62,20.04,13.01,4.26,1.28,5.76,0,7.04,15.35,7.04,1.49,10.66,9.38,8.32,8.74,1.92,22.81,4.9,4.26,5.33,2.13,2.35,0.85,23.67,2.13,12.79,6.82,1.07,1.49,1.71,0.43,1.49,6.18,5.12,0.64,2.13,1.28,14.07,3.2,0.85,1.07,11.3,2.35,5.33,2.99,0.43,1.92,16.63,8.96,1.49,6.61,2.77,1.28,7.25,1.71,3.2,"Guard"
"Youtube/977.mp3","Kenrich Williams","kenrich williams",2026-03-07,2026,"2025-10-21","2026-06-13",31.2607802874743,79,210,NA,NA,NA,"2018-10-18",2018,TRUE,"G",84,23,0,NA,NA,NA,482,129,875,11.25,99,59.38,87.03,14.34,8.46,94.06,81.26,63.31,24.8,17.03,4.11,2.74,7.43,0.57,7.77,12.46,6.51,0.8,12.69,9.6,7.89,8.69,0.8,21.6,3.66,3.66,7.54,4.46,2.51,0.69,28.69,1.49,13.94,6.51,1.6,1.03,1.6,0.8,2.51,5.71,5.14,0.57,1.83,1.83,18.97,4.11,1.83,1.03,15.09,3.2,2.86,1.14,1.37,1.26,13.71,5.37,0.91,3.89,4.57,2.97,7.89,1.49,3.43,"Guard"
"Youtube/1210.mp3","Isaac Bonga","isaac bonga",2021-12-09,2022,"2021-10-19","2022-06-16",22.0862422997947,80,180,2018,2,39,"2018-10-19",2018,FALSE,"G",115,6,1,"Injury/Illness - Right Foot; Sprain - big toe","foot","sprain",639,62,452,28.34,71.95,67.2,32.5,11.3,10.84,93.58,82.96,64.6,16.15,9.73,3.54,3.1,1.11,1.55,6.42,10.84,4.42,1.99,17.48,9.96,12.39,6.86,0.66,21.68,6.42,3.54,7.52,3.1,2.21,2.21,23.45,2.65,11.28,2.88,1.11,1.77,2.43,2.43,2.65,5.53,3.1,2.21,1.99,0.44,10.84,2.21,0,0.44,8.41,0.44,1.55,0.88,0.44,2.88,19.91,10.4,1.99,6.64,5.09,3.1,5.97,1.11,1.33,"Guard"
"Youtube/2501.mp3","Isaac Bonga","isaac bonga",2022-01-10,2022,"2021-10-19","2022-06-16",22.1738535249829,80,180,2018,2,39,"2018-10-19",2018,FALSE,"G",83,3,1,"Injury/Illness - Right Foot; Sprain - big toe","foot","sprain",671,65,437,31.59,65.68,70.28,70.58,11.21,8.01,95.65,83.75,68.42,21.97,13.5,6.64,3.66,2.52,0,8.47,14.19,5.72,1.83,18.76,10.07,6.18,8.24,0.92,19.45,4.81,4.35,9.38,5.95,3.43,0,22.2,1.6,12.13,3.89,0.46,2.06,2.97,0.69,3.2,3.2,3.2,0,1.83,1.83,10.53,2.75,1.6,0.69,8.92,0.92,2.29,1.14,1.14,1.37,14.42,8.47,2.29,4.35,3.43,4.35,4.12,2.06,2.97,"Guard"
"Youtube/370.mp3","Isaac Bonga","isaac bonga",2022-01-10,2022,"2021-10-19","2022-06-16",22.1738535249829,80,180,2018,2,39,"2018-10-19",2018,FALSE,"G",83,3,1,"Injury/Illness - Right Foot; Sprain - big toe","foot","sprain",671,65,437,31.59,65.68,70.28,70.58,11.21,8.01,95.65,83.75,68.42,21.97,13.5,6.64,3.66,2.52,0,8.47,14.19,5.72,1.83,18.76,10.07,6.18,8.24,0.92,19.45,4.81,4.35,9.38,5.95,3.43,0,22.2,1.6,12.13,3.89,0.46,2.06,2.97,0.69,3.2,3.2,3.2,0,1.83,1.83,10.53,2.75,1.6,0.69,8.92,0.92,2.29,1.14,1.14,1.37,14.42,8.47,2.29,4.35,3.43,4.35,4.12,2.06,2.97,"Guard"
"Youtube/3723.mp3","Isaac Bonga","isaac bonga",2022-01-10,2022,"2021-10-19","2022-06-16",22.1738535249829,80,180,2018,2,39,"2018-10-19",2018,FALSE,"G",83,3,1,"Injury/Illness - Right Foot; Sprain - big toe","foot","sprain",671,65,436,31.45,65.73,70.59,70.69,11.18,8.03,95.64,83.72,68.35,22.02,13.53,6.65,3.67,2.52,0,8.49,13.99,5.73,1.83,18.81,10.32,6.19,8.03,0.92,19.72,4.82,4.36,9.4,5.96,3.44,0,22.48,1.61,12.16,3.9,0.46,2.06,2.98,0.69,3.21,3.21,3.21,0,1.83,1.83,10.55,2.75,1.61,0.69,8.94,0.92,2.29,1.15,1.15,1.38,14.45,8.49,2.29,4.36,3.44,4.36,4.36,2.06,2.98,"Guard"
"Youtube/96.mp3","Isaac Bonga","isaac bonga",2021-12-09,2022,"2021-10-19","2022-06-16",22.0862422997947,80,180,2018,2,39,"2018-10-19",2018,FALSE,"G",115,6,1,"Injury/Illness - Right Foot; Sprain - big toe","foot","sprain",639,62,451,28.21,72.01,67.5,32.53,11.56,10.86,93.57,82.93,64.3,16.19,9.76,3.55,3.1,1.11,1.55,6.43,10.64,4.21,2,17.29,9.53,12.42,6.87,0.67,21.51,6.43,3.55,7.54,3.1,2.22,2.22,23.28,2.66,11.31,2.88,1.11,1.77,2.44,2.44,2.66,5.54,3.1,2.22,2,0.44,10.86,2.22,0,0.44,8.43,0.44,1.55,0.89,0.44,2.88,19.96,10.42,2,6.65,5.1,3.1,5.99,0.89,1.33,"Guard"
"Youtube/976.mp3","Isaac Bonga","isaac bonga",2021-12-09,2022,"2021-10-19","2022-06-16",22.0862422997947,80,180,2018,2,39,"2018-10-19",2018,FALSE,"G",115,6,1,"Injury/Illness - Right Foot; Sprain - big toe","foot","sprain",639,62,450,28.63,72.07,67.79,32.56,11.54,10.89,93.56,82.89,64.22,16.22,9.78,3.56,3.11,1.11,1.56,6.44,10.67,4.22,2,17.33,9.56,12.22,6.89,0.67,21.56,6.44,3.56,7.56,3.11,2.22,2.22,23.11,2.67,11.11,2.89,1.11,1.78,2.44,2.22,2.67,5.56,3.11,2.22,2,0.44,10.89,2.22,0,0.44,8.44,0.44,1.56,0.89,0.44,2.89,20,10.44,2,6.67,5.11,3.11,6,0.89,1.33,"Guard"
"Youtube/1288.mp3","Ajay Mitchell","ajay mitchell",2025-11-19,2026,"2025-10-21","2026-06-13",23.4031485284052,76,190,2024,2,38,"2024-10-25",2024,TRUE,"G",65,27,1,"Injury/Illness - Abdominal; Strain","abdomen","strain",224,29,967,14.87,21.73,95.2,87.75,12.24,7.55,95.24,81.28,65.87,22.75,13.44,9.72,1.24,0.83,0.93,9.31,13.13,5.89,1.34,14.68,10.86,9.72,7.24,0.31,19.96,5.07,4.55,5.07,2.28,2.07,1.03,28.75,1.65,15.41,8.48,0.72,1.14,1.55,2.79,1.34,5.07,4.76,0.1,1.03,0.93,7.86,2.38,1.24,0,5.89,2.07,2.07,1.96,0.1,0.62,13.13,7.65,1.14,4.14,4.34,2.38,8.07,0.93,2.48,"Guard"
"Youtube/1954.mp3","Ajay Mitchell","ajay mitchell",2026-05-09,2026,"2025-10-21","2026-06-13",23.8713210130048,76,190,2024,2,38,"2024-10-25",2024,TRUE,"G",15,4,1,"Injury/Illness - Right Soleus; Strain","calf","strain",63,20,596,8.43,87.25,84.26,96.61,16.11,7.55,96.64,81.54,66.28,23.99,15.77,7.89,5.03,2.18,0.34,8.22,13.76,4.19,0.84,13.76,10.57,9.06,8.56,0.5,20.64,5.2,4.53,10.57,7.55,2.85,0.34,24.33,1.68,12.42,7.38,1.34,1.17,0.84,1.01,0.5,6.54,6.38,0.17,2.85,2.68,12.58,3.36,2.68,0.17,10.91,0.84,2.68,1.68,0.34,0.5,11.58,7.89,1.85,4.7,2.68,4.87,6.04,1.51,1.68,"Guard"
"Youtube/2512.mp3","Ajay Mitchell","ajay mitchell",2025-11-09,2026,"2025-10-21","2026-06-13",23.3757700205339,76,190,2024,2,38,"2024-10-25",2024,TRUE,"G",75,32,1,"Injury/Illness - Abdominal; Strain","abdomen","strain",214,24,364,7.63,73.15,61.86,49.66,10.11,10.44,96.98,80.22,64.84,22.53,14.29,6.32,4.12,1.37,0.27,8.24,14.84,4.95,3.02,11.81,11.26,9.89,6.87,1.65,23.08,5.22,5.49,9.89,5.77,1.65,2.75,28.85,2.2,16.21,6.04,2.2,1.37,1.1,2.47,3.02,5.22,3.57,1.65,1.92,0.27,14.01,3.3,1.65,0.55,11.26,3.57,4.12,2.75,1.37,0.55,8.79,7.42,1.37,3.85,2.75,1.37,7.97,2.47,1.92,"Guard"
"Youtube/4377.mp3","Ajay Mitchell","ajay mitchell",2025-11-30,2026,"2025-10-21","2026-06-13",23.4332648870637,76,190,2024,2,38,"2024-10-25",2024,TRUE,"G",54,22,1,"Injury/Illness - Abdominal; Strain","abdomen","strain",235,34,572,6.85,23.41,92.03,94.13,11.44,9.27,96.15,80.59,65.73,22.38,13.99,9.44,3.32,0.17,0.17,8.39,13.29,4.02,1.4,12.76,13.46,8.92,7.34,0.87,23.25,5.94,4.2,8.57,5.77,2.1,0.7,30.24,1.4,16.61,6.99,0.7,1.22,2.62,2.45,2.8,6.64,5.94,0.35,2.1,1.75,8.74,3.32,1.92,0,6.64,1.05,3.5,2.27,1.22,1.4,12.59,6.82,1.22,5.07,2.45,4.02,6.47,2.8,1.4,"Guard"
"Youtube/4445.mp3","Ajay Mitchell","ajay mitchell",2026-05-07,2026,"2025-10-21","2026-06-13",23.8658453114305,76,190,2024,2,38,"2024-10-25",2024,TRUE,"G",17,5,1,"Injury/Illness - Right Soleus; Strain","calf","strain",61,19,764,7.6,68.35,82.03,89.31,12.13,10.6,97.38,83.9,66.23,22.25,14.4,7.46,3.53,2.23,0.13,7.85,12.3,5.63,0.92,12.7,13.48,9.42,7.85,0.79,23.95,6.28,3.4,9.29,5.5,3.01,1.18,27.36,2.23,13.48,5.5,0.92,1.7,1.57,1.57,2.23,7.85,6.15,1.31,2.49,1.31,11.78,3.53,2.09,0.39,9.55,1.31,2.36,0.92,1.31,0.92,11.78,7.59,1.31,5.5,3.93,3.01,7.72,2.23,1.96,"Guard"
"Youtube/4671.mp3","Ajay Mitchell","ajay mitchell",2026-03-09,2026,"2025-10-21","2026-06-13",23.7043121149897,76,190,2024,2,38,"2024-10-25",2024,TRUE,"G",76,24,1,"Injury/Illness - Right Soleus; Strain","calf","strain",2,0,578,12.88,39.06,89.11,89.32,11.33,6.92,97.23,82.35,66.78,22.32,13.67,7.79,1.04,1.56,1.21,8.65,11.25,4.33,1.56,15.92,10.55,9.86,8.48,0.52,20.59,4.5,3.98,3.63,2.08,1.56,0,27.34,1.38,15.05,6.92,0.17,1.04,2.42,2.77,1.9,5.88,5.19,0.35,1.9,1.56,9.69,2.6,1.21,0.69,7.44,3.11,3.11,1.9,0.35,1.38,14.88,9.86,1.56,5.71,3.98,5.19,5.19,1.56,1.56,"Guard"
"Youtube/1291.mp3","Jakob Poeltl","jakob poeltl",2026-02-25,2026,"2025-10-21","2026-06-13",30.3655030800821,84,253,2016,1,9,"2016-10-26",2016,TRUE,"C",26,10,1,"Injury/Illness - Back; Lower back strain - injury management","back","strain",1,0,417,25.07,82.65,74.93,93.72,14.38,11.27,94.48,81.29,61.15,21.1,15.35,5.52,7.19,0.48,0.96,5.76,11.03,5.28,0.24,16.31,8.39,8.87,7.19,1.44,19.66,6.47,2.64,10.31,8.15,1.2,0.96,28.78,0.24,16.79,5.28,1.44,1.68,1.92,3.36,3.36,6,5.76,0.24,1.44,1.2,12.23,2.16,0.72,0.96,10.55,1.2,3.36,2.64,0.48,1.92,11.51,6.47,1.2,3.6,5.76,3.12,6.47,1.68,4.08,"Center"
"Youtube/1777.mp3","Jakob Poeltl","jakob poeltl",2026-02-11,2026,"2025-10-21","2026-06-13",30.3271731690623,84,253,2016,1,9,"2016-10-26",2016,TRUE,"C",13,2,1,"Injury/Illness - Back; Lower - strain - injury management","back","strain",6,0,547,34.67,65.9,89.54,60.44,14.78,10.05,96.16,82.08,62.71,19.01,12.25,5.67,3.47,1.83,1.28,6.76,12.07,6.4,0.55,16.64,9.87,9.32,5.85,0.73,20.48,6.95,4.57,7.86,4.75,2.19,0.91,25.96,0.91,14.26,4.02,0.91,2.01,2.01,1.83,3.47,4.02,3.29,0.73,1.83,1.46,10.42,2.38,1.1,0.55,8.96,0.55,2.56,1.46,0.91,1.83,14.08,10.97,2.01,7.68,4.2,3.11,6.03,1.46,2.56,"Center"
"Youtube/3244.mp3","Jakob Poeltl","jakob poeltl",2025-11-11,2026,"2025-10-21","2026-06-13",30.0752908966461,84,253,2016,1,9,"2016-10-26",2016,TRUE,"C",42,14,1,"Injury/Illness - Low Back; Strain","back","strain",11,2,603,28.51,62.66,82.26,53.65,15.87,12.77,96.02,82.42,64.01,17.74,11.44,4.48,2.99,1.82,0.33,6.3,10.78,6.47,0.5,16.92,10.95,9.45,7.96,1.33,20.23,7.46,5.8,5.47,3.32,1.99,0.17,31.51,1.82,16.92,5.47,1.16,1.66,4.31,1.82,3.81,4.48,3.32,1.16,1.66,1.16,9.78,1.16,0,0.66,8.62,1.82,2.65,1.33,1,0.83,10.95,7.79,1.99,5.8,5.14,4.64,5.31,1.66,2.32,"Center"
"Youtube/3657.mp3","Jakob Poeltl","jakob poeltl",2026-03-03,2026,"2025-10-21","2026-06-13",30.3819301848049,84,253,2016,1,9,"2016-10-26",2016,TRUE,"C",20,8,1,"Injury/Illness - Back; Lower back strain - injury management","back","strain",7,2,552,24.35,75.92,56.51,57.03,14.15,9.78,96.2,83.88,66.49,21.01,13.77,3.8,4.71,0.72,3.08,7.25,14.67,6.7,0.91,15.58,8.7,9.24,6.7,2.36,18.66,3.99,7.97,6.34,4.89,0.72,0.72,25.91,0.54,15.58,3.8,1.45,2.17,4.35,1.81,3.26,4.17,3.26,0.91,1.09,0.91,11.78,1.63,0.18,0.91,10.33,1.63,3.26,2.72,0.54,2.72,10.51,9.06,1.63,6.52,3.62,3.99,5.98,0.36,1.99,"Center"
"Youtube/3720.mp3","Jakob Poeltl","jakob poeltl",2026-03-20,2026,"2025-10-21","2026-06-13",30.4284736481862,84,253,2016,1,9,"2016-10-26",2016,TRUE,"C",3,1,1,"Injury/Illness - Back; Lower back strain - injury management","back","strain",24,9,425,29.23,47.03,92.65,48.96,11.18,10.59,94.59,80.71,62.59,19.76,12.47,6.35,2.82,1.41,1.41,7.29,13.18,7.06,1.18,14.12,10.59,8.47,5.41,0.71,21.18,7.06,5.18,5.65,3.06,1.88,0.71,29.65,0.47,17.41,6.35,0.94,1.18,4,4,3.06,2.35,2.12,0.24,0.47,0.47,7.53,0.71,0.24,0.24,7.06,0.94,3.53,2.12,1.18,1.18,8.71,11.06,2.82,6.59,2.59,7.53,4.24,1.18,4,"Center"
"Youtube/4513.mp3","Jakob Poeltl","jakob poeltl",2026-03-20,2026,"2025-10-21","2026-06-13",30.4284736481862,84,253,2016,1,9,"2016-10-26",2016,TRUE,"C",3,1,1,"Injury/Illness - Back; Lower back strain - injury management","back","strain",24,9,425,30.48,48.44,92.05,48.96,11.18,10.59,94.35,80.47,62.59,19.76,12.47,6.35,2.82,1.41,1.41,7.29,13.41,7.29,1.18,14.12,10.59,8.47,5.18,0.71,21.18,7.06,4.94,5.65,3.06,1.88,0.71,29.41,0.47,17.18,6.35,0.94,1.18,3.76,4,2.82,2.35,2.12,0.24,0.47,0.47,7.53,0.71,0.24,0.24,7.06,0.94,3.53,2.12,1.18,1.18,8.71,11.06,2.82,6.59,2.59,7.53,4.24,1.18,4,"Center"
"Youtube/4636.mp3","Jakob Poeltl","jakob poeltl",2025-11-04,2026,"2025-10-21","2026-06-13",30.0561259411362,84,253,2016,1,9,"2016-10-26",2016,TRUE,"C",49,16,1,"Injury/Illness - Low Back; Strain","back","strain",4,0,605,25.39,17.14,93.82,67.1,13.15,9.26,98.02,85.29,66.12,19.83,12.4,7.93,3.14,0.17,0.33,7.44,14.05,6.61,1.16,17.02,10.91,9.59,7.11,1.49,20.33,7.93,9.09,6.78,3.8,2.81,0.17,28.43,0.66,14.05,4.96,0.99,2.15,2.31,1.16,3.47,4.79,3.8,0.83,2.31,1.82,7.11,2.15,0.33,1.16,4.96,0.83,2.15,1.32,0.83,0.99,14.05,11.24,2.48,6.45,4.3,5.45,6.78,2.31,3.14,"Center"
"Youtube/5146.mp3","Jakob Poeltl","jakob poeltl",2026-03-03,2026,"2025-10-21","2026-06-13",30.3819301848049,84,253,2016,1,9,"2016-10-26",2016,TRUE,"C",20,8,1,"Injury/Illness - Back; Lower back strain - injury management","back","strain",7,2,552,24.35,75.92,56.51,57.03,14.53,9.78,96.2,83.88,66.49,21.01,13.77,3.8,4.71,0.72,3.08,7.25,14.67,6.7,0.91,15.58,8.7,9.24,6.7,2.36,18.66,3.99,7.97,6.34,4.89,0.72,0.72,25.91,0.54,15.58,3.8,1.45,2.17,4.35,1.81,3.26,4.17,3.26,0.91,1.09,0.91,11.78,1.63,0.18,0.91,10.33,1.63,3.26,2.72,0.54,2.72,10.51,9.06,1.63,6.52,3.62,3.99,5.98,0.36,1.99,"Center"
"Youtube/5184.mp3","Jakob Poeltl","jakob poeltl",2026-02-11,2026,"2025-10-21","2026-06-13",30.3271731690623,84,253,2016,1,9,"2016-10-26",2016,TRUE,"C",13,2,1,"Injury/Illness - Back; Lower - strain - injury management","back","strain",6,0,547,34.67,65.9,89.54,60.44,14.78,10.05,96.16,82.08,62.71,19.01,12.25,5.67,3.47,1.83,1.28,6.76,12.07,6.4,0.55,16.64,9.87,9.32,5.85,0.73,20.48,6.95,4.57,7.86,4.75,2.19,0.91,25.96,0.91,14.26,4.02,0.91,2.01,2.01,1.83,3.47,4.02,3.29,0.73,1.83,1.46,10.42,2.38,1.1,0.55,8.96,0.55,2.56,1.46,0.91,1.83,14.08,10.97,2.01,7.68,4.2,3.11,6.03,1.46,2.56,"Center"
"Youtube/5335.mp3","Jakob Poeltl","jakob poeltl",2025-11-11,2026,"2025-10-21","2026-06-13",30.0752908966461,84,253,2016,1,9,"2016-10-26",2016,TRUE,"C",42,14,1,"Injury/Illness - Low Back; Strain","back","strain",11,2,602,28.83,63.65,81.65,53.71,17.2,12.79,96.01,82.39,63.95,17.77,11.46,4.49,2.99,1.83,0.33,6.31,10.8,6.48,0.5,16.94,10.96,9.47,7.81,1.33,20.27,7.48,5.81,5.48,3.32,1.99,0.17,31.4,1.83,16.78,5.48,1.16,1.66,4.15,1.83,3.65,4.49,3.32,1.16,1.66,1.16,9.8,1.16,0,0.66,8.64,1.83,2.66,1.33,1,0.83,10.96,7.81,1.99,5.81,5.15,4.65,5.32,1.66,2.33,"Center"
"Youtube/6158.mp3","Jakob Poeltl","jakob poeltl",2026-02-25,2026,"2025-10-21","2026-06-13",30.3655030800821,84,253,2016,1,9,"2016-10-26",2016,TRUE,"C",26,10,1,"Injury/Illness - Back; Lower back strain - injury management","back","strain",1,0,417,25.07,82.65,74.93,93.72,13.9,11.27,94.48,81.29,61.15,21.1,15.35,5.52,7.19,0.48,0.96,5.76,11.03,5.28,0.24,16.31,8.39,8.87,7.19,1.44,19.66,6.47,2.64,10.31,8.15,1.2,0.96,28.78,0.24,16.79,5.28,1.44,1.68,1.92,3.36,3.36,6,5.76,0.24,1.44,1.2,12.23,2.16,0.72,0.96,10.55,1.2,3.36,2.64,0.48,1.92,11.51,6.47,1.2,3.6,5.76,3.12,6.47,1.68,4.08,"Center"
"Youtube/973.mp3","Jakob Poeltl","jakob poeltl",2025-11-04,2026,"2025-10-21","2026-06-13",30.0561259411362,84,253,2016,1,9,"2016-10-26",2016,TRUE,"C",49,16,1,"Injury/Illness - Low Back; Strain","back","strain",4,0,605,25.39,17.14,93.82,67.1,13.44,9.26,98.02,85.29,66.12,19.83,12.4,7.93,3.14,0.17,0.33,7.44,14.05,6.61,1.16,17.02,10.91,9.59,7.11,1.49,20.33,7.93,9.09,6.78,3.8,2.81,0.17,28.43,0.66,14.05,4.96,0.99,2.15,2.31,1.16,3.47,4.79,3.8,0.83,2.31,1.82,7.11,2.15,0.33,1.16,4.96,0.83,2.15,1.32,0.83,0.99,14.05,11.24,2.48,6.45,4.3,5.45,6.78,2.31,3.14,"Center"
"Youtube/1343.mp3","Evan Fournier","evan fournier",2021-01-31,2021,"2020-12-22","2021-07-20",28.2573579739904,78,205,2012,1,20,"2012-10-31",2012,FALSE,"SG",9,2,1,"Injury/Illness - Low Back; Spasms","back","spasm",13,6,401,6.63,98.64,77.01,67.37,11.46,9.48,96.76,83.54,65.09,28.43,19.2,4.74,8.23,4.49,1.25,9.23,9.73,4.74,0.25,13.47,10.97,6.98,5.49,2.74,23.44,4.74,3.24,11.47,8.48,1.5,1.5,31.67,2.24,18.45,8.48,1.25,2.74,2.24,2.49,3.74,5.49,4.24,1.25,2,1.25,15.21,0.25,0,0.25,14.96,0.5,1.75,1,0.5,0.75,18.2,6.23,1.75,2.24,4.49,3.24,7.48,4.74,2.99,"Guard"
"Youtube/5069.mp3","Evan Fournier","evan fournier",2023-02-05,2023,"2022-10-18","2023-06-12",30.2696783025325,78,205,2012,1,20,"2012-10-31",2012,FALSE,"SG",286,6,1,"Injury/Illness - Right Ankle; Inflammation","ankle","inflammation",393,63,514,3.53,36.72,97.32,95.24,8.71,8.95,96.11,79.38,59.73,25.88,17.32,9.73,0.39,5.45,0.58,8.56,10.89,5.25,0.58,9.34,12.84,6.61,6.81,2.92,26.07,4.86,1.75,4.67,1.36,2.92,0.39,33.66,1.17,18.87,9.14,2.72,1.75,1.36,1.36,3.11,7.59,6.61,0.78,3.11,2.92,11.48,2.14,0.78,1.17,9.53,1.95,1.95,1.17,0.58,0.78,16.73,7.2,1.56,3.5,4.67,3.5,8.75,1.95,2.53,"Guard"
"Youtube/5223.mp3","Evan Fournier","evan fournier",2023-02-05,2023,"2022-10-18","2023-06-12",30.2696783025325,78,205,2012,1,20,"2012-10-31",2012,FALSE,"SG",286,6,1,"Injury/Illness - Right Ankle; Inflammation","ankle","inflammation",393,63,514,3.41,36.72,97.53,95.24,9.02,8.95,96.11,79.57,59.92,25.88,17.32,9.73,0.39,5.45,0.58,8.56,10.89,5.25,0.58,9.34,12.84,6.81,6.81,2.92,26.07,4.86,1.75,4.67,1.36,2.92,0.39,33.85,1.17,19.07,9.34,2.92,1.75,1.36,1.36,3.11,7.59,6.61,0.78,3.11,2.92,11.48,2.14,0.78,1.17,9.53,1.95,1.95,1.17,0.58,0.78,16.73,7,1.56,3.5,4.67,3.5,8.75,1.95,2.53,"Guard"
"Youtube/5982.mp3","Evan Fournier","evan fournier",2023-02-05,2023,"2022-10-18","2023-06-12",30.2696783025325,78,205,2012,1,20,"2012-10-31",2012,FALSE,"SG",286,6,1,"Injury/Illness - Right Ankle; Inflammation","ankle","inflammation",393,63,573,3.11,38.04,96.95,97.75,8.68,8.55,96.51,79.58,59.51,25.48,16.93,9.42,0.7,5.24,0.52,8.55,11.17,4.89,0.7,9.08,12.74,7.33,6.46,3.14,25.65,5.41,2.27,4.54,1.57,2.62,0.35,33.68,1.22,18.5,9.25,2.62,1.75,1.22,1.22,2.97,8.55,7.5,0.87,3.49,3.32,11.87,2.62,0.87,1.4,9.42,1.75,1.92,1.22,0.52,0.87,17.1,7.33,1.4,3.49,4.71,3.32,9.08,1.75,2.44,"Guard"
"Youtube/1354.mp3","Deni Avdija","deni avdija",2026-03-27,2026,"2025-10-21","2026-06-13",25.2265571526352,80,228,2020,1,9,"2020-12-24",2020,TRUE,"F",32,13,0,NA,NA,NA,48,16,433,1.74,92.67,86.7,60.13,8.33,10.85,95.61,83.6,63.97,26.56,18.71,6.47,8.08,1.85,2.08,7.85,9.93,3.23,0.23,11.09,15.01,8.31,6.7,2.31,27.02,6.7,3.46,12.01,9.47,2.31,0.69,33.95,2.08,17.32,6.47,0.92,3.7,1.85,1.85,3.7,4.39,3.46,0.92,1.62,1.15,15.24,2.31,1.15,0.92,13.86,0.69,2.54,2.08,0.23,0.69,13.86,8.08,1.85,5.77,3.93,3,11.09,3.23,5.31,"Forward"
"Youtube/1662.mp3","Deni Avdija","deni avdija",2025-12-23,2026,"2025-10-21","2026-06-13",24.9691991786448,80,228,2020,1,9,"2020-12-24",2020,TRUE,"F",25,10,1,"Injury/Illness - Lower Back; Strain","back","strain",254,29,543,7.52,70.99,86.94,51.42,13.24,8.29,96.5,85.08,65.75,23.02,17.31,8.1,4.97,2.39,1.29,5.71,12.34,4.6,0.74,14.92,12.15,8.66,9.58,1.66,24.86,7.92,3.5,8.66,5.89,2.03,0.74,30.2,1.84,15.65,5.71,1.84,1.47,2.03,2.21,2.95,5.34,3.68,1.66,1.47,1.1,14.18,3.87,1.1,1.47,10.68,0.92,1.84,0.74,0.92,1.66,15.47,7,1.66,4.6,3.31,2.76,8.29,2.21,2.39,"Forward"
"Youtube/2201.mp3","Deni Avdija","deni avdija",2026-04-21,2026,"2025-10-21","2026-06-13",25.2950034223135,80,228,2020,1,9,"2020-12-24",2020,TRUE,"F",7,3,0,NA,NA,NA,73,26,841,11.93,99,50.53,90.46,11.21,11.06,96.91,83.71,62.31,25.45,19.98,4.4,3.8,4.76,0.95,5.47,12.01,6.06,1.07,12.01,13.32,4.52,6.06,0.83,26.04,7.61,4.64,6.78,4.16,2.02,1.07,29.96,1.31,13.2,7.25,0.71,0.71,1.55,0.71,2.5,6.66,5.71,0.71,2.38,1.66,18.31,1.66,0.36,0.48,16.77,6.06,3.21,1.78,1.31,1.43,14.27,10.34,1.19,5.95,3.57,6.42,8.09,1.78,2.5,"Forward"
"Youtube/2557.mp3","Deni Avdija","deni avdija",2026-04-26,2026,"2025-10-21","2026-06-13",25.3086926762491,80,228,2020,1,9,"2020-12-24",2020,TRUE,"F",2,1,0,NA,NA,NA,78,28,397,3.62,93.7,57.38,86.69,9.45,8.06,94.21,82.87,64.48,27.2,21.16,6.3,5.79,2.77,2.02,6.05,12.34,5.79,1.01,10.08,15.87,3.27,7.3,2.52,27.46,7.56,3.78,7.56,5.79,0.5,1.51,28.97,0.5,12.85,5.79,1.76,1.51,0.25,0,3.02,6.05,5.29,0.76,1.01,0.76,17.38,2.27,0.25,0.5,15.11,4.03,3.53,3.27,0,0.5,10.58,7.05,2.27,4.53,2.77,4.53,9.82,2.52,3.02,"Forward"
"Youtube/2577.mp3","Deni Avdija","deni avdija",2025-01-05,2025,"2024-10-22","2025-06-22",24.0054757015743,80,228,2020,1,9,"2020-12-24",2020,TRUE,"F",9,4,1,"Injury/Illness - Right Ankle; Sprain","ankle","sprain",292,46,456,14.93,74.98,87.07,99,10.6,11.84,96.05,80.7,61.4,21.49,14.25,5.92,5.04,2.19,0,7.24,11.84,6.8,0.66,11.62,10.09,6.8,8.55,1.75,21.93,5.92,4.39,9.87,5.48,3.73,1.1,26.97,1.97,14.04,6.58,0.66,1.1,1.32,1.1,3.73,8.33,8.11,0,2.63,2.41,13.16,3.07,1.32,0.88,10.31,1.75,5.04,3.73,1.1,0.22,13.38,8.55,1.32,5.7,3.29,4.17,8.11,0.88,2.41,"Forward"
"Youtube/2899.mp3","Deni Avdija","deni avdija",2026-04-19,2026,"2025-10-21","2026-06-13",25.2895277207392,80,228,2020,1,9,"2020-12-24",2020,TRUE,"F",9,4,0,NA,NA,NA,71,25,475,6.42,83.78,82.96,90.88,10.11,10.53,95.16,81.89,64.63,26.32,20.42,7.16,7.16,3.58,1.68,5.89,14.11,5.89,0.63,10.32,12.21,5.05,5.26,4,23.16,7.37,5.05,8.84,7.58,0.42,1.05,28,0.84,17.26,7.16,0.21,1.26,1.47,2.53,5.47,6.11,5.47,0.42,2.11,1.68,15.58,1.89,0.84,0.84,14.11,0.84,4,3.37,0.63,0.21,13.47,7.16,0.42,3.58,1.68,5.68,7.37,0.84,1.26,"Forward"
"Youtube/3197.mp3","Deni Avdija","deni avdija",2026-04-19,2026,"2025-10-21","2026-06-13",25.2895277207392,80,228,2020,1,9,"2020-12-24",2020,TRUE,"F",9,4,0,NA,NA,NA,71,25,475,6.42,83.78,82.96,90.88,10.11,10.53,95.16,81.89,64.63,26.32,20.42,7.16,7.16,3.58,1.68,5.89,14.11,5.89,0.63,10.32,12.21,5.05,5.26,4,23.16,7.37,5.05,8.84,7.58,0.42,1.05,28,0.84,17.26,7.16,0.21,1.26,1.47,2.53,5.47,6.11,5.47,0.42,2.11,1.68,15.58,1.89,0.84,0.84,14.11,0.84,4,3.37,0.63,0.21,13.47,7.16,0.42,3.58,1.68,5.68,7.37,0.84,1.26,"Forward"
"Youtube/3452.mp3","Deni Avdija","deni avdija",2026-04-14,2026,"2025-10-21","2026-06-13",25.2758384668036,80,228,2020,1,9,"2020-12-24",2020,TRUE,"F",14,5,0,NA,NA,NA,66,24,766,15.36,70.38,86.32,84.49,12.77,11.62,93.99,80.29,62.14,20.89,15.4,6.79,5.35,1.31,1.31,5.48,11.75,6.66,0.91,11.88,9.66,6.53,9.79,1.7,22.98,4.44,2.35,9.66,6.53,2.48,0.65,25.98,0.91,13.58,5.61,1.04,1.31,2.22,0.91,2.87,6.14,5.22,0.91,1.7,1.17,12.53,3.26,0.78,1.17,9.92,0.78,3,2.09,0.52,0.65,12.79,9.4,2.09,4.7,4.05,8.49,5.48,1.44,2.48,"Forward"
"Youtube/3565.mp3","Deni Avdija","deni avdija",2026-04-14,2026,"2025-10-21","2026-06-13",25.2758384668036,80,228,2020,1,9,"2020-12-24",2020,TRUE,"F",14,5,0,NA,NA,NA,66,24,765,15.29,70.41,85.38,84.55,12.75,11.5,93.99,80.39,62.22,20.92,15.42,6.8,5.36,1.31,1.31,5.49,11.76,6.67,0.92,11.9,9.67,6.54,9.8,1.7,23.01,4.44,2.35,9.67,6.54,2.48,0.65,26.01,0.92,13.59,5.62,1.05,1.31,2.22,0.92,2.88,6.14,5.23,0.92,1.7,1.18,12.55,3.27,0.78,1.18,9.93,0.78,3.01,2.09,0.52,0.65,12.81,9.28,1.96,4.58,4.05,8.37,5.49,1.44,2.48,"Forward"
"Youtube/3874.mp3","Deni Avdija","deni avdija",2025-01-05,2025,"2024-10-22","2025-06-22",24.0054757015743,80,228,2020,1,9,"2020-12-24",2020,TRUE,"F",9,4,1,"Injury/Illness - Right Ankle; Sprain","ankle","sprain",292,46,457,14.67,74.91,86.86,99,9.93,11.82,96.06,80.74,61.49,21.66,14.22,5.91,5.03,2.19,0,7.44,11.82,6.78,0.66,11.6,10.07,6.78,8.53,1.75,21.88,5.91,4.38,9.85,5.47,3.72,1.09,26.91,1.97,14,6.56,0.66,1.09,1.31,1.09,3.72,8.32,8.1,0,2.63,2.41,13.13,3.06,1.31,0.88,10.28,1.75,5.03,3.72,1.09,0.22,13.35,8.53,1.31,5.69,3.28,4.16,8.1,0.88,2.41,"Forward"
"Youtube/4168.mp3","Deni Avdija","deni avdija",2026-04-26,2026,"2025-10-21","2026-06-13",25.3086926762491,80,228,2020,1,9,"2020-12-24",2020,TRUE,"F",2,1,0,NA,NA,NA,78,28,397,3.62,93.7,57.38,86.69,9.45,8.06,94.21,82.87,64.48,27.2,21.16,6.3,5.79,2.77,2.02,6.05,12.34,5.79,1.01,10.08,15.87,3.27,7.3,2.52,27.46,7.56,3.78,7.56,5.79,0.5,1.51,28.97,0.5,12.85,5.79,1.76,1.51,0.25,0,3.02,6.05,5.29,0.76,1.01,0.76,17.38,2.27,0.25,0.5,15.11,4.03,3.53,3.27,0,0.5,10.58,7.05,2.27,4.53,2.77,4.53,9.82,2.52,3.02,"Forward"
"Youtube/4202.mp3","Deni Avdija","deni avdija",2026-01-27,2026,"2025-10-21","2026-06-13",25.0650239561944,80,228,2020,1,9,"2020-12-24",2020,TRUE,"F",5,1,1,"Injury/Illness - Low Back; Strain","back","strain",1,0,353,14.36,50.18,97.43,89.1,11.39,9.07,96.88,85.55,64.87,21.81,17.28,8.5,3.12,4.25,1.42,4.53,13.6,8.5,0.28,11.33,12.46,6.52,7.08,2.55,25.5,8.5,3.12,5.95,3.4,2.55,0,27.76,1.7,18.41,8.22,2.55,2.83,0.85,0.57,3.68,5.67,5.1,0.28,1.13,0.57,11.9,2.83,0.57,0.57,9.07,0,2.83,2.27,0,0.28,17.28,10.48,2.27,6.8,2.27,3.68,9.92,0.57,1.7,"Forward"
"Youtube/4461.mp3","Deni Avdija","deni avdija",2026-02-15,2026,"2025-10-21","2026-06-13",25.1170431211499,80,228,2020,1,9,"2020-12-24",2020,TRUE,"F",72,26,0,NA,NA,NA,8,2,501,5.11,93.96,54.64,85.32,9.11,7.19,95.01,84.63,65.07,22.55,14.97,4.59,2.99,5.59,1,7.58,11.58,4.99,0.8,10.58,12.77,10.38,7.19,0.8,23.15,8.58,4.39,8.18,3.59,4.39,2,29.14,1.4,14.97,5.19,0.8,2.4,1.6,2,3.39,5.19,4.79,0.4,2.59,2.4,13.77,1.8,0,0.6,12.18,0.8,4.39,3.59,0.6,0.6,13.57,9.18,2,5.19,1.6,7.39,5.39,2.2,3.59,"Forward"
"Youtube/4625.mp3","Deni Avdija","deni avdija",2026-01-09,2026,"2025-10-21","2026-06-13",25.015742642026,80,228,2020,1,9,"2020-12-24",2020,TRUE,"F",8,1,1,"Injury/Illness - Lower Back; Strain","back","strain",271,38,759,6.3,25.83,93.22,86.18,10.54,8.56,97.23,83.4,64.95,26.35,18.58,10.94,2.9,2.37,1.19,7.77,11.73,5.93,0.53,13.31,13.83,6.46,7.51,1.84,24.9,6.98,3.43,9.09,4.74,3.03,1.32,29.64,1.05,13.57,4.22,2.64,1.45,2.11,1.19,4.22,5.93,5.01,0.53,2.11,1.45,13.44,4.87,1.58,1.71,9.09,1.71,3.29,2.24,0.66,0.66,12.12,8.04,1.71,4.87,2.9,4.48,10.14,1.84,2.5,"Forward"
"Youtube/60.mp3","Deni Avdija","deni avdija",2026-01-09,2026,"2025-10-21","2026-06-13",25.015742642026,80,228,2020,1,9,"2020-12-24",2020,TRUE,"F",8,1,1,"Injury/Illness - Lower Back; Strain","back","strain",271,38,760,6.35,25.84,93.14,86.12,10.56,8.55,97.24,83.42,64.87,26.32,18.55,10.92,2.89,2.37,1.18,7.76,11.71,5.92,0.53,13.29,13.82,6.45,7.5,1.84,24.87,6.97,3.42,9.08,4.74,3.03,1.32,29.61,1.05,13.55,4.21,2.63,1.45,2.11,1.18,4.21,5.92,5,0.53,2.11,1.45,13.42,4.87,1.58,1.71,9.08,1.71,3.29,2.24,0.66,0.66,12.11,8.03,1.71,4.87,2.89,4.47,10.13,1.84,2.63,"Forward"
"Youtube/6036.mp3","Deni Avdija","deni avdija",2026-02-15,2026,"2025-10-21","2026-06-13",25.1170431211499,80,228,2020,1,9,"2020-12-24",2020,TRUE,"F",72,26,0,NA,NA,NA,8,2,501,5.11,93.96,54.64,85.32,9.11,7.19,95.01,84.63,65.07,22.55,14.97,4.59,2.99,5.59,1,7.58,11.58,4.99,0.8,10.58,12.77,10.38,7.19,0.8,23.15,8.58,4.39,8.18,3.59,4.39,2,29.14,1.4,14.97,5.19,0.8,2.4,1.6,2,3.39,5.19,4.79,0.4,2.59,2.4,13.77,1.8,0,0.6,12.18,0.8,4.39,3.59,0.6,0.6,13.57,9.18,2,5.19,1.6,7.39,5.39,2.2,3.59,"Forward"
"Youtube/702.mp3","Deni Avdija","deni avdija",2026-04-21,2026,"2025-10-21","2026-06-13",25.2950034223135,80,228,2020,1,9,"2020-12-24",2020,TRUE,"F",7,3,0,NA,NA,NA,73,26,841,11.93,99,50.53,90.46,11.21,11.06,96.91,83.71,62.31,25.45,19.98,4.4,3.8,4.76,0.95,5.47,12.01,6.06,1.07,12.01,13.32,4.52,6.06,0.83,26.04,7.61,4.64,6.78,4.16,2.02,1.07,29.96,1.31,13.2,7.25,0.71,0.71,1.55,0.71,2.5,6.66,5.71,0.71,2.38,1.66,18.31,1.66,0.36,0.48,16.77,6.06,3.21,1.78,1.31,1.43,14.27,10.34,1.19,5.95,3.57,6.42,8.09,1.78,2.5,"Forward"
"Youtube/1372.mp3","Jalen Smith","jalen smith",2022-02-12,2022,"2021-10-19","2022-06-16",21.9110198494182,80,215,2020,1,10,"2020-12-24",2020,TRUE,"F",627,92,1,"Injury/Illness - Left Knee; Capsular Sprain","knee","sprain",405,61,975,11.34,24.2,89.48,78.66,12.19,9.23,94.46,80.62,64.21,20.21,13.74,8.51,1.13,2.15,0.82,6.46,13.54,4,1.33,12.82,8.31,11.28,7.69,1.85,19.18,5.54,6.05,5.33,1.95,2.77,0.62,29.03,2.67,14.56,4.1,1.23,2.26,2.46,2.56,2.56,4.62,4.1,0.31,1.23,0.92,10.26,3.69,1.03,1.64,6.77,1.64,2.56,1.33,1.13,1.23,12.72,9.03,1.85,6.77,4.51,6.05,3.79,2.05,1.85,"Forward"
"Youtube/2108.mp3","Jalen Smith","jalen smith",2022-02-12,2022,"2021-10-19","2022-06-16",21.9110198494182,80,215,2020,1,10,"2020-12-24",2020,TRUE,"F",627,92,1,"Injury/Illness - Left Knee; Capsular Sprain","knee","sprain",405,61,972,11.19,24.16,89.05,78.81,12,9.26,94.34,80.56,64.09,20.06,13.68,8.44,1.13,2.16,0.82,6.38,13.37,3.91,1.34,12.86,8.44,11.32,7.72,1.85,19.44,5.45,6.07,5.35,1.95,2.78,0.62,29.32,2.67,14.61,4.12,1.23,2.37,2.47,2.57,2.57,4.63,4.12,0.31,1.23,0.93,10.29,3.81,1.03,1.65,6.69,1.54,2.57,1.34,1.13,1.23,12.65,9.05,1.85,6.79,4.53,6.17,4.01,1.95,1.85,"Forward"
"Youtube/3070.mp3","Jalen Smith","jalen smith",2022-02-12,2022,"2021-10-19","2022-06-16",21.9110198494182,80,215,2020,1,10,"2020-12-24",2020,TRUE,"F",627,92,1,"Injury/Illness - Left Knee; Capsular Sprain","knee","sprain",405,61,970,11.24,23.19,89.22,78.91,12.6,9.28,94.33,80.41,64.02,19.9,13.4,8.25,1.03,2.16,0.82,6.49,13.71,4.12,1.34,12.68,8.35,11.24,7.84,2.06,19.18,5.57,6.08,5.26,1.86,2.78,0.62,29.18,2.68,14.64,4.02,1.44,2.16,2.47,2.47,2.68,4.64,4.12,0.31,1.24,0.93,10.21,3.71,1.03,1.65,6.7,1.65,2.58,1.34,1.13,1.13,12.78,9.07,1.86,6.8,4.54,5.98,3.92,1.96,1.75,"Forward"
"Youtube/1415.mp3","Tony Bradley","tony bradley",2026-04-16,2026,"2025-10-21","2026-06-13",28.2683093771389,82,248,2017,1,28,"2017-10-25",2017,FALSE,"C",14,4,0,NA,NA,NA,1816,142,407,11.45,4.88,91.82,94.4,7.54,8.6,96.56,84.28,61.92,17.94,10.81,7.37,0,1.23,0.49,7.13,15.23,5.65,1.72,10.81,10.07,11.79,6.39,2.7,19.41,11.3,8.35,2.95,0.98,1.72,0.25,27.76,0.98,14.25,3.19,0.98,1.72,2.7,0.49,4.91,7.37,6.39,0.74,1.97,1.47,5.65,1.23,0.74,0.25,4.42,1.47,2.7,1.72,0.74,0.49,11.55,8.35,1.97,4.91,6.63,3.69,6.88,1.72,4.91,"Center"
"Youtube/5846.mp3","Tony Bradley","tony bradley",2026-04-16,2026,"2025-10-21","2026-06-13",28.2683093771389,82,248,2017,1,28,"2017-10-25",2017,FALSE,"C",14,4,0,NA,NA,NA,1816,142,406,10.64,4.85,92,95.54,7.96,8.62,96.8,84.48,62.32,18.23,11.08,7.64,0,1.23,0.49,7.14,15.02,5.67,1.72,10.84,10.34,11.82,6.4,2.71,19.7,11.33,8.62,2.96,0.99,1.72,0.25,27.83,0.99,14.04,3.2,0.99,1.72,2.71,0.49,4.68,7.64,6.65,0.74,1.97,1.48,5.67,1.23,0.74,0.25,4.43,1.48,2.96,1.97,0.74,0.49,11.58,8.37,1.97,4.93,6.65,3.69,7.14,1.72,4.43,"Center"
"Youtube/5875.mp3","Tony Bradley","tony bradley",2026-04-16,2026,"2025-10-21","2026-06-13",28.2683093771389,82,248,2017,1,28,"2017-10-25",2017,FALSE,"C",14,4,0,NA,NA,NA,1816,142,406,10.98,4.5,92.63,95.54,7.81,8.62,96.8,84.48,62.32,17.98,10.84,7.64,0,1.23,0.49,7.14,15.27,5.91,1.72,10.84,10.59,11.82,6.4,2.71,19.95,11.33,8.37,2.96,0.99,1.72,0.25,28.08,0.99,14.04,3.2,0.99,1.72,2.71,0.49,4.68,7.64,6.65,0.74,1.97,1.48,5.42,1.23,0.74,0.25,4.19,1.48,2.96,1.97,0.74,0.49,11.58,8.37,1.97,4.93,6.65,3.69,7.39,1.72,4.68,"Center"
"Youtube/823.mp3","Tony Bradley","tony bradley",2026-04-16,2026,"2025-10-21","2026-06-13",28.2683093771389,82,248,2017,1,28,"2017-10-25",2017,FALSE,"C",14,4,0,NA,NA,NA,1816,142,406,10.98,4.5,92.63,95.54,7.81,8.62,96.8,84.48,62.32,17.98,10.84,7.64,0,1.23,0.49,7.14,15.27,5.91,1.72,10.84,10.59,11.82,6.4,2.71,19.95,11.33,8.37,2.96,0.99,1.72,0.25,28.08,0.99,14.04,3.2,0.99,1.72,2.71,0.49,4.68,7.64,6.65,0.74,1.97,1.48,5.42,1.23,0.74,0.25,4.19,1.48,2.96,1.97,0.74,0.49,11.58,8.37,1.97,4.93,6.65,3.69,7.39,1.72,4.68,"Center"
"Youtube/1460.mp3","Trey Burke","trey burke",2020-08-11,2020,"2019-10-22","2020-10-11",27.7453798767967,72,185,2013,1,9,"2013-11-21",2013,FALSE,"PG",237,54,1,"Injury/Illness - Left Calf; Strain","calf","strain",273,29,559,23.43,88.03,88.32,32.65,13.98,7.33,95.71,83.72,64.4,21.47,15.03,5.19,1.07,6.08,0.18,6.44,14.49,7.69,0.36,13.95,10.02,7.69,7.87,0.72,25.58,4.29,3.22,5.55,1.97,2.86,0.89,28.09,0.89,15.03,6.8,1.25,1.79,2.33,0.89,3.94,3.04,1.97,1.07,0.72,0.36,14.85,3.58,0.89,1.25,12.16,3.58,1.97,1.25,0.18,0.89,10.38,10.02,3.04,6.8,3.22,4.65,5.9,3.58,2.15,"Guard"
"Youtube/2503.mp3","Trey Burke","trey burke",2020-08-11,2020,"2019-10-22","2020-10-11",27.7453798767967,72,185,2013,1,9,"2013-11-21",2013,FALSE,"PG",237,54,1,"Injury/Illness - Left Calf; Strain","calf","strain",273,29,544,24.32,88.78,87.46,35.91,14.32,7.35,95.59,83.82,64.15,21.14,14.89,5.15,1.1,6.07,0,6.25,14.89,7.9,0.37,13.79,9.93,7.9,7.72,0.74,25.74,4.41,3.31,5.7,2.02,2.94,0.92,28.13,0.92,14.89,6.99,1.29,1.84,1.84,0.92,3.68,3.31,2.21,1.1,0.74,0.37,14.71,3.49,1.1,1.1,12.13,3.68,2.02,1.29,0.18,0.92,10.48,10.11,2.94,6.99,3.13,4.41,6.07,3.31,2.21,"Guard"
"Youtube/5562.mp3","Trey Burke","trey burke",2020-08-11,2020,"2019-10-22","2020-10-11",27.7453798767967,72,185,2013,1,9,"2013-11-21",2013,FALSE,"PG",237,54,1,"Injury/Illness - Left Calf; Strain","calf","strain",273,29,559,23.43,88.03,88.32,32.65,13.98,7.33,95.71,83.72,64.4,21.47,15.03,5.19,1.07,6.08,0.18,6.44,14.49,7.69,0.36,13.95,10.02,7.69,7.87,0.72,25.58,4.29,3.22,5.55,1.97,2.86,0.89,28.09,0.89,15.03,6.8,1.25,1.79,2.33,0.89,3.94,3.04,1.97,1.07,0.72,0.36,14.85,3.58,0.89,1.25,12.16,3.58,1.97,1.25,0.18,0.89,10.38,10.02,3.04,6.8,3.22,4.65,5.9,3.58,2.15,"Guard"
"Youtube/1535.mp3","Blake Wesley","blake wesley",2026-02-01,2026,"2025-10-21","2026-06-13",22.8829568788501,76,190,2022,1,25,"2022-10-20",2022,FALSE,"G",86,28,0,NA,NA,NA,2,0,504,7.55,7.83,99,86.96,8,9.92,95.24,81.35,63.29,21.23,15.87,12.3,2.78,0.4,0.2,5.36,12.1,5.36,3.17,13.1,12.5,9.33,8.93,1.98,23.02,6.75,6.35,5.36,4.56,0.79,0.2,25,1.39,8.53,3.97,0.6,0.99,0.4,0.4,3.17,5.75,5.16,0.6,1.98,1.98,8.93,2.98,1.19,0.99,6.55,0.79,1.79,0.99,0.4,2.18,15.48,12.1,2.58,6.35,5.95,5.36,7.74,2.58,2.98,"Guard"
"Youtube/3442.mp3","Blake Wesley","blake wesley",2026-02-01,2026,"2025-10-21","2026-06-13",22.8829568788501,76,190,2022,1,25,"2022-10-20",2022,FALSE,"G",86,28,0,NA,NA,NA,2,0,505,7.2,7.45,99,86.88,7.65,9.9,95.25,81.58,63.56,21.39,16.04,12.48,2.77,0.4,0.2,5.35,12.08,5.35,3.17,13.07,12.48,9.31,9.11,1.98,22.97,6.73,6.34,5.35,4.55,0.79,0.2,24.75,1.39,8.51,3.96,0.59,0.99,0.4,0.4,3.17,5.74,5.15,0.59,1.98,1.98,8.91,2.97,1.19,0.99,6.53,0.79,1.78,0.99,0.4,2.18,15.25,12.08,2.57,6.34,5.74,5.35,7.72,2.57,2.97,"Guard"
"Youtube/1579.mp3","Jared McCain","jared mccain",2026-02-20,2026,"2025-10-21","2026-06-13",22.0013689253936,75,195,2024,1,16,"2024-10-23",2024,TRUE,"G",99,40,0,NA,NA,NA,313,42,711,7.32,37.63,91.65,94.95,13.42,10.41,96.91,83.12,65.68,22.5,15.05,8.44,1.27,2.39,0.84,7.45,10.41,3.94,0.84,15.05,11.39,9.99,10.13,0.7,22.64,5.49,2.11,5.91,1.69,3.66,0.84,27,0.84,13.64,5.06,1.27,1.13,2.95,1.83,2.81,6.33,6.05,0.28,2.25,2.11,9.56,1.69,0.42,0.42,7.88,2.53,3.66,1.69,1.41,1.55,13.22,9.42,2.95,6.75,2.67,3.38,7.31,1.13,1.83,"Guard"
"Youtube/4386.mp3","Jared McCain","jared mccain",2026-02-27,2026,"2025-10-21","2026-06-13",22.0205338809035,75,195,2024,1,16,"2024-10-23",2024,TRUE,"G",92,36,0,NA,NA,NA,320,46,905,13.41,51.92,75.88,72.19,13.92,11.27,95.03,82.32,64.75,20.66,11.6,5.19,0.33,3.54,0.66,9.06,13.7,6.96,0.66,12.27,12.27,8.62,7.96,0.88,22.43,6.41,2.76,5.08,1.22,2.21,1.88,26.52,0.66,13.92,4.86,1.99,0.77,1.33,1.33,3.87,4.53,3.76,0.44,2.1,1.66,9.72,2.21,0.99,0.77,8.07,1.99,3.31,1.99,1.1,1.22,10.28,8.95,2.65,5.75,2.32,3.43,7.4,1.22,2.87,"Guard"
"Youtube/5537.mp3","Jared McCain","jared mccain",2026-05-22,2026,"2025-10-21","2026-06-13",22.2505133470226,75,195,2024,1,16,"2024-10-23",2024,TRUE,"G",8,4,0,NA,NA,NA,404,78,1466,7.01,10.24,94.38,75.44,13.45,10.57,95.98,84.04,66.23,22.1,14.46,9.96,1.23,0.82,0.61,7.64,11.66,4.09,0.89,13.78,10.23,8.25,11.19,2.11,22.24,5.05,3.14,6.28,2.32,3,1.3,25.99,2.59,13.3,5.25,0.61,1.64,1.98,1.16,2.86,4.91,4.09,0.55,1.71,1.36,9.69,3.62,1.09,1.09,6.28,1.98,2.59,1.23,0.95,1.77,12.28,8.32,1.91,5.8,4.37,3.89,5.8,1.43,2.66,"Guard"
"Youtube/6185.mp3","Jared McCain","jared mccain",2026-02-11,2026,"2025-10-21","2026-06-13",21.9767282683094,75,195,2024,1,16,"2024-10-23",2024,TRUE,"G",108,42,0,NA,NA,NA,304,40,691,11.9,48.66,77.52,96.65,12.34,9.26,95.51,83.79,67.73,23.59,15.05,8.54,1.59,1.88,2.03,8.54,13.6,6.51,0.43,14.04,11,9.41,8.25,0.43,20.98,5.93,3.04,7.96,5.21,2.17,0.87,22.14,0.87,10.27,3.91,1.01,1.59,1.3,1.45,1.74,6.8,6.51,0.29,1.45,1.45,13.75,5.79,3.04,1.01,8.68,1.01,1.88,0.72,0.72,1.01,12.16,8.97,1.3,6.51,2.89,2.89,7.81,1.16,3.33,"Guard"
"Youtube/723.mp3","Jared McCain","jared mccain",2026-03-23,2026,"2025-10-21","2026-06-13",22.0862422997947,75,195,2024,1,16,"2024-10-23",2024,TRUE,"G",68,25,0,NA,NA,NA,344,57,1777,8.97,29.46,91.43,88.84,12.97,9.12,96.4,82.05,66.97,19.64,12.55,7.43,1.35,1.41,1.52,7.09,11.76,5.46,1.24,14.18,10.69,12.55,9.68,1.35,19.81,5.12,4.16,5.01,2.48,1.91,0.68,25.94,2.14,11.59,4.05,0.9,1.18,0.84,1.91,2.81,6.53,5.51,0.73,2.64,2.31,10.02,2.76,0.62,0.45,6.92,0.84,2.81,1.52,0.73,1.13,12.1,10.07,2.25,6.81,3.94,5.4,5.12,2.14,2.76,"Guard"
"Youtube/1582.mp3","Ben McLemore","ben mclemore",2020-07-11,2020,"2019-10-22","2020-10-11",27.4113620807666,75,195,2013,1,7,"2013-10-31",2013,FALSE,"SG",248,46,1,"Injury/Illness - Left Ankle; Sprain","ankle","sprain",563,72,625,11.62,76.92,85.05,75.08,10.25,11.36,95.84,84.48,64.96,22.4,11.68,4.8,3.84,2.4,0.64,10.72,12.32,5.12,1.12,14.08,11.84,7.84,8.96,0.48,24.8,6.4,3.52,7.2,4.48,2.72,0.32,28.48,2.08,12.96,4.64,1.76,1.6,0.48,1.28,3.04,4,3.68,0.16,1.6,1.44,10.72,2.24,0.32,1.44,8.64,0.32,2.72,0.16,2.4,1.76,14.08,10.56,0.96,7.84,4.16,6.08,6.24,2.24,1.76,"Guard"
"Youtube/3724.mp3","Ben McLemore","ben mclemore",2020-07-11,2020,"2019-10-22","2020-10-11",27.4113620807666,75,195,2013,1,7,"2013-10-31",2013,FALSE,"SG",248,46,1,"Injury/Illness - Left Ankle; Sprain","ankle","sprain",563,72,624,11.78,76.24,85.21,75.15,10.23,11.38,95.83,84.46,64.9,22.28,11.54,4.81,3.85,2.4,0.48,10.74,12.34,5.29,1.12,13.94,11.86,7.85,8.97,0.48,24.84,6.41,3.53,7.21,4.49,2.72,0.32,28.53,2.08,12.98,4.65,1.76,1.6,0.48,1.28,3.04,4.01,3.69,0.16,1.6,1.44,10.58,2.24,0.32,1.44,8.49,0.32,2.72,0.16,2.4,1.76,13.94,10.58,0.96,7.85,4.17,6.09,6.25,2.24,1.76,"Guard"
"Youtube/935.mp3","Ben McLemore","ben mclemore",2020-07-11,2020,"2019-10-22","2020-10-11",27.4113620807666,75,195,2013,1,7,"2013-10-31",2013,FALSE,"SG",248,46,1,"Injury/Illness - Left Ankle; Sprain","ankle","sprain",563,72,624,11.78,76.97,85.87,75.15,10.4,11.38,95.83,84.46,64.9,22.44,11.7,4.81,3.85,2.4,0.64,10.74,12.34,5.13,1.12,14.1,11.86,7.85,8.81,0.48,24.84,6.41,3.53,7.21,4.49,2.72,0.32,28.53,2.08,12.98,4.65,1.76,1.6,0.48,1.28,3.04,4.01,3.69,0.16,1.6,1.44,10.74,2.24,0.32,1.44,8.65,0.32,2.72,0.16,2.4,1.76,13.94,10.74,0.96,8.01,4.17,6.09,6.25,2.24,1.76,"Guard"
"Youtube/1659.mp3","James Ennis III","james ennis iii",2021-02-11,2021,"2020-12-22","2021-07-20",30.6173853524983,78,215,2013,2,50,"2014-10-29",2014,FALSE,"F",3,1,1,"Injury/Illness - Right Groin; Strain","groin","strain",38,18,450,12.78,99,58.7,26,11.25,9.56,95.33,80.89,62.44,26.44,19.33,3.78,6.89,6.67,0.67,7.11,16,5.56,2.67,9.56,7.78,6,5.11,1.33,22.22,2.89,7.33,11.78,7.11,3.33,2.22,32.44,4,14.44,8,1.33,1.56,0.89,0.89,2,5.33,2.89,2.44,0.89,0.67,20.22,3.78,0.22,0.44,16.67,1.56,1.33,0.67,0.67,0.89,12.44,6,1.78,2.89,3.78,5.33,6.22,2.22,2.67,"Forward"
"Youtube/2222.mp3","James Ennis III","james ennis iii",2021-02-11,2021,"2020-12-22","2021-07-20",30.6173853524983,78,215,2013,2,50,"2014-10-29",2014,FALSE,"F",3,1,1,"Injury/Illness - Right Groin; Strain","groin","strain",38,18,450,12.78,99,60.29,26,11.25,9.56,95.33,80.89,62.22,26.44,19.33,3.78,6.89,6.67,0.67,7.11,15.78,5.56,2.67,9.56,7.78,6,5.11,1.33,22.44,2.67,7.11,11.78,7.11,3.33,2.22,32.67,4,14.67,8.22,1.33,1.56,0.89,0.89,2,5.33,2.89,2.44,0.89,0.67,20.22,3.78,0.22,0.44,16.67,1.56,1.33,0.67,0.67,0.89,12.67,6,1.78,2.89,3.78,5.33,6.22,2.22,2.67,"Forward"
"Youtube/38.mp3","James Ennis III","james ennis iii",2021-02-11,2021,"2020-12-22","2021-07-20",30.6173853524983,78,215,2013,2,50,"2014-10-29",2014,FALSE,"F",3,1,1,"Injury/Illness - Right Groin; Strain","groin","strain",38,18,450,12.78,99,58.7,26,10.98,9.56,95.33,80.89,62.44,26.44,19.33,3.78,6.89,6.67,0.67,7.11,16,5.56,2.67,9.56,7.78,6,5.11,1.33,22.22,2.89,7.33,11.78,7.11,3.33,2.22,32.44,4,14.44,8,1.33,1.56,0.89,0.89,2,5.33,2.89,2.44,0.89,0.67,20.22,3.78,0.22,0.44,16.67,1.56,1.33,0.67,0.67,0.89,12.44,6,1.78,2.89,3.78,5.33,6.22,2.22,2.67,"Forward"
"Youtube/1681.mp3","Yuta Watanabe","yuta watanabe",2022-01-24,2022,"2021-10-19","2022-06-16",27.2826830937714,81,215,NA,NA,NA,"2018-10-28",2018,FALSE,"SF",289,33,1,"Injury/Illness - Left Ankle; Sprain","ankle","sprain",59,18,470,6.25,76.11,90.42,91.25,12.37,8.09,96.81,85.96,67.23,26.17,18.51,8.09,2.77,5.32,1.91,7.66,12.98,2.77,3.83,13.19,6.81,8.94,8.72,2.13,19.57,5.32,7.66,4.47,3.62,0.64,0.21,28.94,1.06,16.81,8.3,1.28,0.64,1.49,2.13,3.19,7.66,6.38,1.28,2.55,2.13,15.11,3.83,0.85,2.34,11.7,0.85,2.98,2.55,0.43,1.06,15.32,4.04,1.06,2.13,3.62,6.6,3.19,0.64,2.55,"Forward"
"Youtube/1797.mp3","Yuta Watanabe","yuta watanabe",2021-11-30,2022,"2021-10-19","2022-06-16",27.1321013004791,81,215,NA,NA,NA,"2018-10-28",2018,FALSE,"SF",344,49,1,"Injury/Illness - Left Ankle; Sprain","ankle","sprain",4,1,252,20.6,84.23,96.01,75.77,19.38,9.92,96.43,80.95,64.29,24.6,20.63,9.13,3.17,4.76,3.57,3.97,10.32,4.76,0.4,17.46,10.32,6.75,7.54,0.4,22.22,3.57,5.16,6.75,3.97,1.98,0.79,27.38,0.4,12.7,7.14,0.79,1.19,1.19,1.19,1.59,5.95,4.76,1.19,1.98,0.79,14.68,3.17,0.4,0.79,11.51,0,2.78,1.98,0.79,0.79,18.65,6.35,1.98,3.17,5.95,4.76,3.17,3.17,2.38,"Forward"
"Youtube/197.mp3","Yuta Watanabe","yuta watanabe",2021-12-13,2022,"2021-10-19","2022-06-16",27.1676933607118,81,215,NA,NA,NA,"2018-10-28",2018,FALSE,"SF",331,44,1,"Injury/Illness - Left Ankle; Sprain","ankle","sprain",17,6,271,3.67,6.32,99,88.95,9.34,5.54,96.68,86.35,61.62,25.83,19.93,14.02,0,5.54,0.37,5.9,9.59,4.43,0.74,9.96,12.18,6.64,7.75,2.21,31,3.69,3.69,2.95,0,2.58,0.37,32.47,1.11,16.61,8.86,0.37,1.85,1.85,0.74,4.43,4.8,4.8,0,1.48,1.48,8.12,1.48,0.37,0.74,6.64,0.37,3.69,1.11,0.74,1.48,18.82,8.12,3.32,2.58,5.9,6.27,4.8,1.48,5.54,"Forward"
"Youtube/3241.mp3","Yuta Watanabe","yuta watanabe",2022-04-08,2022,"2021-10-19","2022-06-16",27.4852840520192,81,215,NA,NA,NA,"2018-10-28",2018,FALSE,"SF",215,15,1,"Injury/Illness - Left Ankle; Sprain","ankle","sprain",133,35,578,1,50.36,98.91,98.3,11.33,10.03,96.89,85.29,66.96,25.43,20.07,9.34,3.29,5.19,1.56,5.36,9.69,3.81,0.52,12.11,15.57,10.03,8.48,4.15,28.2,5.02,2.08,6.92,4.5,2.08,0.69,34.08,0.87,16.78,6.92,1.56,1.04,0.69,1.38,5.54,7.27,7.09,0.17,1.9,1.9,15.22,3.81,1.73,1.21,12.28,0.35,2.94,1.73,1.21,0.87,14.88,5.36,0.69,3.63,5.71,4.67,8.82,3.11,3.63,"Forward"
"Youtube/3245.mp3","Yuta Watanabe","yuta watanabe",2022-04-08,2022,"2021-10-19","2022-06-16",27.4852840520192,81,215,NA,NA,NA,"2018-10-28",2018,FALSE,"SF",215,15,1,"Injury/Illness - Left Ankle; Sprain","ankle","sprain",133,35,578,1,50.36,98.91,98.3,11.33,10.03,96.89,85.29,66.96,25.43,20.07,9.34,3.29,5.19,1.56,5.36,9.69,3.81,0.52,12.11,15.57,10.03,8.48,4.15,28.2,5.02,2.08,6.92,4.5,2.08,0.69,34.08,0.87,16.78,6.92,1.56,1.04,0.69,1.38,5.54,7.27,7.09,0.17,1.9,1.9,15.22,3.81,1.73,1.21,12.28,0.35,2.94,1.73,1.21,0.87,14.88,5.36,0.69,3.63,5.71,4.67,8.82,3.11,3.63,"Forward"
"Youtube/3450.mp3","Yuta Watanabe","yuta watanabe",2021-12-13,2022,"2021-10-19","2022-06-16",27.1676933607118,81,215,NA,NA,NA,"2018-10-28",2018,FALSE,"SF",331,44,1,"Injury/Illness - Left Ankle; Sprain","ankle","sprain",17,6,271,3.67,6.32,99,88.95,9.34,5.54,96.68,86.35,61.62,25.83,19.93,14.02,0,5.54,0.37,5.9,9.59,4.43,0.74,9.96,12.18,6.64,7.75,2.21,31,3.69,3.69,2.95,0,2.58,0.37,32.47,1.11,16.61,8.86,0.37,1.85,1.85,0.74,4.43,4.8,4.8,0,1.48,1.48,8.12,1.48,0.37,0.74,6.64,0.37,3.69,1.11,0.74,1.48,18.82,8.12,3.32,2.58,5.9,6.27,4.8,1.48,5.54,"Forward"
"Youtube/3538.mp3","Yuta Watanabe","yuta watanabe",2022-01-24,2022,"2021-10-19","2022-06-16",27.2826830937714,81,215,NA,NA,NA,"2018-10-28",2018,FALSE,"SF",289,33,1,"Injury/Illness - Left Ankle; Sprain","ankle","sprain",59,18,472,6.4,74.99,90.74,89.54,13.49,8.26,96.61,86.02,67.58,26.06,18.43,8.05,2.75,5.3,1.91,7.63,12.71,2.75,3.81,13.56,6.78,9.11,8.9,2.12,19.49,5.08,7.42,4.45,3.6,0.64,0.21,29.03,1.06,16.74,8.26,1.27,0.64,1.48,2.12,3.18,7.42,6.14,1.27,2.54,2.12,14.83,3.6,0.85,2.33,11.44,0.85,2.97,2.54,0.42,1.06,15.68,4.03,1.06,2.12,3.81,6.78,3.18,0.64,2.54,"Forward"
"Youtube/3563.mp3","Yuta Watanabe","yuta watanabe",2021-11-30,2022,"2021-10-19","2022-06-16",27.1321013004791,81,215,NA,NA,NA,"2018-10-28",2018,FALSE,"SF",344,49,1,"Injury/Illness - Left Ankle; Sprain","ankle","sprain",4,1,252,20.6,84.23,96.01,75.77,19.38,9.92,96.43,80.95,64.29,24.6,20.63,9.13,3.17,4.76,3.57,3.97,10.32,4.76,0.4,17.46,10.32,6.75,7.54,0.4,22.22,3.57,5.16,6.75,3.97,1.98,0.79,27.38,0.4,12.7,7.14,0.79,1.19,1.19,1.19,1.59,5.95,4.76,1.19,1.98,0.79,14.68,3.17,0.4,0.79,11.51,0,2.78,1.98,0.79,0.79,18.65,6.35,1.98,3.17,5.95,4.76,3.17,3.17,2.38,"Forward"
"Youtube/3909.mp3","Yuta Watanabe","yuta watanabe",2021-11-30,2022,"2021-10-19","2022-06-16",27.1321013004791,81,215,NA,NA,NA,"2018-10-28",2018,FALSE,"SF",344,49,1,"Injury/Illness - Left Ankle; Sprain","ankle","sprain",4,1,253,18.35,82.62,96.41,75.58,19.46,9.88,96.44,81.03,64.43,24.9,20.55,9.09,3.16,4.74,3.56,4.35,10.67,4.74,0.4,17,10.67,6.72,7.51,0.4,22.53,3.56,5.14,6.32,3.56,1.98,0.79,28.06,0.4,13.04,7.11,0.79,1.19,1.58,1.19,1.98,5.93,4.74,1.19,1.98,0.79,14.23,2.77,0.4,0.79,11.46,0,3.16,1.98,0.79,0.79,18.58,6.32,1.98,3.16,5.93,4.74,3.56,3.16,2.37,"Forward"
"Youtube/4545.mp3","Yuta Watanabe","yuta watanabe",2021-12-26,2022,"2021-10-19","2022-06-16",27.2032854209446,81,215,NA,NA,NA,"2018-10-28",2018,FALSE,"SF",318,41,1,"Injury/Illness - Left Ankle; Sprain","ankle","sprain",30,9,490,13.98,91.09,84.33,82.06,12.56,8.57,97.14,84.69,63.67,22.24,16.53,6.33,4.9,4.9,0.41,5.71,11.22,4.29,1.22,13.67,10,5.71,9.18,1.63,24.29,5.92,3.88,7.35,5.31,2.04,0.2,30.41,3.06,15.31,6.73,0.61,2.86,2.45,0,3.27,5.51,4.69,0.61,0.82,0.41,14.29,2.65,1.43,1.43,12.04,0.82,4.9,2.04,2.04,1.02,15.71,5.92,1.43,3.67,5.1,5.92,4.29,2.65,2.86,"Forward"
"Youtube/4567.mp3","Yuta Watanabe","yuta watanabe",2021-11-30,2022,"2021-10-19","2022-06-16",27.1321013004791,81,215,NA,NA,NA,"2018-10-28",2018,FALSE,"SF",344,49,1,"Injury/Illness - Left Ankle; Sprain","ankle","sprain",4,1,252,20.6,84.23,96.01,75.77,19.38,9.92,96.43,80.95,64.29,24.6,20.63,9.13,3.17,4.76,3.57,3.97,10.32,4.76,0.4,17.46,10.32,6.75,7.54,0.4,22.22,3.57,5.16,6.75,3.97,1.98,0.79,27.38,0.4,12.7,7.14,0.79,1.19,1.19,1.19,1.59,5.95,4.76,1.19,1.98,0.79,14.68,3.17,0.4,0.79,11.51,0,2.78,1.98,0.79,0.79,18.65,6.35,1.98,3.17,5.95,4.76,3.17,3.17,2.38,"Forward"
"Youtube/4864.mp3","Yuta Watanabe","yuta watanabe",2021-12-13,2022,"2021-10-19","2022-06-16",27.1676933607118,81,215,NA,NA,NA,"2018-10-28",2018,FALSE,"SF",331,44,1,"Injury/Illness - Left Ankle; Sprain","ankle","sprain",17,6,270,3.8,6.97,99,89.09,9.64,5.56,96.67,86.3,61.48,25.93,20,14.07,0,5.56,0.37,5.93,9.63,4.44,0.74,10,12.22,6.67,7.41,2.22,31.11,3.7,3.7,2.96,0,2.59,0.37,32.22,1.11,16.3,8.89,0.37,1.85,1.85,0.74,4.07,4.81,4.81,0,1.48,1.48,8.15,1.48,0.37,0.74,6.67,0.37,3.7,1.11,0.74,1.48,18.89,8.15,3.33,2.59,5.93,6.3,4.81,1.48,5.56,"Forward"
"Youtube/5351.mp3","Yuta Watanabe","yuta watanabe",2022-01-24,2022,"2021-10-19","2022-06-16",27.2826830937714,81,215,NA,NA,NA,"2018-10-28",2018,FALSE,"SF",289,33,1,"Injury/Illness - Left Ankle; Sprain","ankle","sprain",59,18,471,6.33,75.06,90.9,91.18,13.08,8.28,96.82,86.2,67.52,26.11,18.47,8.07,2.76,5.31,1.91,7.64,12.95,2.76,3.82,13.38,6.79,9.13,8.7,2.12,19.53,5.31,7.64,4.46,3.61,0.64,0.21,29.09,1.06,16.77,8.28,1.27,0.64,1.49,2.12,3.18,7.64,6.37,1.27,2.55,2.12,14.86,3.61,0.85,2.34,11.46,0.85,2.97,2.55,0.42,1.06,15.5,4.03,1.06,2.12,3.82,6.79,3.18,0.64,2.55,"Forward"
"Youtube/5428.mp3","Yuta Watanabe","yuta watanabe",2022-04-08,2022,"2021-10-19","2022-06-16",27.4852840520192,81,215,NA,NA,NA,"2018-10-28",2018,FALSE,"SF",215,15,1,"Injury/Illness - Left Ankle; Sprain","ankle","sprain",133,35,578,1,50.36,98.91,98.3,11.33,10.03,96.89,85.29,66.96,25.43,20.07,9.34,3.29,5.19,1.56,5.36,9.69,3.81,0.52,12.11,15.57,10.03,8.48,4.15,28.2,5.02,2.08,6.92,4.5,2.08,0.69,34.08,0.87,16.78,6.92,1.56,1.04,0.69,1.38,5.54,7.27,7.09,0.17,1.9,1.9,15.22,3.81,1.73,1.21,12.28,0.35,2.94,1.73,1.21,0.87,14.88,5.36,0.69,3.63,5.71,4.67,8.82,3.11,3.63,"Forward"
"Youtube/5857.mp3","Yuta Watanabe","yuta watanabe",2022-04-08,2022,"2021-10-19","2022-06-16",27.4852840520192,81,215,NA,NA,NA,"2018-10-28",2018,FALSE,"SF",215,15,1,"Injury/Illness - Left Ankle; Sprain","ankle","sprain",133,35,579,1,51.38,98.64,98.55,10.92,10.02,96.89,85.32,66.84,25.39,20.03,9.33,3.28,5.18,1.55,5.35,9.5,3.63,0.52,12.09,15.54,10.36,8.29,4.15,28.32,5.01,2.07,7.08,4.49,2.25,0.69,34.02,0.86,16.75,6.91,1.55,1.21,0.69,1.38,5.35,7.43,7.25,0.17,1.9,1.9,15.2,3.8,1.73,1.21,12.26,0.35,2.94,1.73,1.21,0.86,14.85,5.35,0.69,3.63,5.7,4.66,8.81,3.11,3.63,"Forward"
"Youtube/6018.mp3","Yuta Watanabe","yuta watanabe",2022-01-24,2022,"2021-10-19","2022-06-16",27.2826830937714,81,215,NA,NA,NA,"2018-10-28",2018,FALSE,"SF",289,33,1,"Injury/Illness - Left Ankle; Sprain","ankle","sprain",59,18,470,6.25,76.11,90.42,91.25,12.7,8.09,96.81,85.96,67.23,26.17,18.51,8.09,2.77,5.32,1.91,7.66,12.98,2.77,3.83,13.19,6.81,8.94,8.72,2.13,19.57,5.32,7.66,4.47,3.62,0.64,0.21,28.94,1.06,16.81,8.3,1.28,0.64,1.49,2.13,3.19,7.66,6.38,1.28,2.55,2.13,15.11,3.83,0.85,2.34,11.7,0.85,2.98,2.55,0.43,1.06,15.32,4.04,1.06,2.13,3.62,6.6,3.19,0.64,2.55,"Forward"
"Youtube/929.mp3","Yuta Watanabe","yuta watanabe",2021-12-13,2022,"2021-10-19","2022-06-16",27.1676933607118,81,215,NA,NA,NA,"2018-10-28",2018,FALSE,"SF",331,44,1,"Injury/Illness - Left Ankle; Sprain","ankle","sprain",17,6,271,3.67,6.32,99,88.95,9.34,5.54,96.68,86.35,61.62,25.83,19.93,14.02,0,5.54,0.37,5.9,9.59,4.43,0.74,9.96,12.18,6.64,7.75,2.21,31,3.69,3.69,2.95,0,2.58,0.37,32.47,1.11,16.61,8.86,0.37,1.85,1.85,0.74,4.43,4.8,4.8,0,1.48,1.48,8.12,1.48,0.37,0.74,6.64,0.37,3.69,1.11,0.74,1.48,18.82,8.12,3.32,2.58,5.9,6.27,4.8,1.48,5.54,"Forward"
"Youtube/1697.mp3","Jaxson Hayes","jaxson hayes",2025-11-25,2026,"2025-10-21","2026-06-13",25.5085557837098,84,220,2019,1,8,"2019-10-23",2019,TRUE,"C",53,18,1,"Injury/Illness - Left Hamstring; Tendinopathy","hamstring","tendinopathy",29,12,446,7.4,58.74,89.02,66.18,10.62,8.74,94.84,80.27,60.99,20.63,15.92,8.3,3.36,0.9,1.57,4.71,10.76,3.14,0.22,11.43,8.97,10.31,9.42,0.9,22.2,4.71,4.71,8.97,5.16,2.69,1.35,26.68,3.59,13.68,5.38,2.02,2.47,1.35,1.35,1.57,4.26,3.59,0.67,0.67,0.22,10.31,1.35,1.12,0.22,9.64,2.02,1.57,0.45,0.9,3.59,15.92,11.88,2.69,7.17,4.04,2.24,7.62,1.12,3.36,"Center"
"Youtube/5228.mp3","Jaxson Hayes","jaxson hayes",2025-11-25,2026,"2025-10-21","2026-06-13",25.5085557837098,84,220,2019,1,8,"2019-10-23",2019,TRUE,"C",53,18,1,"Injury/Illness - Left Hamstring; Tendinopathy","hamstring","tendinopathy",29,12,446,7.4,58.74,89.02,66.18,10.62,8.74,94.84,80.27,60.99,20.63,15.92,8.3,3.36,0.9,1.57,4.71,10.76,3.14,0.22,11.43,8.97,10.31,9.42,0.9,22.2,4.71,4.71,8.97,5.16,2.69,1.35,26.68,3.59,13.68,5.38,2.02,2.47,1.35,1.35,1.57,4.26,3.59,0.67,0.67,0.22,10.31,1.35,1.12,0.22,9.64,2.02,1.57,0.45,0.9,3.59,15.92,11.88,2.69,7.17,4.04,2.47,7.4,1.12,3.36,"Center"
"Youtube/1725.mp3","Aron Baynes","aron baynes",2020-12-23,2021,"2020-12-22","2021-07-20",34.0396988364134,82,260,NA,NA,NA,"2013-01-26",2012,FALSE,"C",134,49,1,"Injury/Illness - Left Foot; Contusion","foot","contusion",135,0,981,14.74,96.18,81.89,90.46,17.21,8.66,95.72,84.2,64.53,20.39,11.93,1.83,5.1,2.96,0.92,8.46,12.33,5.2,0.71,16.31,11.31,7.95,11.11,1.12,24.16,5.91,3.77,10.5,6.12,3.57,0.82,25.99,1.02,11.93,3.47,1.12,2.14,1.53,0.82,3.26,6.63,5.81,0.82,2.34,2.34,12.95,1.83,0.92,0.61,11.62,1.22,3.26,2.34,0.61,1.83,13.46,12.95,2.96,10.19,4.28,1.63,9.17,2.55,2.85,"Center"
"Youtube/3282.mp3","Aron Baynes","aron baynes",2020-12-23,2021,"2020-12-22","2021-07-20",34.0396988364134,82,260,NA,NA,NA,"2013-01-26",2012,FALSE,"C",134,49,1,"Injury/Illness - Left Foot; Contusion","foot","contusion",135,0,981,14.91,96.07,81.89,90.46,17.84,8.66,95.72,84.2,64.53,20.39,11.82,1.83,5.1,2.96,0.82,8.56,12.44,5.2,0.71,16.31,11.21,7.95,11.11,1.12,24.06,5.91,3.77,10.5,6.12,3.57,0.82,25.89,1.02,11.93,3.47,1.12,2.14,1.53,0.82,3.26,6.63,5.81,0.82,2.34,2.34,12.84,1.83,0.92,0.61,11.52,1.22,3.26,2.34,0.61,1.83,13.46,12.95,2.96,10.19,4.28,1.63,9.07,2.55,2.85,"Center"
"Youtube/368.mp3","Aron Baynes","aron baynes",2020-12-23,2021,"2020-12-22","2021-07-20",34.0396988364134,82,260,NA,NA,NA,"2013-01-26",2012,FALSE,"C",134,49,1,"Injury/Illness - Left Foot; Contusion","foot","contusion",135,0,980,14.86,96.2,82.01,90.5,17.5,8.67,95.71,84.18,64.49,20.31,11.94,1.84,5.1,2.96,0.92,8.37,12.24,5.2,0.71,16.33,11.33,7.96,11.12,1.12,24.18,5.92,3.78,10.51,6.12,3.57,0.82,26.02,1.02,11.94,3.47,1.12,2.14,1.53,0.82,3.27,6.63,5.82,0.82,2.35,2.35,12.96,1.84,0.92,0.61,11.63,1.22,3.27,2.35,0.61,1.84,13.47,12.96,2.96,10.2,4.29,1.63,9.18,2.55,2.86,"Center"
"Youtube/1790.mp3","Donte DiVincenzo","donte divincenzo",2024-03-03,2024,"2023-10-24","2024-06-17",27.0855578370979,76,203,2018,1,17,"2018-10-17",2018,TRUE,"G",320,74,1,"Injury/Illness - Left Great Toe; Sprain","toe","sprain",482,141,737,8.42,95.62,64.84,56.2,12.08,12.08,95.12,82.23,65.54,23.61,15.88,4.07,1.63,6.24,0.54,7.73,11.8,5.56,1.22,12.75,11.94,8.41,6.78,2.31,23.34,5.02,3.8,4.48,2.44,1.49,0.54,29.72,2.44,14.52,5.7,1.22,0.95,1.49,1.76,2.71,4.34,3.26,0.95,1.76,1.22,16.82,2.85,0.41,1.49,14.25,3.66,3.39,1.76,1.09,1.22,11.8,8.96,2.17,5.97,3.8,4.34,6.51,3.39,1.49,"Guard"
"Youtube/2870.mp3","Donte DiVincenzo","donte divincenzo",2024-03-03,2024,"2023-10-24","2024-06-17",27.0855578370979,76,203,2018,1,17,"2018-10-17",2018,TRUE,"G",320,74,1,"Injury/Illness - Left Great Toe; Sprain","toe","sprain",482,141,737,8.42,95.62,64.84,56.2,12.08,12.08,95.12,82.36,65.54,23.61,15.88,4.07,1.63,6.24,0.54,7.73,11.8,5.56,1.22,12.75,11.94,8.41,6.78,2.31,23.34,5.16,3.8,4.48,2.44,1.49,0.54,29.72,2.44,14.52,5.7,1.22,0.95,1.49,1.76,2.71,4.34,3.26,0.95,1.76,1.22,16.82,2.85,0.41,1.49,14.25,3.66,3.39,1.76,1.09,1.22,11.8,8.96,2.17,5.97,3.8,4.34,6.51,3.39,1.49,"Guard"
"Youtube/3212.mp3","Donte DiVincenzo","donte divincenzo",2023-05-12,2023,"2022-10-18","2023-06-12",26.2751540041068,76,203,2018,1,17,"2018-10-17",2018,TRUE,"G",616,134,1,"Injury/Illness - Left Great Toe; Sprain","toe","sprain",186,81,1586,14.06,85.3,87.98,73.47,14.04,8.89,95.08,82.91,64.19,23.46,15.7,5.61,1.32,5.42,0.25,7.76,12.67,6.05,0.95,13.11,10.4,6.56,7.57,1.95,22.82,4.73,5.11,4.6,2.46,1.32,0.88,29,2.59,14.88,7.19,1.32,1.2,1.32,1.58,2.59,4.67,3.97,0.57,1.32,1.2,14.75,3.28,1.26,0.76,12.17,3.53,2.14,1.2,0.69,1.13,12.55,9.08,3.03,5.67,4.73,5.11,5.74,0.95,1.64,"Guard"
"Youtube/3448.mp3","Donte DiVincenzo","donte divincenzo",2023-05-12,2023,"2022-10-18","2023-06-12",26.2751540041068,76,203,2018,1,17,"2018-10-17",2018,TRUE,"G",616,134,1,"Injury/Illness - Left Great Toe; Sprain","toe","sprain",186,81,1595,14.25,86,87.94,73.2,14.12,8.84,94.98,82.88,64.14,23.51,15.74,5.58,1.32,5.52,0.25,7.77,12.66,6.02,0.94,13.17,10.34,6.52,7.52,1.94,22.76,4.76,5.08,4.58,2.45,1.32,0.88,28.9,2.57,14.86,7.21,1.32,1.19,1.32,1.57,2.57,4.64,3.95,0.56,1.32,1.19,14.8,3.26,1.25,0.75,12.23,3.51,2.13,1.19,0.69,1.13,12.54,9.09,3.01,5.71,4.7,5.08,5.71,0.94,1.63,"Guard"
"Youtube/3769.mp3","Donte DiVincenzo","donte divincenzo",2024-01-18,2024,"2023-10-24","2024-06-17",26.9623545516769,76,203,2018,1,17,"2018-10-17",2018,TRUE,"G",365,92,1,"Injury/Illness - Left Great Toe; Sprain","toe","sprain",437,123,643,15.38,67.4,97.46,75.84,12.86,9.8,95.96,82.74,62.83,21,14.62,5.91,1.09,5.75,1.4,6.38,12.6,6.38,1.87,12.44,10.11,6.38,9.33,2.02,23.95,6.38,5.29,4.2,1.87,1.56,0.78,27.68,1.09,13.84,6.53,1.87,1.4,0.93,0.93,3.89,4.2,3.89,0.31,1.56,1.24,11.66,1.87,0.47,0.47,9.64,0.78,4.2,2.95,1.09,1.24,11.51,10.42,2.18,7.62,4.67,2.8,7,1.71,1.09,"Guard"
"Youtube/3922.mp3","Donte DiVincenzo","donte divincenzo",2024-03-03,2024,"2023-10-24","2024-06-17",27.0855578370979,76,203,2018,1,17,"2018-10-17",2018,TRUE,"G",320,74,1,"Injury/Illness - Left Great Toe; Sprain","toe","sprain",482,141,737,8.58,95.62,64.84,56.2,11.89,11.94,95.12,82.36,65.67,23.61,16.01,4.21,1.63,6.24,0.54,7.6,11.8,5.7,1.22,12.75,11.94,8.41,6.78,2.31,23.34,5.02,3.66,4.48,2.44,1.49,0.54,29.58,2.44,14.38,5.7,1.22,0.95,1.49,1.76,2.58,4.34,3.26,0.95,1.76,1.22,16.82,2.85,0.41,1.49,14.25,3.66,3.39,1.76,1.09,1.22,11.8,8.96,2.17,5.97,3.8,4.34,6.51,3.39,1.22,"Guard"
"Youtube/3933.mp3","Donte DiVincenzo","donte divincenzo",2024-01-18,2024,"2023-10-24","2024-06-17",26.9623545516769,76,203,2018,1,17,"2018-10-17",2018,TRUE,"G",365,92,1,"Injury/Illness - Left Great Toe; Sprain","toe","sprain",437,123,643,15.66,65.72,97.63,71.48,12.86,9.8,95.96,82.58,63.14,20.84,14.46,5.91,1.09,5.6,1.4,6.38,12.75,6.38,1.87,12.6,10.11,6.53,9.33,2.02,23.64,6.22,5.29,4.2,1.87,1.56,0.78,27.68,1.24,13.84,6.53,1.87,1.4,0.93,0.93,3.89,4.2,3.73,0.47,1.71,1.24,11.35,1.71,0.47,0.47,9.49,0.78,4.04,2.8,1.09,1.24,11.66,10.42,2.18,7.78,4.67,2.64,7,1.71,1.09,"Guard"
"Youtube/3937.mp3","Donte DiVincenzo","donte divincenzo",2024-01-18,2024,"2023-10-24","2024-06-17",26.9623545516769,76,203,2018,1,17,"2018-10-17",2018,TRUE,"G",365,92,1,"Injury/Illness - Left Great Toe; Sprain","toe","sprain",437,123,643,15.66,65.72,97.63,71.48,12.86,9.8,95.96,82.58,63.14,20.84,14.46,5.91,1.09,5.6,1.4,6.38,12.75,6.38,1.87,12.6,10.11,6.53,9.33,2.02,23.64,6.22,5.29,4.2,1.87,1.56,0.78,27.68,1.24,13.84,6.53,1.87,1.4,0.93,0.93,3.89,4.2,3.73,0.47,1.71,1.24,11.35,1.71,0.47,0.47,9.49,0.78,4.04,2.8,1.09,1.24,11.66,10.42,2.18,7.78,4.67,2.64,7,1.71,1.09,"Guard"
"Youtube/4047.mp3","Donte DiVincenzo","donte divincenzo",2024-03-03,2024,"2023-10-24","2024-06-17",27.0855578370979,76,203,2018,1,17,"2018-10-17",2018,TRUE,"G",320,74,1,"Injury/Illness - Left Great Toe; Sprain","toe","sprain",482,141,737,8.42,95.62,64.84,56.2,12.08,12.08,95.12,82.23,65.54,23.61,15.88,4.07,1.63,6.24,0.54,7.73,11.8,5.56,1.22,12.75,11.94,8.41,6.78,2.31,23.34,5.02,3.8,4.48,2.44,1.49,0.54,29.72,2.44,14.52,5.7,1.22,0.95,1.49,1.76,2.71,4.34,3.26,0.95,1.76,1.22,16.82,2.85,0.41,1.49,14.25,3.66,3.39,1.76,1.09,1.22,11.8,8.96,2.17,5.97,3.8,4.34,6.51,3.39,1.49,"Guard"
"Youtube/526.mp3","Donte DiVincenzo","donte divincenzo",2024-01-18,2024,"2023-10-24","2024-06-17",26.9623545516769,76,203,2018,1,17,"2018-10-17",2018,TRUE,"G",365,92,1,"Injury/Illness - Left Great Toe; Sprain","toe","sprain",437,123,642,15.57,67.44,97.51,73.78,12.84,9.66,95.95,82.71,63.24,21.03,14.64,5.92,1.09,5.76,1.4,6.39,12.77,6.39,1.87,12.62,10.12,6.39,9.35,2.02,23.68,6.23,5.3,4.21,1.87,1.56,0.78,27.73,1.25,13.86,6.54,1.87,1.4,0.93,0.93,3.89,4.05,3.74,0.31,1.56,1.25,11.53,1.71,0.47,0.47,9.66,0.78,4.05,2.8,1.09,1.25,11.53,10.28,2.18,7.63,4.67,2.65,7.01,1.71,1.09,"Guard"
"Youtube/5477.mp3","Donte DiVincenzo","donte divincenzo",2023-05-12,2023,"2022-10-18","2023-06-12",26.2751540041068,76,203,2018,1,17,"2018-10-17",2018,TRUE,"G",616,134,1,"Injury/Illness - Left Great Toe; Sprain","toe","sprain",186,81,1594,14.33,86.01,87.76,73.23,14.11,8.85,94.98,82.87,64.18,23.53,15.75,5.58,1.32,5.52,0.25,7.78,12.67,6.02,0.94,13.24,10.29,6.52,7.59,1.94,22.71,4.71,5.08,4.58,2.45,1.32,0.88,28.86,2.57,14.87,7.21,1.32,1.19,1.32,1.57,2.57,4.64,3.95,0.56,1.32,1.19,14.81,3.26,1.25,0.75,12.23,3.51,2.13,1.19,0.69,1.13,12.55,9.03,3.01,5.65,4.71,5.08,5.65,0.94,1.63,"Guard"
"Youtube/1804.mp3","Justise Winslow","justise winslow",2021-02-28,2021,"2020-12-22","2021-07-20",24.9281314168378,78,222,2015,1,10,"2015-10-28",2015,FALSE,"PF",377,67,1,"Injury/Illness - Right Achilles; tendinopathy","achilles","tendinopathy",9,3,669,22.31,48.94,95.8,83.2,15.93,11.21,95.67,79.67,63.98,23.92,15.99,8.82,0.3,4.93,0.45,7.92,13.3,6.43,0.9,14.05,7.62,7.47,7.32,0.75,18.24,5.68,4.04,3.59,1.94,0.9,0.75,22.87,0.45,12.86,6.58,1.64,0.45,0.45,0.9,2.54,6.58,5.23,1.05,2.24,1.64,14.2,4.93,1.79,0.45,8.52,1.79,2.39,0.75,1.05,1.64,11.96,8.82,1.05,6.73,3.74,5.23,3.74,0.45,1.35,"Forward"
"Youtube/5254.mp3","Justise Winslow","justise winslow",2021-02-20,2021,"2020-12-22","2021-07-20",24.9062286105407,78,222,2015,1,10,"2015-10-28",2015,FALSE,"PF",385,70,1,"Injury/Illness - Right Achilles; tendinopathy","achilles","tendinopathy",1,0,1044,29.26,41.21,89.71,65.53,12.43,10.15,94.83,79.89,62.26,20.5,14.75,8.05,0.67,3.35,1.15,5.75,15.52,8.24,1.92,13.6,8.52,7.57,8.24,0.77,19.64,6.13,6.13,4.89,1.63,2.2,1.25,24.43,0.77,13.7,5.94,0.67,0.77,1.82,1.53,3.35,5.65,4.02,1.15,2.01,1.44,11.49,2.68,0.96,1.15,8.52,2.11,2.3,1.63,0.38,1.63,11.49,8.43,0.96,6.03,3.07,5.84,4.5,1.15,1.44,"Forward"
"Youtube/5679.mp3","Justise Winslow","justise winslow",2021-02-20,2021,"2020-12-22","2021-07-20",24.9062286105407,78,222,2015,1,10,"2015-10-28",2015,FALSE,"PF",385,70,1,"Injury/Illness - Right Achilles; tendinopathy","achilles","tendinopathy",1,0,1043,29.45,41.21,89.79,65.57,12.27,10.16,94.82,79.87,62.22,20.42,14.77,8.05,0.67,3.36,1.15,5.66,15.44,8.25,1.92,13.61,8.53,7.57,8.25,0.77,19.65,6.14,6.14,4.89,1.63,2.21,1.25,24.45,0.77,13.71,5.94,0.67,0.77,1.82,1.53,3.36,5.66,4.03,1.15,2.01,1.44,11.51,2.68,0.96,1.15,8.53,2.11,2.3,1.63,0.38,1.63,11.51,8.44,0.96,6.04,3.07,5.85,4.51,1.15,1.44,"Forward"
"Youtube/5680.mp3","Justise Winslow","justise winslow",2021-02-20,2021,"2020-12-22","2021-07-20",24.9062286105407,78,222,2015,1,10,"2015-10-28",2015,FALSE,"PF",385,70,1,"Injury/Illness - Right Achilles; tendinopathy","achilles","tendinopathy",1,0,1043,29.45,41.21,89.79,65.57,12.27,10.16,94.82,79.87,62.22,20.42,14.77,8.05,0.67,3.36,1.15,5.66,15.44,8.25,1.92,13.61,8.53,7.57,8.25,0.77,19.65,6.14,6.14,4.89,1.63,2.21,1.25,24.45,0.77,13.71,5.94,0.67,0.77,1.82,1.53,3.36,5.66,4.03,1.15,2.01,1.44,11.51,2.68,0.96,1.15,8.53,2.11,2.3,1.63,0.38,1.63,11.51,8.44,0.96,6.04,3.07,5.85,4.51,1.15,1.44,"Forward"
"Youtube/616.mp3","Justise Winslow","justise winslow",2021-02-20,2021,"2020-12-22","2021-07-20",24.9062286105407,78,222,2015,1,10,"2015-10-28",2015,FALSE,"PF",385,70,1,"Injury/Illness - Right Achilles; tendinopathy","achilles","tendinopathy",1,0,1043,29.45,41.21,89.79,65.57,12.27,10.16,94.82,79.87,62.22,20.42,14.77,8.05,0.67,3.36,1.15,5.66,15.44,8.25,1.92,13.61,8.53,7.57,8.25,0.77,19.65,6.14,6.14,4.89,1.63,2.21,1.25,24.45,0.77,13.71,5.94,0.67,0.77,1.82,1.53,3.36,5.66,4.03,1.15,2.01,1.44,11.51,2.68,0.96,1.15,8.53,2.11,2.3,1.63,0.38,1.63,11.51,8.44,0.96,6.04,3.07,5.85,4.51,1.15,1.44,"Forward"
"Youtube/1808.mp3","Taj Gibson","taj gibson",2023-12-20,2024,"2023-10-24","2024-06-17",38.4887063655031,81,232,2009,1,26,"2009-10-30",2009,TRUE,"F",95,13,1,"Injury/Illness - Right Hamstring; Strain","hamstring","strain",402,46,855,9.87,36.71,84.63,88.94,11.25,9.36,95.91,82.11,62.92,21.05,14.5,8.3,0.47,1.52,0.7,6.55,12.87,5.61,0.47,12.98,12.63,9.94,7.84,0.7,23.51,7.72,4.8,4.68,1.75,1.87,1.05,27.13,1.05,11.23,2.81,1.29,2.22,1.52,1.99,2.34,6.43,5.61,0.82,1.99,1.87,12.05,3.63,1.29,0.7,8.77,4.68,2.81,1.17,0.94,1.64,11.11,11.7,2.69,8.3,5.03,3.74,9.12,0.58,0.58,"Forward"
"Youtube/2128.mp3","Taj Gibson","taj gibson",2023-12-20,2024,"2023-10-24","2024-06-17",38.4887063655031,81,232,2009,1,26,"2009-10-30",2009,TRUE,"F",95,13,1,"Injury/Illness - Right Hamstring; Strain","hamstring","strain",402,46,857,9.68,38.03,84.89,88.84,10.99,9.45,95.92,82.03,62.89,20.89,14.35,8.17,0.47,1.63,0.7,6.53,12.84,5.6,0.47,12.95,12.84,9.92,7.93,0.7,23.69,7.7,4.78,4.67,1.75,1.87,1.05,27.19,1.05,11.2,2.8,1.28,2.22,1.52,1.98,2.33,6.42,5.6,0.82,1.98,1.87,12.02,3.62,1.28,0.7,8.75,4.55,2.8,1.17,0.93,1.63,11.09,11.79,2.68,8.4,5.02,3.73,9.22,0.7,0.58,"Forward"
"Youtube/3636.mp3","Taj Gibson","taj gibson",2023-12-20,2024,"2023-10-24","2024-06-17",38.4887063655031,81,232,2009,1,26,"2009-10-30",2009,TRUE,"F",95,13,1,"Injury/Illness - Right Hamstring; Strain","hamstring","strain",402,46,855,9.87,36.71,84.63,88.94,11.1,9.36,95.91,82.11,62.92,21.05,14.5,8.3,0.47,1.52,0.7,6.55,12.87,5.61,0.47,12.98,12.63,9.94,7.84,0.7,23.51,7.72,4.8,4.68,1.75,1.87,1.05,27.13,1.05,11.23,2.81,1.29,2.22,1.52,1.99,2.34,6.43,5.61,0.82,1.99,1.87,12.05,3.63,1.29,0.7,8.77,4.68,2.81,1.17,0.94,1.64,11.11,11.7,2.69,8.3,5.03,3.74,9.12,0.58,0.58,"Forward"
"Youtube/3815.mp3","Taj Gibson","taj gibson",2023-12-20,2024,"2023-10-24","2024-06-17",38.4887063655031,81,232,2009,1,26,"2009-10-30",2009,TRUE,"F",95,13,1,"Injury/Illness - Right Hamstring; Strain","hamstring","strain",402,46,855,9.87,36.71,84.63,88.94,11.25,9.36,95.91,82.11,62.92,21.05,14.5,8.3,0.47,1.52,0.7,6.55,12.87,5.61,0.47,12.98,12.63,9.94,7.84,0.7,23.51,7.72,4.8,4.68,1.75,1.87,1.05,27.13,1.05,11.23,2.81,1.29,2.22,1.52,1.99,2.34,6.43,5.61,0.82,1.99,1.87,12.05,3.63,1.29,0.7,8.77,4.68,2.81,1.17,0.94,1.64,11.11,11.7,2.69,8.3,5.03,3.74,9.12,0.58,0.58,"Forward"
"Youtube/3941.mp3","Taj Gibson","taj gibson",2023-12-20,2024,"2023-10-24","2024-06-17",38.4887063655031,81,232,2009,1,26,"2009-10-30",2009,TRUE,"F",95,13,1,"Injury/Illness - Right Hamstring; Strain","hamstring","strain",402,46,877,11.19,38.74,85.01,89.78,10.83,9.35,96.01,82.21,62.83,20.64,14.14,8.1,0.46,1.6,0.68,6.5,12.77,5.7,0.46,13.23,12.66,9.92,7.64,0.68,23.49,7.87,4.9,4.79,1.71,1.94,1.14,26.8,1.03,11.17,2.96,1.48,2.28,1.48,1.94,2.17,6.5,5.7,0.8,1.94,1.82,11.97,3.65,1.25,0.68,8.67,4.45,2.74,1.14,0.91,1.6,10.83,11.74,2.62,8.44,5.13,3.76,8.89,0.57,0.57,"Forward"
"Youtube/5580.mp3","Taj Gibson","taj gibson",2023-12-20,2024,"2023-10-24","2024-06-17",38.4887063655031,81,232,2009,1,26,"2009-10-30",2009,TRUE,"F",95,13,1,"Injury/Illness - Right Hamstring; Strain","hamstring","strain",402,46,874,11.7,38.73,84.38,89.91,11.35,9.5,95.77,81.92,62.59,20.71,14.19,8.12,0.46,1.6,0.69,6.52,12.81,5.72,0.46,13.16,12.36,9.95,7.44,0.69,23.11,7.89,4.92,4.81,1.72,1.95,1.14,26.77,1.03,11.21,2.97,1.49,2.29,1.49,1.95,2.17,6.52,5.72,0.8,1.95,1.83,12.01,3.66,1.26,0.69,8.7,4.46,2.75,1.14,0.92,1.6,10.87,11.67,2.63,8.35,5.03,3.78,8.81,0.46,0.46,"Forward"
"Youtube/182.mp3","Brandon Williams","brandon williams",2024-04-14,2024,"2023-10-24","2024-06-17",24.394250513347,73,190,NA,NA,NA,"2021-12-28",2021,FALSE,"G",240,6,1,"Injury/Illness - Right Thumb; Sprain","thumb","sprain",28,4,484,3.63,7.59,98.35,82.62,11,10.54,93.18,81.4,64.67,21.28,12.4,8.88,0.41,1.65,0.62,8.88,13.84,5.17,1.24,10.33,10.12,12.19,9.71,2.48,21.49,4.34,5.17,2.89,1.65,1.03,0.41,25.62,1.45,12.19,3.72,1.45,1.45,2.07,0.62,3.72,4.96,4.55,0.41,0.83,0.41,7.85,3.31,1.45,1.45,5.17,1.24,3.1,2.27,0.62,1.24,10.74,10.74,3.1,8.47,4.34,5.58,6.61,1.24,0.41,"Guard"
"Youtube/3591.mp3","Brandon Williams","brandon williams",2024-04-14,2024,"2023-10-24","2024-06-17",24.394250513347,73,190,NA,NA,NA,"2021-12-28",2021,FALSE,"G",240,6,1,"Injury/Illness - Right Thumb; Sprain","thumb","sprain",28,4,484,3.63,7.59,98.35,82.62,11,10.54,93.18,81.4,64.67,21.28,12.4,8.88,0.41,1.65,0.62,8.88,13.84,5.17,1.24,10.33,10.12,12.19,9.71,2.48,21.49,4.34,5.17,2.89,1.65,1.03,0.41,25.62,1.45,12.19,3.72,1.45,1.45,2.07,0.62,3.72,4.96,4.55,0.41,0.83,0.41,7.85,3.31,1.45,1.45,5.17,1.24,3.1,2.27,0.62,1.24,10.74,10.74,3.1,8.47,4.34,5.58,6.61,1.24,0.41,"Guard"
"Youtube/1873.mp3","Donta Hall","donta hall",2021-02-26,2021,"2020-12-22","2021-07-20",23.5564681724846,82,230,NA,NA,NA,"2020-02-24",2019,FALSE,"F",79,13,0,NA,NA,NA,197,3,593,17.6,25.52,71.49,73.01,12.1,10.12,93.93,83.64,66.27,22.77,15.01,8.94,0.17,2.7,0.34,7.76,13.32,5.06,1.18,16.36,10.46,8.6,7.25,1.18,22.93,3.54,4.22,2.87,1.01,0.67,1.18,24.45,1.69,9.78,2.53,1.18,0.67,0.84,1.35,2.7,3.71,3.54,0.17,0.51,0.34,13.32,6.41,2.02,4.72,7.25,3.2,2.02,0.17,0.67,1.85,11.47,7.42,2.53,4.22,3.54,6.24,3.71,2.36,2.53,"Forward"
"Youtube/2296.mp3","Donta Hall","donta hall",2021-02-26,2021,"2020-12-22","2021-07-20",23.5564681724846,82,230,NA,NA,NA,"2020-02-24",2019,FALSE,"F",79,13,0,NA,NA,NA,197,3,459,19.99,3.92,93.25,39.24,11.48,8.06,94.77,82.14,67.32,24.62,15.69,11.33,1.09,1.09,0.87,8.93,15.47,5.88,1.09,17.21,12.64,5.66,6.32,1.53,22.44,4.58,4.58,4.79,2.61,1.31,0.87,27.45,0.87,13.51,2.83,0.44,1.09,1.53,2.4,5.23,2.4,1.74,0.44,1.09,0.87,10.68,5.45,1.53,3.7,5.88,1.74,2.4,0.22,1.31,1.74,13.51,8.06,1.53,5.23,2.61,6.54,5.88,1.53,1.96,"Forward"
"Youtube/2765.mp3","Donta Hall","donta hall",2021-02-26,2021,"2020-12-22","2021-07-20",23.5564681724846,82,230,NA,NA,NA,"2020-02-24",2019,FALSE,"F",79,13,0,NA,NA,NA,197,3,460,20.58,3.95,93.12,39.19,11.79,8.04,94.78,82.17,67.39,24.57,15.65,11.3,1.09,1.09,0.87,8.91,15.65,6.09,1.09,17.17,12.61,5.65,6.3,1.52,22.39,4.57,4.57,4.78,2.61,1.3,0.87,27.39,0.87,13.48,2.83,0.43,1.09,1.52,2.39,5.22,2.39,1.74,0.43,1.09,0.87,10.65,5.43,1.52,3.7,5.87,1.74,2.39,0.22,1.3,1.74,13.48,8.04,1.52,5.22,2.61,6.52,5.87,1.52,1.96,"Forward"
"Youtube/4242.mp3","Donta Hall","donta hall",2021-02-26,2021,"2020-12-22","2021-07-20",23.5564681724846,82,230,NA,NA,NA,"2020-02-24",2019,FALSE,"F",79,13,0,NA,NA,NA,197,3,459,19.99,3.92,93.25,39.24,12.08,8.06,94.77,82.14,67.32,24.62,15.69,11.33,1.09,1.09,0.87,8.93,15.47,5.88,1.09,17.21,12.64,5.66,6.32,1.53,22.44,4.58,4.58,4.79,2.61,1.31,0.87,27.45,0.87,13.51,2.83,0.44,1.09,1.53,2.4,5.23,2.4,1.74,0.44,1.09,0.87,10.68,5.45,1.53,3.7,5.88,1.74,2.4,0.22,1.31,1.74,13.51,8.06,1.53,5.23,2.61,6.54,5.88,1.53,1.96,"Forward"
"Youtube/6119.mp3","Donta Hall","donta hall",2021-02-26,2021,"2020-12-22","2021-07-20",23.5564681724846,82,230,NA,NA,NA,"2020-02-24",2019,FALSE,"F",79,13,0,NA,NA,NA,197,3,592,17.83,25.5,71.71,73.09,12.08,10.14,93.92,83.45,66.22,22.8,15.03,8.95,0.17,2.7,0.34,7.77,13.34,5.07,1.18,16.39,10.47,8.61,7.09,1.18,22.97,3.38,4.22,2.87,1.01,0.68,1.18,24.49,1.69,9.8,2.53,1.18,0.68,0.84,1.35,2.7,3.72,3.55,0.17,0.51,0.34,13.34,6.42,2.03,4.73,7.26,3.21,2.03,0.17,0.68,1.86,11.49,7.26,2.53,4.22,3.55,6.25,3.72,2.36,2.53,"Forward"
"Youtube/1897.mp3","Henry Ellenson","henry ellenson",2021-02-21,2021,"2020-12-22","2021-07-20",24.1067761806982,82,240,2016,1,18,"2016-10-26",2016,FALSE,"PF",21,2,0,NA,NA,NA,767,23,519,17.09,93.54,89.55,56.29,13.31,8.67,96.15,84.78,63.58,19.65,13.68,3.08,5.39,3.66,0.77,5.97,14.26,5.97,2.31,12.33,9.83,7.51,8.86,1.54,24.47,5.59,6.55,8.86,5.59,2.7,0.58,29.09,0.96,16.18,5.59,1.73,1.73,2.7,0.77,4.24,4.82,3.28,0.96,2.31,1.35,13.68,2.12,0.39,1.16,11.75,1.16,2.31,1.54,0.77,3.66,11.95,11.18,2.31,8.67,3.47,7.32,4.24,1.35,2.12,"Forward"
"Youtube/2562.mp3","Henry Ellenson","henry ellenson",2021-02-21,2021,"2020-12-22","2021-07-20",24.1067761806982,82,240,2016,1,18,"2016-10-26",2016,FALSE,"PF",21,2,0,NA,NA,NA,767,23,520,16.47,92.74,90.03,56.22,13.68,8.65,96.15,84.81,63.65,19.62,13.65,3.08,5.38,3.65,0.77,5.96,14.23,5.96,2.31,12.31,10,7.5,8.85,1.73,24.62,5.58,6.54,8.85,5.58,2.69,0.58,29.23,0.96,16.35,5.58,1.73,1.73,2.69,0.77,4.42,4.81,3.27,0.96,2.31,1.35,13.65,2.12,0.38,1.15,11.73,1.15,2.31,1.54,0.77,3.65,11.92,11.15,2.31,8.65,3.46,7.5,4.23,1.35,2.12,"Forward"
"Youtube/2681.mp3","Henry Ellenson","henry ellenson",2021-03-08,2021,"2020-12-22","2021-07-20",24.1478439425051,82,240,2016,1,18,"2016-10-26",2016,FALSE,"PF",6,2,0,NA,NA,NA,782,23,1671,12.71,61.05,97.38,63.59,13.16,8.08,94.85,80.73,61.64,20.29,14.66,7.18,2.93,3.47,0.84,5.63,13.58,5.92,1.56,11.67,11.07,7.84,8.32,1.68,23.88,5.57,5.8,7.06,3.95,2.21,1.08,28.49,1.5,13.7,5.75,1.62,1.38,2.39,0.3,2.99,4.37,3.53,0.78,1.44,1.08,10.47,1.92,0.9,0.66,8.98,0.78,3.77,2.03,1.14,2.15,13.11,10.41,2.27,7.78,4.43,6.4,5.21,1.8,1.08,"Forward"
"Youtube/3274.mp3","Henry Ellenson","henry ellenson",2021-03-01,2021,"2020-12-22","2021-07-20",24.1286789869952,82,240,2016,1,18,"2016-10-26",2016,FALSE,"PF",13,2,0,NA,NA,NA,775,23,1136,24.19,90.07,83.58,75.09,14.02,8.36,94.72,80.19,61.18,19.54,13.64,3.61,2.99,2.73,1.32,5.9,15.05,5.81,1.76,13.38,9.42,6.6,8.19,1.23,21.13,6.69,7.66,6.87,4.05,1.94,0.88,23.68,1.58,11.18,5.28,1.06,0.35,1.76,0.53,2.99,5.55,4.4,0.88,2.02,1.58,14.35,2.46,1.06,0.44,12.41,3.96,4.05,2.9,0.44,1.67,11.36,11.09,3.61,7.13,4.23,3.7,5.99,1.5,1.06,"Forward"
"Youtube/5455.mp3","Henry Ellenson","henry ellenson",2021-03-08,2021,"2020-12-22","2021-07-20",24.1478439425051,82,240,2016,1,18,"2016-10-26",2016,FALSE,"PF",6,2,0,NA,NA,NA,782,23,1671,12.25,61.05,97.38,63.59,13.16,8.08,94.85,80.85,61.82,20.41,14.66,7.18,2.93,3.47,0.84,5.75,13.7,5.92,1.56,11.61,11.19,7.84,8.32,1.68,23.94,5.57,5.8,7.06,3.95,2.21,1.08,28.61,1.5,13.7,5.75,1.62,1.38,2.39,0.3,2.99,4.37,3.53,0.78,1.44,1.08,10.41,1.86,0.9,0.6,8.98,0.78,3.77,2.03,1.14,2.15,13.11,10.41,2.27,7.78,4.43,6.4,5.33,1.8,1.08,"Forward"
"Youtube/904.mp3","Henry Ellenson","henry ellenson",2021-03-01,2021,"2020-12-22","2021-07-20",24.1286789869952,82,240,2016,1,18,"2016-10-26",2016,FALSE,"PF",13,2,0,NA,NA,NA,775,23,1135,24.34,90.1,83.67,75.14,14.19,8.37,94.71,80.18,61.15,19.47,13.66,3.61,3,2.73,1.32,5.81,15.07,5.81,1.76,13.39,9.43,6.61,8.19,1.23,21.15,6.7,7.67,6.87,4.05,1.94,0.88,23.7,1.59,11.19,5.29,1.06,0.35,1.76,0.53,3,5.55,4.41,0.88,2.03,1.59,14.36,2.47,1.06,0.44,12.42,3.96,4.05,2.91,0.44,1.67,11.37,11.1,3.61,7.14,4.23,3.7,5.99,1.5,1.06,"Forward"
"Youtube/2005.mp3","Jonas Valanciunas","jonas valanciunas",2020-08-15,2020,"2019-10-22","2020-10-11",28.2765229295003,83,265,2011,1,5,"2012-10-31",2012,FALSE,"C",247,50,1,"Injury/Illness - Concussion; NBA Concussion Protocol","head","concussion",493,70,432,9.58,99,33.29,93.93,8.64,7.41,93.98,82.64,58.56,25,18.98,2.55,8.33,5.32,0.23,6.02,9.95,4.63,0.23,11.34,9.95,8.1,4.4,2.31,25,8.33,2.78,12.96,9.26,3.24,0.46,31.94,3.7,13.89,5.79,0.69,3.47,0.69,1.16,1.62,7.41,6.48,0.93,1.85,1.85,21.53,3.7,1.39,0.69,18.06,2.78,4.4,3.01,1.39,2.31,19.68,7.64,0.46,4.4,6.48,3.47,8.33,0.46,0.93,"Center"
"Youtube/2111.mp3","Jonas Valanciunas","jonas valanciunas",2021-05-19,2021,"2020-12-22","2021-07-20",29.0349075975359,83,265,2011,1,5,"2012-10-31",2012,FALSE,"C",651,149,1,"Injury/Illness - Left Calf; Contusion","calf","contusion",26,12,473,3.45,99,69.5,97.56,8.02,9.09,95.35,81.82,62.37,26.43,18.18,1.27,7.82,8.03,0.63,8.25,10.78,3.38,1.48,10.78,14.59,6.34,6.55,0.85,27.91,6.13,3.38,13.53,9.51,2.75,1.27,29.6,0.85,14.8,7.82,1.27,1.06,1.48,1.48,2.75,7.61,6.98,0.42,2.33,1.9,20.3,2.33,1.48,1.06,18.82,0.42,3.17,1.9,0.85,0.42,13.11,7.4,2.75,5.07,2.75,5.07,7.82,2.96,2.33,"Center"
"Youtube/2642.mp3","Jonas Valanciunas","jonas valanciunas",2021-02-26,2021,"2020-12-22","2021-07-20",28.8104038329911,83,265,2011,1,5,"2012-10-31",2012,FALSE,"C",52,26,1,"Injury/Illness - Concussion; NBA Concussion Protocol","head","concussion",688,94,374,3.27,99,60.03,81.24,9.12,8.02,96.52,82.62,60.96,23.53,20.05,3.74,4.55,4.81,5.88,3.48,10.43,5.61,1.07,8.56,10.96,8.82,10.96,0.8,23.8,7.75,4.01,9.09,5.88,3.21,0,31.82,1.34,15.51,6.15,1.6,2.67,1.87,0.8,3.48,7.22,5.61,1.6,2.14,1.07,19.52,2.41,1.34,0.8,18.45,1.07,4.28,3.48,0.53,1.34,13.37,9.63,1.34,5.08,3.48,6.42,9.09,0.53,2.14,"Center"
"Youtube/4423.mp3","Jonas Valanciunas","jonas valanciunas",2021-05-19,2021,"2020-12-22","2021-07-20",29.0349075975359,83,265,2011,1,5,"2012-10-31",2012,FALSE,"C",651,149,1,"Injury/Illness - Left Calf; Contusion","calf","contusion",26,12,473,3.45,99,69.5,97.56,8.3,9.09,95.35,81.82,62.37,26.43,18.18,1.27,7.82,8.03,0.63,8.25,10.78,3.38,1.48,10.78,14.59,6.34,6.55,0.85,27.91,6.13,3.38,13.53,9.51,2.75,1.27,29.6,0.85,14.8,7.82,1.27,1.06,1.48,1.48,2.75,7.61,6.98,0.42,2.33,1.9,20.3,2.33,1.48,1.06,18.82,0.42,3.17,1.9,0.85,0.42,13.11,7.4,2.75,5.07,2.75,5.07,7.82,2.96,2.33,"Center"
"Youtube/5109.mp3","Jonas Valanciunas","jonas valanciunas",2021-02-26,2021,"2020-12-22","2021-07-20",28.8104038329911,83,265,2011,1,5,"2012-10-31",2012,FALSE,"C",52,26,1,"Injury/Illness - Concussion; NBA Concussion Protocol","head","concussion",688,94,374,3.27,99,60.03,81.24,9.12,8.02,96.52,82.62,60.96,23.53,20.05,3.74,4.55,4.81,5.88,3.48,10.43,5.61,1.07,8.56,10.96,8.82,10.96,0.8,23.8,7.75,4.01,9.09,5.88,3.21,0,31.82,1.34,15.51,6.15,1.6,2.67,1.87,0.8,3.48,7.22,5.61,1.6,2.14,1.07,19.52,2.41,1.34,0.8,18.45,1.07,4.28,3.48,0.53,1.34,13.37,9.63,1.34,5.08,3.48,6.42,9.09,0.53,2.14,"Center"
"Youtube/5432.mp3","Jonas Valanciunas","jonas valanciunas",2021-04-25,2021,"2020-12-22","2021-07-20",28.9691991786448,83,265,2011,1,5,"2012-10-31",2012,FALSE,"C",675,161,1,"Injury/Illness - Left Calf; Contusion","calf","contusion",2,0,379,10.67,99,22.65,99,8.81,11.87,93.14,80.47,58.84,22.96,16.36,1.58,7.12,4.75,0,6.6,10.82,5.01,0.53,11.35,12.4,6.86,7.12,0,24.01,9.5,4.22,13.98,8.97,4.49,0.53,29.02,1.32,12.93,6.07,0.79,1.58,1.32,2.11,1.85,10.03,9.76,0.26,2.9,2.9,19.79,4.22,2.9,1.06,17.15,3.17,4.49,3.17,0.79,2.11,10.82,5.54,0.53,4.22,4.22,3.43,8.44,1.85,2.11,"Center"
"Youtube/6225.mp3","Jonas Valanciunas","jonas valanciunas",2021-02-26,2021,"2020-12-22","2021-07-20",28.8104038329911,83,265,2011,1,5,"2012-10-31",2012,FALSE,"C",52,26,1,"Injury/Illness - Concussion; NBA Concussion Protocol","head","concussion",688,94,374,3.74,99,58.13,81.24,8.9,8.02,96.52,82.35,60.7,23.26,19.79,3.48,4.55,4.81,5.88,3.48,10.7,5.61,1.34,8.56,10.96,8.56,10.7,0.8,23.8,7.75,4.28,9.09,5.88,3.21,0,31.82,1.34,15.51,6.15,1.6,2.67,1.87,0.8,3.48,7.22,5.61,1.6,2.14,1.07,19.52,2.41,1.34,0.8,18.45,1.07,4.28,3.48,0.53,1.34,13.64,9.63,1.34,5.08,3.48,6.42,9.09,0.53,2.14,"Center"
"Youtube/958.mp3","Jonas Valanciunas","jonas valanciunas",2021-02-26,2021,"2020-12-22","2021-07-20",28.8104038329911,83,265,2011,1,5,"2012-10-31",2012,FALSE,"C",52,26,1,"Injury/Illness - Concussion; NBA Concussion Protocol","head","concussion",688,94,374,3.27,99,60.03,81.24,8.9,8.02,96.52,82.62,60.96,23.53,20.05,3.74,4.55,4.81,5.88,3.48,10.43,5.61,1.07,8.56,10.96,8.82,10.96,0.8,23.8,7.75,4.01,9.09,5.88,3.21,0,31.82,1.34,15.51,6.15,1.6,2.67,1.87,0.8,3.48,7.22,5.61,1.6,2.14,1.07,19.52,2.41,1.34,0.8,18.45,1.07,4.28,3.48,0.53,1.34,13.37,9.63,1.34,5.08,3.48,6.42,9.09,0.53,2.14,"Center"
"Youtube/2068.mp3","Justin Champagnie","justin champagnie",2022-04-02,2022,"2021-10-19","2022-06-16",20.7583846680356,78,206,NA,NA,NA,"2021-10-20",2021,TRUE,"F",228,3,1,"Injury/Illness - Back; Lower back - pain","back","pain",162,35,578,2.55,90.95,59.01,80.88,8.03,8.3,96.02,85.64,65.74,26.99,17.82,7.09,1.38,6.92,0.17,9.17,12.8,4.15,1.21,10.55,12.63,9.34,6.06,2.08,26.64,3.98,4.33,5.36,2.25,2.08,1.38,27.68,2.25,13.84,6.57,1.21,2.25,1.56,1.21,2.08,4.33,4.15,0.17,1.9,1.73,16.09,2.94,0.87,1.21,13.49,2.77,1.21,0.35,0.35,2.42,16.26,6.06,1.38,3.63,2.94,1.73,8.48,1.9,2.94,"Forward"
"Youtube/222.mp3","Justin Champagnie","justin champagnie",2022-04-02,2022,"2021-10-19","2022-06-16",20.7583846680356,78,206,NA,NA,NA,"2021-10-20",2021,TRUE,"F",228,3,1,"Injury/Illness - Back; Lower back - pain","back","pain",162,35,577,2.83,89.64,60.49,82.92,7.9,8.15,96.19,85.79,65.51,26.69,17.85,7.28,1.21,6.93,0.17,8.84,12.82,4.16,1.21,10.75,12.65,9.36,5.89,2.08,26.86,4.16,4.33,5.2,2.08,2.08,1.39,27.56,2.25,14.04,6.59,1.21,2.43,1.56,1.21,2.08,4.51,4.33,0.17,2.08,1.91,15.94,2.95,0.87,1.21,13.34,2.77,1.39,0.52,0.35,2.6,16.64,6.24,1.39,3.81,2.95,1.39,8.49,1.91,2.95,"Forward"
"Youtube/2356.mp3","Justin Champagnie","justin champagnie",2022-01-04,2022,"2021-10-19","2022-06-16",20.517453798768,78,206,NA,NA,NA,"2021-10-20",2021,TRUE,"F",316,20,1,"Injury/Illness - Back; Lower back - pain","back","pain",74,17,1022,7.75,42.93,78.18,58.53,12.17,7.05,94.72,82.97,66.34,23.19,16.05,8.71,0.2,3.03,0.88,7.14,11.06,4.5,1.08,13.8,10.18,9.98,9,1.27,21.92,4.6,4.11,3.42,1.47,1.96,0,23.09,1.76,9.78,4.5,0.49,1.27,1.37,0.39,2.35,3.91,3.03,0.59,1.17,0.78,13.21,4.21,0.98,2.05,9.59,3.42,3.03,1.47,1.37,1.66,12.33,8.02,2.05,5.19,3.91,4.6,5.58,0.98,2.35,"Forward"
"Youtube/4943.mp3","Justin Champagnie","justin champagnie",2022-01-04,2022,"2021-10-19","2022-06-16",20.517453798768,78,206,NA,NA,NA,"2021-10-20",2021,TRUE,"F",316,20,1,"Injury/Illness - Back; Lower back - pain","back","pain",74,17,1022,8.07,43.52,78.18,56.92,12.17,7.05,94.62,82.78,66.24,23.19,16.05,8.71,0.2,3.03,0.88,7.14,11.06,4.5,1.08,13.89,10.08,9.98,8.9,1.27,21.72,4.6,4.11,3.42,1.47,1.96,0,22.99,1.76,9.78,4.5,0.49,1.27,1.37,0.39,2.35,3.82,2.94,0.59,1.17,0.78,13.31,4.21,0.98,2.05,9.69,3.42,3.03,1.47,1.37,1.66,12.33,8.02,2.05,5.19,3.91,4.5,5.58,0.98,2.35,"Forward"
"Youtube/2104.mp3","Torrey Craig","torrey craig",2022-03-18,2022,"2021-10-19","2022-06-16",31.2443531827515,77,221,NA,NA,NA,"2017-11-29",2017,FALSE,"SF",49,17,1,"Injury/Illness - Right Elbow; Contusion","elbow","contusion",72,31,303,35.52,70.68,66.47,71.98,9.47,8.58,94.06,77.89,60.73,17.16,7.92,5.28,1.98,0.33,0.33,9.24,16.17,6.93,0,14.85,10.23,5.61,10.23,0,19.14,5.61,6.6,5.94,2.97,2.31,0.66,22.11,3.3,7.92,3.63,1.65,0.99,0.99,0.66,0.66,3.96,3.63,0.33,1.32,0.99,11.55,3.63,0.99,1.32,8.91,3.96,3.3,1.65,1.65,0.66,9.57,8.91,1.32,7.59,2.97,6.27,3.96,1.32,3.3,"Forward"
"Youtube/225.mp3","Torrey Craig","torrey craig",2022-03-18,2022,"2021-10-19","2022-06-16",31.2443531827515,77,221,NA,NA,NA,"2017-11-29",2017,FALSE,"SF",49,17,1,"Injury/Illness - Right Elbow; Contusion","elbow","contusion",72,31,304,33.88,68.84,68.16,71.82,9.5,8.55,94.08,77.96,60.53,17.43,8.22,5.59,1.97,0.33,0.33,9.21,16.12,6.91,0,14.47,10.2,5.59,10.2,0,19.08,5.59,6.58,5.92,2.96,2.3,0.66,22.04,3.29,7.89,3.62,1.64,0.99,0.99,0.66,0.66,3.95,3.62,0.33,1.32,0.99,11.51,3.62,0.99,1.32,8.88,3.95,3.29,1.64,1.64,0.66,9.54,8.88,1.32,7.57,2.96,6.25,3.95,1.32,3.62,"Forward"
"Youtube/3191.mp3","Torrey Craig","torrey craig",2022-03-18,2022,"2021-10-19","2022-06-16",31.2443531827515,77,221,NA,NA,NA,"2017-11-29",2017,FALSE,"SF",49,17,1,"Injury/Illness - Right Elbow; Contusion","elbow","contusion",72,31,303,34.6,70.68,66.47,71.98,9.47,8.58,94.06,77.89,60.4,17.16,7.92,5.28,1.98,0.33,0.33,9.24,16.17,6.93,0,14.52,10.23,5.61,10.23,0,19.14,5.61,6.6,5.94,2.97,2.31,0.66,22.11,3.3,7.92,3.63,1.65,0.99,0.99,0.66,0.66,3.96,3.63,0.33,1.32,0.99,11.55,3.63,0.99,1.32,8.91,3.96,3.3,1.65,1.65,0.66,9.57,8.91,1.32,7.59,2.97,6.27,3.96,1.32,3.63,"Forward"
"Youtube/4663.mp3","Torrey Craig","torrey craig",2022-03-18,2022,"2021-10-19","2022-06-16",31.2443531827515,77,221,NA,NA,NA,"2017-11-29",2017,FALSE,"SF",49,17,1,"Injury/Illness - Right Elbow; Contusion","elbow","contusion",72,31,304,33.88,68.84,68.16,71.82,9.5,8.55,94.08,77.96,60.53,17.43,8.22,5.59,1.97,0.33,0.33,9.21,16.12,6.91,0,14.47,10.2,5.59,10.2,0,19.08,5.59,6.58,5.92,2.96,2.3,0.66,22.04,3.29,7.89,3.62,1.64,0.99,0.99,0.66,0.66,3.95,3.62,0.33,1.32,0.99,11.51,3.62,0.99,1.32,8.88,3.95,3.29,1.64,1.64,0.66,9.54,8.88,1.32,7.57,2.96,6.25,3.95,1.32,3.62,"Forward"
"Youtube/6223.mp3","Torrey Craig","torrey craig",2022-03-18,2022,"2021-10-19","2022-06-16",31.2443531827515,77,221,NA,NA,NA,"2017-11-29",2017,FALSE,"SF",49,17,1,"Injury/Illness - Right Elbow; Contusion","elbow","contusion",72,31,304,33.88,68.84,68.16,71.82,9.5,8.55,94.08,77.96,60.53,17.43,8.22,5.59,1.97,0.33,0.33,9.21,16.12,6.91,0,14.47,10.2,5.59,10.2,0,19.08,5.59,6.58,5.92,2.96,2.3,0.66,22.04,3.29,7.89,3.62,1.64,0.99,0.99,0.66,0.66,3.95,3.62,0.33,1.32,0.99,11.51,3.62,0.99,1.32,8.88,3.95,3.29,1.64,1.64,0.66,9.54,8.88,1.32,7.57,2.96,6.25,3.95,1.32,3.62,"Forward"
"Youtube/2142.mp3","Markelle Fultz","markelle fultz",2026-03-28,2026,"2025-10-21","2026-06-13",27.8302532511978,76,209,2017,1,1,"2017-10-18",2017,FALSE,"G",3,2,0,NA,NA,NA,748,48,967,16.57,59.13,86.5,82.67,21.02,9.41,97.52,80.97,64.32,20.58,12.82,7.24,1.03,4.03,0,7.76,14.48,5.58,0.93,14.06,9.82,8.07,10.13,0.41,22.13,4.65,4.34,6.72,2.28,3.83,0.72,23.37,1.14,12.51,5.48,1.45,2.07,2.07,0.41,1.96,5.17,4.65,0.52,0.72,0.52,10.75,3,0.83,0.72,7.76,0.83,5.07,2.79,1.34,2.28,11.69,8.17,1.96,5.69,4.03,3.1,5.27,1.03,1.55,"Guard"
"Youtube/4413.mp3","Markelle Fultz","markelle fultz",2026-03-28,2026,"2025-10-21","2026-06-13",27.8302532511978,76,209,2017,1,1,"2017-10-18",2017,FALSE,"G",3,2,0,NA,NA,NA,748,48,967,16.57,59.13,86.5,82.67,21.02,9.41,97.52,80.97,64.32,20.58,12.82,7.24,1.03,4.03,0,7.76,14.48,5.58,0.93,14.06,9.82,8.07,10.13,0.41,22.13,4.65,4.34,6.72,2.28,3.83,0.72,23.37,1.14,12.51,5.48,1.45,2.07,2.07,0.41,1.96,5.17,4.65,0.52,0.72,0.52,10.75,3,0.83,0.72,7.76,0.83,5.07,2.79,1.34,2.28,11.69,8.17,1.96,5.69,4.03,3.1,5.27,1.03,1.55,"Guard"
"Youtube/2342.mp3","Omer Yurtseven","omer yurtseven",2026-03-15,2026,"2025-10-21","2026-06-13",27.7371663244353,83,275,NA,NA,NA,"2021-10-22",2021,FALSE,"C",31,10,0,NA,NA,NA,722,10,838,17.28,62.69,93,70.85,13.74,9.55,93.91,79.71,64.32,21.24,12.29,5.97,0.72,4.53,0.84,8.95,15.27,6.09,2.27,12.17,9.9,7.64,7.88,0.6,19.69,5.13,6.68,4.53,1.79,1.67,1.19,28.52,1.79,15.04,6.68,1.67,1.55,2.39,1.31,2.39,4.06,3.46,0.24,1.07,0.72,9.55,2.63,0.84,1.19,7.52,0.36,2.63,1.31,0.84,0.95,11.93,9.55,0.95,8,4.06,3.46,5.85,2.03,2.63,"Center"
"Youtube/794.mp3","Omer Yurtseven","omer yurtseven",2026-03-15,2026,"2025-10-21","2026-06-13",27.7371663244353,83,275,NA,NA,NA,"2021-10-22",2021,FALSE,"C",31,10,0,NA,NA,NA,722,10,911,15.47,70.62,93.46,68.61,13.01,9.77,93.74,80.02,64.76,21.3,12.29,5.49,0.66,4.94,0.99,9,15.15,6.04,2.41,12.29,9.99,8.78,7.68,0.55,19.65,4.94,6.7,4.17,1.65,1.54,1.1,29.2,1.65,14.82,6.81,1.87,1.54,2.31,1.32,2.2,4.06,3.4,0.33,0.99,0.66,9.99,2.63,0.77,1.1,7.9,0.33,2.85,1.65,0.77,1.21,12.07,9.55,0.99,7.9,4.83,3.73,6.04,1.87,2.41,"Center"
"Youtube/2471.mp3","David Johnson","david johnson",2022-02-03,2022,"2021-10-19","2022-06-16",20.9363449691992,76,203,2021,2,47,"2021-10-20",2021,FALSE,"G",1,1,0,NA,NA,NA,30,0,310,11.24,89.5,56.58,83.29,11.07,11.94,96.13,80.65,64.84,23.55,12.58,4.52,4.84,1.61,0.65,10.97,15.81,5.16,2.26,12.9,10.65,6.77,9.03,0.65,20,4.52,7.42,11.94,7.74,3.23,1.29,26.45,3.23,10.32,3.87,1.94,1.29,0.97,0.97,1.94,6.13,5.16,0.97,1.94,1.94,13.23,2.9,1.61,0,10.65,1.29,3.55,1.61,0.65,1.94,12.58,9.03,1.29,5.48,4.19,5.81,6.45,1.29,1.94,"Guard"
"Youtube/2897.mp3","David Johnson","david johnson",2022-02-01,2022,"2021-10-19","2022-06-16",20.9308692676249,76,203,2021,2,47,"2021-10-20",2021,FALSE,"G",1,1,0,NA,NA,NA,28,0,475,29.17,64.91,92.08,85.62,19,12.63,95.16,79.37,60.42,18.53,12,5.26,2.95,2.53,1.26,6.53,14.11,5.68,0.21,14.11,9.26,5.26,9.05,1.47,21.05,5.89,6.53,7.37,4.84,2.11,0.42,25.05,2.11,12.84,4,1.68,2.74,1.68,0.84,3.79,5.26,4.84,0.42,0.63,0.42,11.58,2.95,1.47,1.05,9.26,0,4,2.74,1.26,2.95,10.53,11.37,2.32,8.21,5.05,1.89,7.16,3.37,1.89,"Guard"
"Youtube/2630.mp3","Jerami Grant","jerami grant",2026-04-26,2026,"2025-10-21","2026-06-13",32.1232032854209,79,213,2014,2,39,"2014-11-18",2014,TRUE,"F",2,1,0,NA,NA,NA,14,4,467,24.92,90.79,88.11,64.1,9.94,10.06,93.58,77.3,58.03,21.2,15.85,4.5,3.21,3.21,3.64,5.35,13.06,7.49,0.86,12.42,9.42,7.28,6.42,1.07,22.48,4.71,4.93,7.49,3.85,2.57,1.07,28.91,0.64,18.63,10.71,1.5,1.71,1.5,1.5,3,4.5,3.64,0.86,1.07,0.86,13.7,1.28,1.07,0.21,12.63,1.28,2.78,1.71,0.86,2.36,10.92,6.85,1.28,5.35,2.78,1.93,5.35,1.71,3.21,"Forward"
"Youtube/3899.mp3","Jerami Grant","jerami grant",2026-04-26,2026,"2025-10-21","2026-06-13",32.1232032854209,79,213,2014,2,39,"2014-11-18",2014,TRUE,"F",2,1,0,NA,NA,NA,14,4,467,24.92,90.79,88.11,64.1,9.94,10.06,93.58,77.3,58.03,21.2,15.85,4.5,3.21,3.21,3.64,5.35,13.06,7.49,0.86,12.42,9.42,7.28,6.42,1.07,22.48,4.71,4.93,7.49,3.85,2.57,1.07,28.91,0.64,18.63,10.71,1.5,1.71,1.5,1.5,3,4.5,3.64,0.86,1.07,0.86,13.7,1.28,1.07,0.21,12.63,1.28,2.78,1.71,0.86,2.36,10.92,6.85,1.28,5.35,2.78,1.93,5.35,1.71,3.21,"Forward"
"Youtube/2661.mp3","Bryce McGowens","bryce mcgowens",2025-02-14,2025,"2024-10-22","2025-06-22",22.2696783025325,78,190,2022,2,40,"2022-10-20",2022,TRUE,"G",41,5,1,"Injury/Illness - Right Rib; Fracture","rib","fracture",328,17,428,18.73,96.3,50.76,98.07,6.69,8.88,92.29,76.87,56.31,22.66,19.39,6.31,2.57,4.91,1.87,3.27,9.58,5.37,0.7,10.98,9.35,5.14,5.84,1.64,21.03,4.67,2.1,5.14,3.5,1.17,0.47,22.9,1.4,10.98,4.91,1.64,2.1,0.93,0.23,1.4,8.64,7.71,0.93,3.27,2.8,17.76,2.34,1.64,1.17,15.42,5.84,2.8,1.87,0.23,0.93,11.68,10.05,2.57,5.61,3.27,7.71,4.21,1.4,4.67,"Guard"
"Youtube/2719.mp3","Bryce McGowens","bryce mcgowens",2025-02-14,2025,"2024-10-22","2025-06-22",22.2696783025325,78,190,2022,2,40,"2022-10-20",2022,TRUE,"G",41,5,1,"Injury/Illness - Right Rib; Fracture","rib","fracture",328,17,431,18.66,96.19,53.2,97.42,6.84,8.82,92.11,76.8,56.38,22.51,19.26,6.26,2.55,4.87,1.86,3.25,9.74,5.34,0.7,10.9,9.28,5.34,5.8,1.62,21.11,4.41,2.09,5.1,3.48,1.16,0.46,23.43,1.39,11.37,5.1,1.62,2.09,1.16,0.23,1.39,8.35,7.42,0.93,3.25,2.78,17.63,2.32,1.62,1.16,15.31,5.8,2.78,1.86,0.23,0.93,11.6,9.98,2.55,5.57,3.48,7.66,4.18,1.39,4.64,"Guard"
"Youtube/3302.mp3","Bryce McGowens","bryce mcgowens",2025-02-14,2025,"2024-10-22","2025-06-22",22.2696783025325,78,190,2022,2,40,"2022-10-20",2022,TRUE,"G",41,5,1,"Injury/Illness - Right Rib; Fracture","rib","fracture",328,17,429,18.39,96.26,52.14,97.49,6.81,8.86,92.07,76.69,56.41,22.61,19.35,6.29,2.56,4.9,1.86,3.26,9.56,5.36,0.7,10.96,9.32,5.36,5.83,1.63,20.98,4.43,2.1,5.13,3.5,1.17,0.47,23.08,1.4,10.96,4.9,1.63,2.1,0.93,0.23,1.4,8.39,7.46,0.93,3.26,2.8,17.72,2.33,1.63,1.17,15.38,5.83,2.8,1.86,0.23,0.93,11.42,10.02,2.56,5.59,3.5,7.69,4.2,1.4,4.66,"Guard"
"Youtube/2904.mp3","Jontay Porter","jontay porter",2021-03-27,2021,"2020-12-22","2021-07-20",21.3634496919918,82,240,NA,NA,NA,"2020-12-31",2020,FALSE,"C",1042,23,1,"Injury/Illness - Bilateral Back; Spasms; lower","back","spasm",12,1,513,15.72,95.11,62.55,77.5,12.82,5.85,93.96,81.87,64.13,22.61,15.79,4.09,2.14,4.29,3.31,6.82,15.79,7.02,1.36,12.28,8.77,10.33,7.41,0,19.69,6.63,5.07,6.04,3.12,1.95,0.97,26.32,0.58,16.37,6.24,0.19,1.36,2.73,3.7,2.73,6.04,4.87,1.17,1.75,1.56,14.04,1.95,0.97,0.39,13.06,2.14,3.31,1.95,0.78,1.17,12.28,10.72,2.92,5.26,1.95,3.12,7.99,0.58,1.75,"Center"
"Youtube/651.mp3","Jontay Porter","jontay porter",2021-03-27,2021,"2020-12-22","2021-07-20",21.3634496919918,82,240,NA,NA,NA,"2020-12-31",2020,FALSE,"C",1042,23,1,"Injury/Illness - Bilateral Back; Spasms; lower","back","spasm",12,1,515,14.89,95.59,60.68,79.74,12.56,5.83,93.79,81.75,63.88,22.72,15.92,4.08,2.33,4.27,3.3,6.8,15.73,6.99,1.36,12.04,8.93,10.29,7.38,0,20,6.6,5.05,6.21,3.3,1.94,0.97,26.41,0.58,16.31,6.21,0.19,1.36,2.72,3.69,2.72,6.21,5.05,1.17,1.75,1.55,14.37,2.14,1.17,0.58,13.2,2.14,3.3,1.94,0.78,1.17,12.04,10.49,2.91,5.05,1.94,3.3,7.96,0.58,1.75,"Center"
"Youtube/2938.mp3","Khem Birch","khem birch",2021-11-01,2022,"2021-10-19","2022-06-16",29.0924024640657,80,233,NA,NA,NA,"2017-10-22",2017,FALSE,"C",6,2,1,"Injury/Illness - Right Knee; Swelling","knee","swelling",637,92,423,2.07,40.06,99,61.12,11.13,10.17,96.69,82.51,63.83,23.88,17.26,10.17,1.18,5.44,0.24,6.62,11.82,4.73,1.42,9.93,13.95,9.22,9.46,1.65,25.3,4.49,5.91,4.26,1.18,2.36,0.71,31.68,0.71,17.26,7.8,1.18,0.95,3.55,0.71,3.31,5.67,4.02,1.42,1.65,0.47,10.17,1.65,0.47,0.71,8.51,0.47,2.6,1.65,0.71,0.95,14.89,6.86,1.89,3.07,5.91,5.91,7.8,0.95,2.36,"Center"
"Youtube/3374.mp3","Khem Birch","khem birch",2021-11-01,2022,"2021-10-19","2022-06-16",29.0924024640657,80,233,NA,NA,NA,"2017-10-22",2017,FALSE,"C",6,2,1,"Injury/Illness - Right Knee; Swelling","knee","swelling",637,92,423,2.07,40.06,99,61.12,10.85,10.17,96.69,82.51,63.83,23.88,17.26,10.17,1.18,5.44,0.24,6.62,11.82,4.73,1.42,9.93,13.95,9.22,9.46,1.65,25.3,4.49,5.91,4.26,1.18,2.36,0.71,31.68,0.71,17.26,7.8,1.18,0.95,3.55,0.71,3.31,5.67,4.02,1.42,1.65,0.47,10.17,1.65,0.47,0.71,8.51,0.47,2.6,1.65,0.71,0.95,14.89,6.86,1.89,3.07,5.91,5.91,7.8,0.95,2.36,"Center"
"Youtube/3813.mp3","Khem Birch","khem birch",2022-03-11,2022,"2021-10-19","2022-06-16",29.4483230663929,80,233,NA,NA,NA,"2017-10-22",2017,FALSE,"C",17,8,1,"Injury/Illness - Right Knee; Swelling","knee","swelling",38,16,798,2.35,83.53,83.83,61.63,13.08,8.77,96.37,84.59,65.16,26.44,19.55,8.27,1.63,6.52,1.13,6.89,12.53,4.51,1.25,10.03,11.9,9.9,7.02,2.13,25.19,5.01,4.14,4.89,2.51,1.75,0.63,32.08,1.75,18.17,8.02,2.51,1.75,2.88,1.38,2.63,5.14,3.76,1.13,1.5,0.75,15.54,3.26,1.25,1.63,13.03,2.38,1.63,1.25,0.25,0.88,15.29,6.02,1.38,3.13,3.76,4.76,7.77,1.63,2.38,"Center"
"Youtube/4066.mp3","Khem Birch","khem birch",2021-11-01,2022,"2021-10-19","2022-06-16",29.0924024640657,80,233,NA,NA,NA,"2017-10-22",2017,FALSE,"C",6,2,1,"Injury/Illness - Right Knee; Swelling","knee","swelling",637,92,423,2.07,40.06,99,61.12,11.13,10.17,96.69,82.51,63.83,23.88,17.26,10.17,1.18,5.44,0.24,6.62,11.82,4.73,1.42,9.93,13.95,9.22,9.46,1.65,25.3,4.49,5.91,4.26,1.18,2.36,0.71,31.68,0.71,17.26,7.8,1.18,0.95,3.55,0.71,3.31,5.67,4.02,1.42,1.65,0.47,10.17,1.65,0.47,0.71,8.51,0.47,2.6,1.65,0.71,0.95,14.89,6.86,1.89,3.07,5.91,5.91,7.8,0.95,2.36,"Center"
"Youtube/5710.mp3","Khem Birch","khem birch",2022-03-11,2022,"2021-10-19","2022-06-16",29.4483230663929,80,233,NA,NA,NA,"2017-10-22",2017,FALSE,"C",17,8,1,"Injury/Illness - Right Knee; Swelling","knee","swelling",38,16,797,2.21,82.61,85.05,61.69,12.85,8.66,96.24,84.44,64.87,26.73,19.82,8.53,1.63,6.52,1.13,6.9,12.3,4.39,1.13,9.91,11.79,9.79,7.03,2.13,25.09,4.89,4.02,4.89,2.51,1.76,0.63,31.99,1.76,18.07,8.03,2.51,1.76,2.76,1.38,2.63,5.14,3.76,1.13,1.51,0.75,15.56,3.26,1.25,1.76,13.05,2.38,1.51,1.25,0.13,0.88,15.43,6.15,1.38,3.14,3.76,4.77,7.78,1.63,2.51,"Center"
"Youtube/676.mp3","Khem Birch","khem birch",2022-03-11,2022,"2021-10-19","2022-06-16",29.4483230663929,80,233,NA,NA,NA,"2017-10-22",2017,FALSE,"C",17,8,1,"Injury/Illness - Right Knee; Swelling","knee","swelling",38,16,799,2.32,82.54,85.32,61.58,13.1,8.76,96.37,84.61,65.21,26.66,19.77,8.51,1.63,6.51,1.13,6.88,12.39,4.38,1.25,10.14,11.76,9.89,7.01,2.13,25.03,5.01,4.13,4.88,2.5,1.75,0.63,32.04,1.75,18.15,8.01,2.5,1.75,2.88,1.38,2.63,5.13,3.75,1.13,1.5,0.75,15.52,3.25,1.25,1.63,13.02,2.38,1.63,1.25,0.25,0.88,15.27,6.13,1.38,3.25,3.75,4.76,7.76,1.63,2.38,"Center"
"Youtube/2992.mp3","Gorgui Dieng","gorgui dieng",2021-02-01,2021,"2020-12-22","2021-07-20",31.0390143737166,82,265,2013,1,21,"2013-10-31",2013,FALSE,"C",59,11,1,"Injury/Illness - Right Shoulder; Sprain","shoulder","sprain",773,120,311,1.89,83.13,88.57,83.14,11.52,8.68,94.86,79.1,61.74,26.69,18.97,8.68,7.4,2.25,0.64,7.72,12.22,4.82,0.32,8.04,13.5,7.4,6.43,2.89,26.05,2.89,4.18,12.54,10.29,1.93,0.32,29.9,3.86,13.5,6.11,0.96,1.29,2.57,0,2.89,4.82,4.5,0.32,1.29,0.96,15.43,3.54,1.93,0.64,12.86,0,5.79,4.18,1.29,1.93,14.15,5.79,1.61,3.54,3.22,3.86,6.43,5.14,1.29,"Center"
"Youtube/4024.mp3","Gorgui Dieng","gorgui dieng",2021-02-01,2021,"2020-12-22","2021-07-20",31.0390143737166,82,265,2013,1,21,"2013-10-31",2013,FALSE,"C",59,11,1,"Injury/Illness - Right Shoulder; Sprain","shoulder","sprain",773,120,310,1.76,83.23,88.85,83.29,11.07,8.71,94.84,79.03,61.61,26.77,19.03,8.71,7.42,2.26,0.65,7.74,11.94,4.52,0.32,8.06,13.55,7.42,6.45,2.9,26.13,2.9,4.19,12.58,10.32,1.94,0.32,30,3.87,13.55,6.13,0.97,1.29,2.58,0,2.9,4.84,4.52,0.32,1.29,0.97,15.48,3.55,1.94,0.65,12.9,0,5.81,4.19,1.29,1.94,14.19,5.81,1.61,3.55,3.23,3.87,6.45,5.16,1.29,"Center"
"Youtube/5793.mp3","Gorgui Dieng","gorgui dieng",2021-02-01,2021,"2020-12-22","2021-07-20",31.0390143737166,82,265,2013,1,21,"2013-10-31",2013,FALSE,"C",59,11,1,"Injury/Illness - Right Shoulder; Sprain","shoulder","sprain",773,120,312,1.93,83.03,88.3,83,11.56,8.65,94.87,79.17,61.54,26.6,18.91,8.65,7.37,2.24,0.64,7.69,12.18,4.81,0.32,8.01,13.46,7.37,6.41,2.88,25.96,2.88,4.49,12.5,10.26,1.92,0.32,29.81,3.85,13.46,6.09,0.96,1.28,2.56,0,2.88,4.81,4.49,0.32,1.28,0.96,15.38,3.53,1.92,0.64,12.82,0,5.77,4.17,1.28,1.92,14.1,5.77,1.6,3.53,3.21,3.85,6.41,5.13,1.28,"Center"
"Youtube/754.mp3","Gorgui Dieng","gorgui dieng",2021-02-01,2021,"2020-12-22","2021-07-20",31.0390143737166,82,265,2013,1,21,"2013-10-31",2013,FALSE,"C",59,11,1,"Injury/Illness - Right Shoulder; Sprain","shoulder","sprain",773,120,312,1.93,83.03,88.3,83,11.56,8.65,94.87,79.17,61.54,26.6,18.91,8.65,7.37,2.24,0.64,7.69,12.18,4.81,0.32,8.01,13.46,7.37,6.41,2.88,25.96,2.88,4.49,12.5,10.26,1.92,0.32,29.81,3.85,13.46,6.09,0.96,1.28,2.56,0,2.88,4.81,4.49,0.32,1.28,0.96,15.38,3.53,1.92,0.64,12.82,0,5.77,4.17,1.28,1.92,14.1,5.77,1.6,3.53,3.21,3.85,6.41,5.13,1.28,"Center"
"Youtube/3018.mp3","James Wiseman","james wiseman",2022-03-25,2022,"2021-10-19","2022-06-16",20.9828884325804,83,240,2020,1,2,"2020-12-23",2020,FALSE,"C",280,19,1,"Injury/Illness - Left Ankle; Sprain","ankle","sprain",157,0,298,3.84,48.03,72.87,81.43,10.28,8.39,94.63,81.21,66.78,17.79,10.4,3.36,3.36,1.34,0,7.38,16.44,4.7,1.68,12.42,13.09,12.42,10.4,3.36,20.47,5.7,5.37,5.03,3.36,1.34,0.34,26.85,1.01,14.43,6.04,2.01,1.34,1.01,1.01,4.03,4.7,4.36,0.34,1.01,0.67,9.4,2.01,0.34,1.34,7.38,2.35,2.01,2.01,0,0.34,9.73,9.4,0.34,5.03,6.38,3.02,8.72,1.34,3.36,"Center"
"Youtube/4112.mp3","James Wiseman","james wiseman",2022-03-25,2022,"2021-10-19","2022-06-16",20.9828884325804,83,240,2020,1,2,"2020-12-23",2020,FALSE,"C",280,19,1,"Injury/Illness - Left Ankle; Sprain","ankle","sprain",157,0,298,3.84,48.03,72.87,81.43,10.64,8.39,94.63,81.21,66.78,17.79,10.4,3.36,3.36,1.34,0,7.38,16.44,4.7,1.68,12.42,13.09,12.42,10.4,3.36,20.47,5.7,5.37,5.03,3.36,1.34,0.34,26.85,1.01,14.43,6.04,2.01,1.34,1.01,1.01,4.03,4.7,4.36,0.34,1.01,0.67,9.4,2.01,0.34,1.34,7.38,2.35,2.01,2.01,0,0.34,9.73,9.4,0.34,5.03,6.38,3.02,8.72,1.34,3.36,"Center"
"Youtube/5181.mp3","James Wiseman","james wiseman",2022-03-25,2022,"2021-10-19","2022-06-16",20.9828884325804,83,240,2020,1,2,"2020-12-23",2020,FALSE,"C",280,19,1,"Injury/Illness - Left Ankle; Sprain","ankle","sprain",157,0,298,3.84,48.03,72.87,81.43,10.64,8.39,94.63,81.21,66.78,17.79,10.4,3.36,3.36,1.34,0,7.38,16.44,4.7,1.68,12.42,13.09,12.42,10.4,3.36,20.47,5.7,5.37,5.03,3.36,1.34,0.34,26.85,1.01,14.43,6.04,2.01,1.34,1.01,1.01,4.03,4.7,4.36,0.34,1.01,0.67,9.4,2.01,0.34,1.34,7.38,2.35,2.01,2.01,0,0.34,9.73,9.4,0.34,5.03,6.38,3.02,8.72,1.34,3.36,"Center"
"Youtube/941.mp3","James Wiseman","james wiseman",2022-03-25,2022,"2021-10-19","2022-06-16",20.9828884325804,83,240,2020,1,2,"2020-12-23",2020,FALSE,"C",280,19,1,"Injury/Illness - Left Ankle; Sprain","ankle","sprain",157,0,298,3.84,48.03,72.87,81.43,10.64,8.39,94.63,81.21,66.78,17.79,10.4,3.36,3.36,1.34,0,7.38,16.44,4.7,1.68,12.42,13.09,12.42,10.4,3.36,20.47,5.7,5.37,5.03,3.36,1.34,0.34,26.85,1.01,14.43,6.04,2.01,1.34,1.01,1.01,4.03,4.7,4.36,0.34,1.01,0.67,9.4,2.01,0.34,1.34,7.38,2.35,2.01,2.01,0,0.34,9.73,9.4,0.34,5.03,6.38,3.02,8.72,1.34,3.36,"Center"
"Youtube/3580.mp3","Vasilije Micic","vasilije micic",2024-03-15,2024,"2023-10-24","2024-06-17",30.1683778234086,75,188,2014,2,52,"2023-10-26",2023,FALSE,"G",19,8,1,"Injury/Illness - Right Shoulder; Strain","shoulder","strain",140,45,520,6.51,11.38,91.74,93.01,15.76,12.12,94.23,81.15,65.58,23.85,15.38,10.19,1.54,1.15,0.19,8.46,14.62,5.96,0.96,11.73,10.19,9.23,8.46,2.5,19.62,5.77,4.62,5.77,2.5,2.88,0.77,33.08,1.15,18.65,5.38,2.88,1.92,3.46,1.92,3.65,6.92,5.96,0.58,2.88,1.92,9.81,2.12,0.77,1.15,7.31,2.69,2.12,1.54,0.58,0.38,9.81,5.58,0.19,4.04,6.54,3.65,7.88,1.54,2.31,"Guard"
"Youtube/887.mp3","Vasilije Micic","vasilije micic",2024-03-15,2024,"2023-10-24","2024-06-17",30.1683778234086,75,188,2014,2,52,"2023-10-26",2023,FALSE,"G",19,8,1,"Injury/Illness - Right Shoulder; Strain","shoulder","strain",140,45,522,6.64,10.9,91.46,91.69,16.31,12.07,94.25,80.84,65.52,23.75,15.33,10.15,1.53,1.15,0.19,8.43,14.56,5.94,0.96,11.88,10.15,9.2,8.62,2.49,19.54,5.56,4.6,5.75,2.49,2.87,0.77,32.95,1.15,18.58,5.36,2.87,1.92,3.45,1.92,3.64,6.9,5.75,0.57,2.87,1.92,9.77,2.11,0.77,1.15,7.28,2.68,2.49,1.72,0.57,0.38,9.77,5.56,0.19,4.02,6.51,3.64,7.85,1.53,2.3,"Guard"
"Youtube/380.mp3","Alize Johnson","alize johnson",2021-02-27,2021,"2020-12-22","2021-07-20",24.8514715947981,80,212,2018,2,50,"2018-10-20",2018,FALSE,"F",92,19,1,"Injury/Illness - Left Ankle; Sprain","ankle","sprain",720,21,399,16.66,75.57,98.76,88.66,11.4,9.27,95.99,83.96,59.9,22.06,18.55,9.77,2.76,5.51,0.25,3.51,9.52,3.76,1.75,13.53,8.77,6.27,8.52,1,27.32,4.26,3.76,5.76,3.51,2.01,0.5,22.31,0.5,12.53,6.02,1,2.51,1.5,1,1.5,4.76,4.76,0,0.5,0.5,12.03,2.01,0.75,1.5,10.28,0.75,3.51,2.51,0.75,3.26,18.3,12.78,3.01,9.02,3.76,7.02,3.26,2.26,3.76,"Forward"
"Youtube/4539.mp3","Alize Johnson","alize johnson",2021-02-27,2021,"2020-12-22","2021-07-20",24.8514715947981,80,212,2018,2,50,"2018-10-20",2018,FALSE,"F",92,19,1,"Injury/Illness - Left Ankle; Sprain","ankle","sprain",720,21,397,16.38,76.87,98.86,88.86,11.68,9.32,95.97,83.88,59.7,21.91,18.39,9.57,2.77,5.54,0.25,3.53,9.57,3.78,1.76,13.35,8.82,6.3,8.56,1.01,27.46,4.28,3.78,5.79,3.53,2.02,0.5,22.17,0.5,12.34,6.05,1.01,2.27,1.51,1.01,1.51,4.79,4.79,0,0.5,0.5,12.09,2.02,0.76,1.51,10.33,0.76,3.53,2.52,0.76,3.27,18.39,12.85,3.02,9.07,3.78,7.05,3.27,2.02,3.53,"Forward"
"Youtube/864.mp3","Alize Johnson","alize johnson",2021-02-27,2021,"2020-12-22","2021-07-20",24.8514715947981,80,212,2018,2,50,"2018-10-20",2018,FALSE,"F",92,19,1,"Injury/Illness - Left Ankle; Sprain","ankle","sprain",720,21,397,16.38,76.87,98.86,88.86,11.68,9.32,95.97,83.88,59.7,21.91,18.39,9.57,2.77,5.54,0.25,3.53,9.57,3.78,1.76,13.35,8.82,6.3,8.56,1.01,27.46,4.28,3.78,5.79,3.53,2.02,0.5,22.17,0.5,12.34,6.05,1.01,2.27,1.51,1.01,1.51,4.79,4.79,0,0.5,0.5,12.09,2.02,0.76,1.51,10.33,0.76,3.53,2.52,0.76,3.27,18.39,12.85,3.02,9.07,3.78,7.05,3.27,2.02,3.53,"Forward"
"Youtube/3921.mp3","Lonnie Walker IV","lonnie walker iv",2023-05-07,2023,"2022-10-18","2023-06-12",24.394250513347,76,205,2018,1,18,"2018-12-27",2018,FALSE,"G",209,24,1,"Injury/Illness - Left Hamstring; Strain","hamstring","strain",102,30,692,9.37,99,79.64,51.37,12.81,10.4,94.36,82.8,62.86,26.3,20.09,4.05,6.79,7.08,0.14,6.21,14.74,5.06,2.02,11.56,9.1,5.49,6.65,3.03,23.7,5.49,5.92,11.42,7.8,2.31,1.59,25.29,1.59,15.17,9.25,1.01,1.3,1.16,0.29,3.18,4.19,3.03,1.01,1.16,0.43,19.94,2.31,0.58,0.87,17.92,2.17,2.46,2.17,0.29,2.17,13.29,6.79,1.73,4.77,2.89,3.76,5.64,1.59,1.59,"Guard"
"Youtube/4067.mp3","Julius Randle","julius randle",2023-01-24,2023,"2022-10-18","2023-06-12",28.1533196440794,81,250,2014,1,7,"2014-10-29",2014,TRUE,"F",66,29,1,"Injury/Illness - Left Ankle; Sprained","ankle","sprain",668,151,523,8.57,77.53,67.69,87.19,10.25,8.6,93.31,82.41,61.57,20.84,15.3,5.16,2.1,2.87,2.68,5.54,12.81,6.69,0.57,9.75,8.22,11.28,9.37,1.34,21.22,6.31,4.02,6.5,2.87,2.1,1.91,27.34,1.34,13.77,4.4,2.29,1.34,0.57,2.87,2.68,4.59,4.59,0,0.76,0.76,13.77,3.06,0.96,0.96,10.9,2.87,2.87,0.57,1.53,1.72,13,8.03,1.91,5.54,4.78,5.74,4.21,0.96,2.1,"Forward"
"Youtube/4132.mp3","Chuma Okeke","chuma okeke",2021-02-02,2021,"2020-12-22","2021-07-20",22.4613278576318,79,229,2019,1,16,"2020-12-24",2020,FALSE,"F",87,39,1,"Injury/Illness - Left Ankle; Sprained","ankle","sprain",2,0,649,10.9,54.76,98.61,94.64,12.73,9.09,96.15,80.43,62.4,20.34,15.56,8.47,1.08,5.08,0.77,4.78,12.63,4.62,0.77,11.86,9.09,9.55,8.78,1.54,22.03,4.62,4.31,5.55,2.31,2.16,1.08,25.73,2.31,13.1,6.63,1.54,2.77,1.54,0.46,2,7.55,6.63,0.92,3.08,2.77,10.79,2.77,1.08,0.31,8.32,0.77,5.08,2.16,1.69,1.23,16.8,12.02,2.93,8.01,5.24,4.01,4.62,2,1.23,"Forward"
"Youtube/4278.mp3","Seth Curry","seth curry",2022-03-08,2022,"2021-10-19","2022-06-16",31.5400410677618,73,185,NA,NA,NA,"2013-12-27",2013,FALSE,"G",15,3,1,"Injury/Illness - Left Ankle; Sprain","ankle","sprain",34,12,473,54.67,79.7,65.37,66.87,10.28,10.15,94.29,78.22,59.2,15.22,8.03,2.54,2.33,1.27,0.63,7.19,14.16,7.19,0.85,16.91,10.15,7.19,6.13,0.42,23.04,5.92,6.13,6.77,4.44,2.11,0.21,20.72,2.11,8.03,1.9,0.63,2.54,0.63,0.42,1.9,5.29,4.02,1.06,2.54,1.9,10.99,3.59,1.27,1.69,8.46,1.27,2.75,2.33,0.21,2.75,14.38,13.95,4.44,9.94,3.17,2.96,5.29,4.44,2.54,"Guard"
"Youtube/4791.mp3","Cason Wallace","cason wallace",2026-05-10,2026,"2025-10-21","2026-06-13",22.5051334702259,75,195,2023,1,10,"2023-10-26",2023,TRUE,"G",20,8,0,NA,NA,NA,199,83,986,21.7,94.8,59.7,51.47,13.51,9.23,91.78,80.22,64.2,20.18,14.4,2.13,2.94,2.94,2.94,5.78,17.34,8.52,1.62,12.78,11.16,7.1,8.01,1.72,20.49,6.19,6.29,6.29,3.85,1.32,1.12,25.86,0.71,11.56,4.16,0.41,1.93,1.22,1.22,2.74,3.04,2.54,0.51,0.51,0.3,14.71,1.83,0.61,0.71,13.18,3.85,2.23,1.22,0.61,1.42,8.62,10.85,2.03,8.52,5.27,5.17,6.59,0.61,0.81,"Guard"
"Youtube/5017.mp3","James Johnson","james johnson",2023-04-10,2023,"2022-10-18","2023-06-12",36.1341546885695,79,240,2009,1,16,"2009-10-30",2009,FALSE,"PF",801,27,0,NA,NA,NA,122,11,701,12.6,82.94,78.12,75.7,13.75,10.27,95.58,84.17,66.05,22.54,13.55,4.85,1.14,4.71,1.14,8.99,14.98,4.99,0.43,14.27,11.13,5.85,9.84,1.57,22.54,5.42,6.42,5.85,3,1.71,1.85,29.1,2.14,13.98,4.71,1.28,1.57,2.28,1,3.28,4.42,3.99,0.43,0.86,0.71,15.12,4.14,1.14,0.86,11.84,2.43,1.85,0.57,0.71,1.14,13.84,8.56,1.57,5.42,5.56,4.71,6.13,1.57,2.28,"Forward"
"Youtube/5812.mp3","James Johnson","james johnson",2023-04-10,2023,"2022-10-18","2023-06-12",36.1341546885695,79,240,2009,1,16,"2009-10-30",2009,FALSE,"PF",801,27,0,NA,NA,NA,122,11,701,13.05,82.94,78.12,75.7,13.75,10.27,95.58,84.17,66.05,22.54,13.55,4.85,1.14,4.71,1.14,8.99,14.98,4.99,0.43,14.41,10.98,5.85,9.84,1.57,22.4,5.42,6.42,5.85,3,1.71,1.85,28.96,2.14,13.98,4.71,1.28,1.57,2.28,1,3.28,4.42,3.99,0.43,0.86,0.71,15.12,4.14,1.14,0.86,11.84,2.43,1.85,0.57,0.71,1.14,13.84,8.56,1.57,5.42,5.56,4.71,5.99,1.57,2.28,"Forward"
"Youtube/751.mp3","James Johnson","james johnson",2023-04-10,2023,"2022-10-18","2023-06-12",36.1341546885695,79,240,2009,1,16,"2009-10-30",2009,FALSE,"PF",801,27,0,NA,NA,NA,122,11,704,12.37,84.4,77.6,75.5,14.37,10.23,95.6,84.09,66.05,22.73,13.78,4.83,1.14,4.97,1.14,8.95,15.06,4.97,0.43,14.2,11.08,5.82,9.8,1.56,22.44,5.4,6.39,5.82,2.98,1.7,1.85,28.98,2.13,13.92,4.69,1.28,1.56,2.27,0.99,3.27,4.4,3.98,0.43,0.85,0.71,15.2,4.12,1.14,0.85,11.93,2.27,1.85,0.57,0.71,1.14,13.78,8.81,1.56,5.4,5.54,4.69,6.11,1.56,2.27,"Forward"
"Youtube/505.mp3","Robert Williams III","robert williams iii",2026-04-17,2026,"2025-10-21","2026-06-13",28.498288843258,81,249,2018,1,27,"2018-10-20",2018,TRUE,"C",11,5,0,NA,NA,NA,381,60,554,40.13,77.46,77.06,50.73,13.51,10.29,95.49,80.32,60.47,18.23,12.45,4.51,3.25,3.07,0.9,5.78,15.88,8.48,1.81,13.18,8.48,7.04,5.96,1.81,21.48,5.96,7.22,7.4,4.69,2.35,0.36,26.9,1.08,14.8,5.6,0.9,2.17,3.25,0.36,3.79,3.79,2.89,0.9,1.44,0.72,12.64,2.53,0.54,1.08,10.47,2.53,4.69,2.35,1.81,0.9,12.09,8.84,2.17,5.23,3.79,2.35,7.04,2.35,2.17,"Center"
"Youtube/6057.mp3","Robert Williams III","robert williams iii",2026-04-17,2026,"2025-10-21","2026-06-13",28.498288843258,81,249,2018,1,27,"2018-10-20",2018,TRUE,"C",11,5,0,NA,NA,NA,381,60,556,39.28,77.35,76.62,50.61,13.24,10.25,95.5,80.4,60.61,18.17,12.41,4.5,3.24,3.06,0.9,5.76,15.83,8.45,1.8,13.13,8.63,7.19,5.94,1.8,21.58,5.94,7.19,7.37,4.68,2.34,0.36,27.16,1.08,14.93,5.58,0.9,2.16,3.42,0.36,3.78,3.78,2.88,0.9,1.44,0.72,12.59,2.52,0.54,1.08,10.43,2.52,4.68,2.34,1.8,0.9,12.05,8.81,2.16,5.22,3.78,2.34,7.19,2.34,2.16,"Center"
"Youtube/5533.mp3","Killian Hayes","killian hayes",2022-12-07,2023,"2022-10-18","2023-06-12",21.3634496919918,76,195,2020,1,7,"2020-12-24",2020,FALSE,"G",47,18,1,"Injury/Illness - Left Shoulder; Contusion","shoulder","contusion",263,37,462,80.09,69.08,47.31,53.8,7.33,10.39,88.1,74.24,57.36,11.26,6.28,0.22,0.43,1.95,1.52,4.98,17.97,10.39,5.19,16.67,9.09,4.98,5.84,1.3,17.75,7.14,8.66,4.33,0.87,1.3,2.38,20.35,0.43,6.28,0.22,0.65,0.65,1.08,0.22,3.9,4.11,3.03,0.87,0.87,0.65,9.74,1.95,0.22,0.65,8.23,3.03,2.81,1.73,0.65,4.33,9.09,11.47,1.95,8.66,5.63,2.81,7.58,1.3,1.3,"Guard"
"Youtube/98.mp3","LaMelo Ball","lamelo ball",2024-11-23,2025,"2024-10-22","2025-06-22",23.2553045859001,79,180,2020,1,3,"2020-12-24",2020,TRUE,"G",7,2,1,"Injury/Illness - Left Calf; Strain","calf","strain",223,15,384,86.81,49.35,70.54,39.16,5.82,11.98,84.11,71.88,51.82,9.11,4.43,0.52,0.52,0.52,0.52,4.69,20.83,8.59,7.29,14.32,4.43,4.69,4.43,2.08,13.8,9.9,10.42,2.86,1.04,0.78,1.04,15.36,2.08,5.73,0.52,1.04,0.52,2.34,0.26,2.34,6.25,3.65,2.34,1.3,0.52,6.25,0.78,0,0.26,5.47,3.13,2.6,1.3,0.52,3.39,10.94,17.71,4.43,11.98,4.17,4.17,3.65,0.78,2.34,"Guard"
